id,snapshot_id,period,period_type,year,month,segment,component_name,category,actual,target
cm_2022_mpo_tad_upah_gaji_tunjangan_pendapatan,snapshot_istantoro_2022_mar_2026,2022,annual,2022,,MPO - TAD,"Upah, Gaji & Tunjangan",pendapatan,2280704053085.0,2409317846763.0
cm_2022_mpo_tad_insentif_bonus_pendapatan,snapshot_istantoro_2022_mar_2026,2022,annual,2022,,MPO - TAD,Insentif & Bonus,pendapatan,14994710841.0,16728918018.0
cm_2022_mpo_tad_seragam_reliver_pendapatan,snapshot_istantoro_2022_mar_2026,2022,annual,2022,,MPO - TAD,Seragam & Reliver,pendapatan,32867264686.0,34224267316.0
cm_2022_mpo_tad_rekrutmen_pendidikan_pembinaan_hubungan_pendapatan,snapshot_istantoro_2022_mar_2026,2022,annual,2022,,MPO - TAD,"Rekrutmen, Pendidikan, Pembinaan & Hubungan",pendapatan,82650123.0,88655832.0
cm_2022_mpo_tad_pesangon_dplk_kompensasi_pendapatan,snapshot_istantoro_2022_mar_2026,2022,annual,2022,,MPO - TAD,"Pesangon, DPLK, Kompensasi",pendapatan,101440623540.0,111417061473.0
cm_2022_mpo_tad_thr_hari_keagamaan_pendapatan,snapshot_istantoro_2022_mar_2026,2022,annual,2022,,MPO - TAD,THR & Hari Keagamaan,pendapatan,121212648471.0,123335488714.0
cm_2022_mpo_tad_pengganti_sementara_pendapatan,snapshot_istantoro_2022_mar_2026,2022,annual,2022,,MPO - TAD,Pengganti Sementara,pendapatan,217735143834.0,228683490726.0
cm_2022_mpo_tad_tender_koreksi_lainnya_pendapatan,snapshot_istantoro_2022_mar_2026,2022,annual,2022,,MPO - TAD,"Tender, Koreksi & Lainnya",pendapatan,1486588.0,1624004.0
cm_2022_mpo_tad_management_fee_pendapatan,snapshot_istantoro_2022_mar_2026,2022,annual,2022,,MPO - TAD,Management Fee,pendapatan,228201036608.0,232057659069.0
cm_2022_mpo_tad_operasional_tenaga_kerja_pendapatan,snapshot_istantoro_2022_mar_2026,2022,annual,2022,,MPO - TAD,Operasional Tenaga Kerja,pendapatan,1353143758.0,1395104401.0
cm_2022_mpo_tad_medical_pengobatan_pendapatan,snapshot_istantoro_2022_mar_2026,2022,annual,2022,,MPO - TAD,Medical & Pengobatan,pendapatan,1566361233.0,1631713413.0
cm_2022_mpo_tad_rapel_pendapatan,snapshot_istantoro_2022_mar_2026,2022,annual,2022,,MPO - TAD,Rapel,pendapatan,3116866365.0,3212492835.0
cm_2022_mpo_tad_bahan_alat_pendapatan,snapshot_istantoro_2022_mar_2026,2022,annual,2022,,MPO - TAD,Bahan & Alat,pendapatan,751041564.0,816737562.0
cm_2023_mpo_tad_upah_gaji_tunjangan_pendapatan,snapshot_istantoro_2022_mar_2026,2023,annual,2023,,MPO - TAD,"Upah, Gaji & Tunjangan",pendapatan,2175547819405.0,2232887498889.0
cm_2023_mpo_tad_insentif_bonus_pendapatan,snapshot_istantoro_2022_mar_2026,2023,annual,2023,,MPO - TAD,Insentif & Bonus,pendapatan,82579468136.0,85262282238.0
cm_2023_mpo_tad_seragam_reliver_pendapatan,snapshot_istantoro_2022_mar_2026,2023,annual,2023,,MPO - TAD,Seragam & Reliver,pendapatan,39918589796.0,41396014793.0
cm_2023_mpo_tad_rekrutmen_pendidikan_pembinaan_hubungan_pendapatan,snapshot_istantoro_2022_mar_2026,2023,annual,2023,,MPO - TAD,"Rekrutmen, Pendidikan, Pembinaan & Hubungan",pendapatan,246298629.0,261417504.0
cm_2023_mpo_tad_pesangon_dplk_kompensasi_pendapatan,snapshot_istantoro_2022_mar_2026,2023,annual,2023,,MPO - TAD,"Pesangon, DPLK, Kompensasi",pendapatan,101586399948.0,102365746977.0
cm_2023_mpo_tad_thr_hari_keagamaan_pendapatan,snapshot_istantoro_2022_mar_2026,2023,annual,2023,,MPO - TAD,THR & Hari Keagamaan,pendapatan,129976180328.0,130636454454.0
cm_2023_mpo_tad_pengganti_sementara_pendapatan,snapshot_istantoro_2022_mar_2026,2023,annual,2023,,MPO - TAD,Pengganti Sementara,pendapatan,202162404691.0,223380154623.0
cm_2023_mpo_tad_tender_koreksi_lainnya_pendapatan,snapshot_istantoro_2022_mar_2026,2023,annual,2023,,MPO - TAD,"Tender, Koreksi & Lainnya",pendapatan,1511080.0,1577880.0
cm_2023_mpo_tad_management_fee_pendapatan,snapshot_istantoro_2022_mar_2026,2023,annual,2023,,MPO - TAD,Management Fee,pendapatan,217539488757.0,240332597939.0
cm_2023_mpo_tad_operasional_tenaga_kerja_pendapatan,snapshot_istantoro_2022_mar_2026,2023,annual,2023,,MPO - TAD,Operasional Tenaga Kerja,pendapatan,272940703.0,288738010.0
cm_2023_mpo_tad_medical_pengobatan_pendapatan,snapshot_istantoro_2022_mar_2026,2023,annual,2023,,MPO - TAD,Medical & Pengobatan,pendapatan,1439333688.0,1499857793.0
cm_2023_mpo_tad_rapel_pendapatan,snapshot_istantoro_2022_mar_2026,2023,annual,2023,,MPO - TAD,Rapel,pendapatan,5163029880.0,5484180182.0
cm_2023_mpo_tad_bahan_alat_pendapatan,snapshot_istantoro_2022_mar_2026,2023,annual,2023,,MPO - TAD,Bahan & Alat,pendapatan,5769404119.0,5688673243.0
cm_2024_mpo_tad_upah_gaji_tunjangan_pendapatan,snapshot_istantoro_2022_mar_2026,2024,annual,2024,,MPO - TAD,"Upah, Gaji & Tunjangan",pendapatan,2520897254956.0,2213122473185.0
cm_2024_mpo_tad_insentif_bonus_pendapatan,snapshot_istantoro_2022_mar_2026,2024,annual,2024,,MPO - TAD,Insentif & Bonus,pendapatan,89005014576.0,81343445964.0
cm_2024_mpo_tad_seragam_reliver_pendapatan,snapshot_istantoro_2022_mar_2026,2024,annual,2024,,MPO - TAD,Seragam & Reliver,pendapatan,40454716864.0,39322414735.0
cm_2024_mpo_tad_rekrutmen_pendidikan_pembinaan_hubungan_pendapatan,snapshot_istantoro_2022_mar_2026,2024,annual,2024,,MPO - TAD,"Rekrutmen, Pendidikan, Pembinaan & Hubungan",pendapatan,460681017.0,437672792.0
cm_2024_mpo_tad_pesangon_dplk_kompensasi_pendapatan,snapshot_istantoro_2022_mar_2026,2024,annual,2024,,MPO - TAD,"Pesangon, DPLK, Kompensasi",pendapatan,108187090698.0,101182968132.0
cm_2024_mpo_tad_thr_hari_keagamaan_pendapatan,snapshot_istantoro_2022_mar_2026,2024,annual,2024,,MPO - TAD,THR & Hari Keagamaan,pendapatan,136883638494.0,120672589287.0
cm_2024_mpo_tad_pengganti_sementara_pendapatan,snapshot_istantoro_2022_mar_2026,2024,annual,2024,,MPO - TAD,Pengganti Sementara,pendapatan,234422370717.0,213676093075.0
cm_2024_mpo_tad_tender_koreksi_lainnya_pendapatan,snapshot_istantoro_2022_mar_2026,2024,annual,2024,,MPO - TAD,"Tender, Koreksi & Lainnya",pendapatan,833146.0,767026.0
cm_2024_mpo_tad_management_fee_pendapatan,snapshot_istantoro_2022_mar_2026,2024,annual,2024,,MPO - TAD,Management Fee,pendapatan,257555614063.0,228144119132.0
cm_2024_mpo_tad_operasional_tenaga_kerja_pendapatan,snapshot_istantoro_2022_mar_2026,2024,annual,2024,,MPO - TAD,Operasional Tenaga Kerja,pendapatan,158475450.0,146207890.0
cm_2024_mpo_tad_medical_pengobatan_pendapatan,snapshot_istantoro_2022_mar_2026,2024,annual,2024,,MPO - TAD,Medical & Pengobatan,pendapatan,1686077664.0,1508995364.0
cm_2024_mpo_tad_rapel_pendapatan,snapshot_istantoro_2022_mar_2026,2024,annual,2024,,MPO - TAD,Rapel,pendapatan,5996418321.0,5881191976.0
cm_2024_mpo_tad_bahan_alat_pendapatan,snapshot_istantoro_2022_mar_2026,2024,annual,2024,,MPO - TAD,Bahan & Alat,pendapatan,21119970328.0,18620018927.0
cm_2025_mpo_tad_upah_gaji_tunjangan_pendapatan,snapshot_istantoro_2022_mar_2026,2025,annual,2025,,MPO - TAD,"Upah, Gaji & Tunjangan",pendapatan,2465575874067.0,2580941573504.0
cm_2025_mpo_tad_insentif_bonus_pendapatan,snapshot_istantoro_2022_mar_2026,2025,annual,2025,,MPO - TAD,Insentif & Bonus,pendapatan,124413053504.0,128258555434.0
cm_2025_mpo_tad_seragam_reliver_pendapatan,snapshot_istantoro_2022_mar_2026,2025,annual,2025,,MPO - TAD,Seragam & Reliver,pendapatan,36820020106.0,39839823977.0
cm_2025_mpo_tad_rekrutmen_pendidikan_pembinaan_hubungan_pendapatan,snapshot_istantoro_2022_mar_2026,2025,annual,2025,,MPO - TAD,"Rekrutmen, Pendidikan, Pembinaan & Hubungan",pendapatan,140408658.0,145874983.0
cm_2025_mpo_tad_pesangon_dplk_kompensasi_pendapatan,snapshot_istantoro_2022_mar_2026,2025,annual,2025,,MPO - TAD,"Pesangon, DPLK, Kompensasi",pendapatan,118011210779.0,124043552625.0
cm_2025_mpo_tad_thr_hari_keagamaan_pendapatan,snapshot_istantoro_2022_mar_2026,2025,annual,2025,,MPO - TAD,THR & Hari Keagamaan,pendapatan,127264182228.0,140051224827.0
cm_2025_mpo_tad_pengganti_sementara_pendapatan,snapshot_istantoro_2022_mar_2026,2025,annual,2025,,MPO - TAD,Pengganti Sementara,pendapatan,251177721024.0,262068968580.0
cm_2025_mpo_tad_tender_koreksi_lainnya_pendapatan,snapshot_istantoro_2022_mar_2026,2025,annual,2025,,MPO - TAD,"Tender, Koreksi & Lainnya",pendapatan,0.0,0.0
cm_2025_mpo_tad_management_fee_pendapatan,snapshot_istantoro_2022_mar_2026,2025,annual,2025,,MPO - TAD,Management Fee,pendapatan,218946915366.0,229465754050.0
cm_2025_mpo_tad_operasional_tenaga_kerja_pendapatan,snapshot_istantoro_2022_mar_2026,2025,annual,2025,,MPO - TAD,Operasional Tenaga Kerja,pendapatan,270478158.0,299869511.0
cm_2025_mpo_tad_medical_pengobatan_pendapatan,snapshot_istantoro_2022_mar_2026,2025,annual,2025,,MPO - TAD,Medical & Pengobatan,pendapatan,1147596996.0,1257714675.0
cm_2025_mpo_tad_rapel_pendapatan,snapshot_istantoro_2022_mar_2026,2025,annual,2025,,MPO - TAD,Rapel,pendapatan,7935705520.0,8563052335.0
cm_2025_mpo_tad_bahan_alat_pendapatan,snapshot_istantoro_2022_mar_2026,2025,annual,2025,,MPO - TAD,Bahan & Alat,pendapatan,16041783940.0,18023797338.0
cm_2025_01_mpo_tad_upah_gaji_tunjangan_pendapatan,snapshot_istantoro_2022_mar_2026,2025-01,monthly,2025,1.0,MPO - TAD,"Upah, Gaji & Tunjangan",pendapatan,210664771907.0,234869699598.0
cm_2025_01_mpo_tad_insentif_bonus_pendapatan,snapshot_istantoro_2022_mar_2026,2025-01,monthly,2025,1.0,MPO - TAD,Insentif & Bonus,pendapatan,800241497.0,879831354.0
cm_2025_01_mpo_tad_seragam_reliver_pendapatan,snapshot_istantoro_2022_mar_2026,2025-01,monthly,2025,1.0,MPO - TAD,Seragam & Reliver,pendapatan,3020093050.0,3358567526.0
cm_2025_01_mpo_tad_rekrutmen_pendidikan_pembinaan_hubungan_pendapatan,snapshot_istantoro_2022_mar_2026,2025-01,monthly,2025,1.0,MPO - TAD,"Rekrutmen, Pendidikan, Pembinaan & Hubungan",pendapatan,12504766.0,14277744.0
cm_2025_01_mpo_tad_pesangon_dplk_kompensasi_pendapatan,snapshot_istantoro_2022_mar_2026,2025-01,monthly,2025,1.0,MPO - TAD,"Pesangon, DPLK, Kompensasi",pendapatan,16866237500.0,18200211444.0
cm_2025_01_mpo_tad_thr_hari_keagamaan_pendapatan,snapshot_istantoro_2022_mar_2026,2025-01,monthly,2025,1.0,MPO - TAD,THR & Hari Keagamaan,pendapatan,3042591252.0,3229730485.0
cm_2025_01_mpo_tad_pengganti_sementara_pendapatan,snapshot_istantoro_2022_mar_2026,2025-01,monthly,2025,1.0,MPO - TAD,Pengganti Sementara,pendapatan,20292542367.0,22018138878.0
cm_2025_01_mpo_tad_tender_koreksi_lainnya_pendapatan,snapshot_istantoro_2022_mar_2026,2025-01,monthly,2025,1.0,MPO - TAD,"Tender, Koreksi & Lainnya",pendapatan,0.0,0.0
cm_2025_01_mpo_tad_management_fee_pendapatan,snapshot_istantoro_2022_mar_2026,2025-01,monthly,2025,1.0,MPO - TAD,Management Fee,pendapatan,18637254289.0,20000002279.0
cm_2025_01_mpo_tad_operasional_tenaga_kerja_pendapatan,snapshot_istantoro_2022_mar_2026,2025-01,monthly,2025,1.0,MPO - TAD,Operasional Tenaga Kerja,pendapatan,139846.0,156628.0
cm_2025_01_mpo_tad_medical_pengobatan_pendapatan,snapshot_istantoro_2022_mar_2026,2025-01,monthly,2025,1.0,MPO - TAD,Medical & Pengobatan,pendapatan,116282521.0,121907359.0
cm_2025_01_mpo_tad_rapel_pendapatan,snapshot_istantoro_2022_mar_2026,2025-01,monthly,2025,1.0,MPO - TAD,Rapel,pendapatan,444569090.0,527024925.0
cm_2025_01_mpo_tad_bahan_alat_pendapatan,snapshot_istantoro_2022_mar_2026,2025-01,monthly,2025,1.0,MPO - TAD,Bahan & Alat,pendapatan,1707250257.0,1988432074.0
cm_2025_02_mpo_tad_upah_gaji_tunjangan_pendapatan,snapshot_istantoro_2022_mar_2026,2025-02,monthly,2025,2.0,MPO - TAD,"Upah, Gaji & Tunjangan",pendapatan,213558547562.0,243492835159.0
cm_2025_02_mpo_tad_insentif_bonus_pendapatan,snapshot_istantoro_2022_mar_2026,2025-02,monthly,2025,2.0,MPO - TAD,Insentif & Bonus,pendapatan,695161581.0,754622927.0
cm_2025_02_mpo_tad_seragam_reliver_pendapatan,snapshot_istantoro_2022_mar_2026,2025-02,monthly,2025,2.0,MPO - TAD,Seragam & Reliver,pendapatan,3222878746.0,3425526813.0
cm_2025_02_mpo_tad_rekrutmen_pendidikan_pembinaan_hubungan_pendapatan,snapshot_istantoro_2022_mar_2026,2025-02,monthly,2025,2.0,MPO - TAD,"Rekrutmen, Pendidikan, Pembinaan & Hubungan",pendapatan,13969156.0,14688864.0
cm_2025_02_mpo_tad_pesangon_dplk_kompensasi_pendapatan,snapshot_istantoro_2022_mar_2026,2025-02,monthly,2025,2.0,MPO - TAD,"Pesangon, DPLK, Kompensasi",pendapatan,8457614110.0,9629246548.0
cm_2025_02_mpo_tad_thr_hari_keagamaan_pendapatan,snapshot_istantoro_2022_mar_2026,2025-02,monthly,2025,2.0,MPO - TAD,THR & Hari Keagamaan,pendapatan,3170120971.0,3609933193.0
cm_2025_02_mpo_tad_pengganti_sementara_pendapatan,snapshot_istantoro_2022_mar_2026,2025-02,monthly,2025,2.0,MPO - TAD,Pengganti Sementara,pendapatan,19919071238.0,21452087091.0
cm_2025_02_mpo_tad_tender_koreksi_lainnya_pendapatan,snapshot_istantoro_2022_mar_2026,2025-02,monthly,2025,2.0,MPO - TAD,"Tender, Koreksi & Lainnya",pendapatan,0.0,0.0
cm_2025_02_mpo_tad_management_fee_pendapatan,snapshot_istantoro_2022_mar_2026,2025-02,monthly,2025,2.0,MPO - TAD,Management Fee,pendapatan,18456411520.0,20199366977.0
cm_2025_02_mpo_tad_operasional_tenaga_kerja_pendapatan,snapshot_istantoro_2022_mar_2026,2025-02,monthly,2025,2.0,MPO - TAD,Operasional Tenaga Kerja,pendapatan,560541.0,624807.0
cm_2025_02_mpo_tad_medical_pengobatan_pendapatan,snapshot_istantoro_2022_mar_2026,2025-02,monthly,2025,2.0,MPO - TAD,Medical & Pengobatan,pendapatan,111917126.0,128976268.0
cm_2025_02_mpo_tad_rapel_pendapatan,snapshot_istantoro_2022_mar_2026,2025-02,monthly,2025,2.0,MPO - TAD,Rapel,pendapatan,871461742.0,922521034.0
cm_2025_02_mpo_tad_bahan_alat_pendapatan,snapshot_istantoro_2022_mar_2026,2025-02,monthly,2025,2.0,MPO - TAD,Bahan & Alat,pendapatan,1743778688.0,1924263178.0
cm_2025_03_mpo_tad_upah_gaji_tunjangan_pendapatan,snapshot_istantoro_2022_mar_2026,2025-03,monthly,2025,3.0,MPO - TAD,"Upah, Gaji & Tunjangan",pendapatan,196225381407.0,148705307937.0
cm_2025_03_mpo_tad_insentif_bonus_pendapatan,snapshot_istantoro_2022_mar_2026,2025-03,monthly,2025,3.0,MPO - TAD,Insentif & Bonus,pendapatan,67270375003.0,51527411858.0
cm_2025_03_mpo_tad_seragam_reliver_pendapatan,snapshot_istantoro_2022_mar_2026,2025-03,monthly,2025,3.0,MPO - TAD,Seragam & Reliver,pendapatan,3246594933.0,2320693699.0
cm_2025_03_mpo_tad_rekrutmen_pendidikan_pembinaan_hubungan_pendapatan,snapshot_istantoro_2022_mar_2026,2025-03,monthly,2025,3.0,MPO - TAD,"Rekrutmen, Pendidikan, Pembinaan & Hubungan",pendapatan,1631861.0,1137522.0
cm_2025_03_mpo_tad_pesangon_dplk_kompensasi_pendapatan,snapshot_istantoro_2022_mar_2026,2025-03,monthly,2025,3.0,MPO - TAD,"Pesangon, DPLK, Kompensasi",pendapatan,8550547083.0,6194407983.0
cm_2025_03_mpo_tad_thr_hari_keagamaan_pendapatan,snapshot_istantoro_2022_mar_2026,2025-03,monthly,2025,3.0,MPO - TAD,THR & Hari Keagamaan,pendapatan,101496109847.0,71611049551.0
cm_2025_03_mpo_tad_pengganti_sementara_pendapatan,snapshot_istantoro_2022_mar_2026,2025-03,monthly,2025,3.0,MPO - TAD,Pengganti Sementara,pendapatan,16121160585.0,11631690305.0
cm_2025_03_mpo_tad_tender_koreksi_lainnya_pendapatan,snapshot_istantoro_2022_mar_2026,2025-03,monthly,2025,3.0,MPO - TAD,"Tender, Koreksi & Lainnya",pendapatan,0.0,0.0
cm_2025_03_mpo_tad_management_fee_pendapatan,snapshot_istantoro_2022_mar_2026,2025-03,monthly,2025,3.0,MPO - TAD,Management Fee,pendapatan,19020609281.0,13916825386.0
cm_2025_03_mpo_tad_operasional_tenaga_kerja_pendapatan,snapshot_istantoro_2022_mar_2026,2025-03,monthly,2025,3.0,MPO - TAD,Operasional Tenaga Kerja,pendapatan,1180391.0,820899.0
cm_2025_03_mpo_tad_medical_pengobatan_pendapatan,snapshot_istantoro_2022_mar_2026,2025-03,monthly,2025,3.0,MPO - TAD,Medical & Pengobatan,pendapatan,144389186.0,105194673.0
cm_2025_03_mpo_tad_rapel_pendapatan,snapshot_istantoro_2022_mar_2026,2025-03,monthly,2025,3.0,MPO - TAD,Rapel,pendapatan,1211757872.0,882676318.0
cm_2025_03_mpo_tad_bahan_alat_pendapatan,snapshot_istantoro_2022_mar_2026,2025-03,monthly,2025,3.0,MPO - TAD,Bahan & Alat,pendapatan,1315117694.0,942494084.0
cm_2025_04_mpo_tad_upah_gaji_tunjangan_pendapatan,snapshot_istantoro_2022_mar_2026,2025-04,monthly,2025,4.0,MPO - TAD,"Upah, Gaji & Tunjangan",pendapatan,192881869066.0,232256111724.0
cm_2025_04_mpo_tad_insentif_bonus_pendapatan,snapshot_istantoro_2022_mar_2026,2025-04,monthly,2025,4.0,MPO - TAD,Insentif & Bonus,pendapatan,4260115812.0,4706848702.0
cm_2025_04_mpo_tad_seragam_reliver_pendapatan,snapshot_istantoro_2022_mar_2026,2025-04,monthly,2025,4.0,MPO - TAD,Seragam & Reliver,pendapatan,2934491816.0,3507059026.0
cm_2025_04_mpo_tad_rekrutmen_pendidikan_pembinaan_hubungan_pendapatan,snapshot_istantoro_2022_mar_2026,2025-04,monthly,2025,4.0,MPO - TAD,"Rekrutmen, Pendidikan, Pembinaan & Hubungan",pendapatan,2521037.0,2840982.0
cm_2025_04_mpo_tad_pesangon_dplk_kompensasi_pendapatan,snapshot_istantoro_2022_mar_2026,2025-04,monthly,2025,4.0,MPO - TAD,"Pesangon, DPLK, Kompensasi",pendapatan,7553735464.0,9138994914.0
cm_2025_04_mpo_tad_thr_hari_keagamaan_pendapatan,snapshot_istantoro_2022_mar_2026,2025-04,monthly,2025,4.0,MPO - TAD,THR & Hari Keagamaan,pendapatan,2870938305.0,3582987964.0
cm_2025_04_mpo_tad_pengganti_sementara_pendapatan,snapshot_istantoro_2022_mar_2026,2025-04,monthly,2025,4.0,MPO - TAD,Pengganti Sementara,pendapatan,17860256203.0,22850349528.0
cm_2025_04_mpo_tad_tender_koreksi_lainnya_pendapatan,snapshot_istantoro_2022_mar_2026,2025-04,monthly,2025,4.0,MPO - TAD,"Tender, Koreksi & Lainnya",pendapatan,0.0,0.0
cm_2025_04_mpo_tad_management_fee_pendapatan,snapshot_istantoro_2022_mar_2026,2025-04,monthly,2025,4.0,MPO - TAD,Management Fee,pendapatan,17572348511.0,20182406455.0
cm_2025_04_mpo_tad_operasional_tenaga_kerja_pendapatan,snapshot_istantoro_2022_mar_2026,2025-04,monthly,2025,4.0,MPO - TAD,Operasional Tenaga Kerja,pendapatan,641180.0,766197.0
cm_2025_04_mpo_tad_medical_pengobatan_pendapatan,snapshot_istantoro_2022_mar_2026,2025-04,monthly,2025,4.0,MPO - TAD,Medical & Pengobatan,pendapatan,94770555.0,111456825.0
cm_2025_04_mpo_tad_rapel_pendapatan,snapshot_istantoro_2022_mar_2026,2025-04,monthly,2025,4.0,MPO - TAD,Rapel,pendapatan,793759677.0,920938839.0
cm_2025_04_mpo_tad_bahan_alat_pendapatan,snapshot_istantoro_2022_mar_2026,2025-04,monthly,2025,4.0,MPO - TAD,Bahan & Alat,pendapatan,1384429068.0,1533177824.0
cm_2025_05_mpo_tad_upah_gaji_tunjangan_pendapatan,snapshot_istantoro_2022_mar_2026,2025-05,monthly,2025,5.0,MPO - TAD,"Upah, Gaji & Tunjangan",pendapatan,195049968531.0,233947110595.0
cm_2025_05_mpo_tad_insentif_bonus_pendapatan,snapshot_istantoro_2022_mar_2026,2025-05,monthly,2025,5.0,MPO - TAD,Insentif & Bonus,pendapatan,882729543.0,1015202117.0
cm_2025_05_mpo_tad_seragam_reliver_pendapatan,snapshot_istantoro_2022_mar_2026,2025-05,monthly,2025,5.0,MPO - TAD,Seragam & Reliver,pendapatan,3411662701.0,3853754183.0
cm_2025_05_mpo_tad_rekrutmen_pendidikan_pembinaan_hubungan_pendapatan,snapshot_istantoro_2022_mar_2026,2025-05,monthly,2025,5.0,MPO - TAD,"Rekrutmen, Pendidikan, Pembinaan & Hubungan",pendapatan,4844264.0,5749356.0
cm_2025_05_mpo_tad_pesangon_dplk_kompensasi_pendapatan,snapshot_istantoro_2022_mar_2026,2025-05,monthly,2025,5.0,MPO - TAD,"Pesangon, DPLK, Kompensasi",pendapatan,7413761117.0,8470293391.0
cm_2025_05_mpo_tad_thr_hari_keagamaan_pendapatan,snapshot_istantoro_2022_mar_2026,2025-05,monthly,2025,5.0,MPO - TAD,THR & Hari Keagamaan,pendapatan,2845561093.0,3288431073.0
cm_2025_05_mpo_tad_pengganti_sementara_pendapatan,snapshot_istantoro_2022_mar_2026,2025-05,monthly,2025,5.0,MPO - TAD,Pengganti Sementara,pendapatan,19403385873.0,22374325636.0
cm_2025_05_mpo_tad_tender_koreksi_lainnya_pendapatan,snapshot_istantoro_2022_mar_2026,2025-05,monthly,2025,5.0,MPO - TAD,"Tender, Koreksi & Lainnya",pendapatan,0.0,0.0
cm_2025_05_mpo_tad_management_fee_pendapatan,snapshot_istantoro_2022_mar_2026,2025-05,monthly,2025,5.0,MPO - TAD,Management Fee,pendapatan,16560258949.0,20351635215.0
cm_2025_05_mpo_tad_operasional_tenaga_kerja_pendapatan,snapshot_istantoro_2022_mar_2026,2025-05,monthly,2025,5.0,MPO - TAD,Operasional Tenaga Kerja,pendapatan,3606797.0,4529857.0
cm_2025_05_mpo_tad_medical_pengobatan_pendapatan,snapshot_istantoro_2022_mar_2026,2025-05,monthly,2025,5.0,MPO - TAD,Medical & Pengobatan,pendapatan,93120224.0,107549698.0
cm_2025_05_mpo_tad_rapel_pendapatan,snapshot_istantoro_2022_mar_2026,2025-05,monthly,2025,5.0,MPO - TAD,Rapel,pendapatan,644504602.0,766878563.0
cm_2025_05_mpo_tad_bahan_alat_pendapatan,snapshot_istantoro_2022_mar_2026,2025-05,monthly,2025,5.0,MPO - TAD,Bahan & Alat,pendapatan,1367441175.0,1582028738.0
cm_2025_06_mpo_tad_upah_gaji_tunjangan_pendapatan,snapshot_istantoro_2022_mar_2026,2025-06,monthly,2025,6.0,MPO - TAD,"Upah, Gaji & Tunjangan",pendapatan,203843740867.0,240525313112.0
cm_2025_06_mpo_tad_insentif_bonus_pendapatan,snapshot_istantoro_2022_mar_2026,2025-06,monthly,2025,6.0,MPO - TAD,Insentif & Bonus,pendapatan,1439976599.0,1754463527.0
cm_2025_06_mpo_tad_seragam_reliver_pendapatan,snapshot_istantoro_2022_mar_2026,2025-06,monthly,2025,6.0,MPO - TAD,Seragam & Reliver,pendapatan,2902066353.0,3520419927.0
cm_2025_06_mpo_tad_rekrutmen_pendidikan_pembinaan_hubungan_pendapatan,snapshot_istantoro_2022_mar_2026,2025-06,monthly,2025,6.0,MPO - TAD,"Rekrutmen, Pendidikan, Pembinaan & Hubungan",pendapatan,1735117.0,1906584.0
cm_2025_06_mpo_tad_pesangon_dplk_kompensasi_pendapatan,snapshot_istantoro_2022_mar_2026,2025-06,monthly,2025,6.0,MPO - TAD,"Pesangon, DPLK, Kompensasi",pendapatan,9560957103.0,10743468397.0
cm_2025_06_mpo_tad_thr_hari_keagamaan_pendapatan,snapshot_istantoro_2022_mar_2026,2025-06,monthly,2025,6.0,MPO - TAD,THR & Hari Keagamaan,pendapatan,2311979193.0,2693268520.0
cm_2025_06_mpo_tad_pengganti_sementara_pendapatan,snapshot_istantoro_2022_mar_2026,2025-06,monthly,2025,6.0,MPO - TAD,Pengganti Sementara,pendapatan,21486701861.0,24970344703.0
cm_2025_06_mpo_tad_tender_koreksi_lainnya_pendapatan,snapshot_istantoro_2022_mar_2026,2025-06,monthly,2025,6.0,MPO - TAD,"Tender, Koreksi & Lainnya",pendapatan,0.0,0.0
cm_2025_06_mpo_tad_management_fee_pendapatan,snapshot_istantoro_2022_mar_2026,2025-06,monthly,2025,6.0,MPO - TAD,Management Fee,pendapatan,16776995499.0,20062925758.0
cm_2025_06_mpo_tad_operasional_tenaga_kerja_pendapatan,snapshot_istantoro_2022_mar_2026,2025-06,monthly,2025,6.0,MPO - TAD,Operasional Tenaga Kerja,pendapatan,747506.0,847555.0
cm_2025_06_mpo_tad_medical_pengobatan_pendapatan,snapshot_istantoro_2022_mar_2026,2025-06,monthly,2025,6.0,MPO - TAD,Medical & Pengobatan,pendapatan,100728481.0,121299591.0
cm_2025_06_mpo_tad_rapel_pendapatan,snapshot_istantoro_2022_mar_2026,2025-06,monthly,2025,6.0,MPO - TAD,Rapel,pendapatan,601445910.0,687541028.0
cm_2025_06_mpo_tad_bahan_alat_pendapatan,snapshot_istantoro_2022_mar_2026,2025-06,monthly,2025,6.0,MPO - TAD,Bahan & Alat,pendapatan,1316541064.0,1581000695.0
cm_2025_07_mpo_tad_upah_gaji_tunjangan_pendapatan,snapshot_istantoro_2022_mar_2026,2025-07,monthly,2025,7.0,MPO - TAD,"Upah, Gaji & Tunjangan",pendapatan,196845539043.0,233436154870.0
cm_2025_07_mpo_tad_insentif_bonus_pendapatan,snapshot_istantoro_2022_mar_2026,2025-07,monthly,2025,7.0,MPO - TAD,Insentif & Bonus,pendapatan,661050810.0,839268794.0
cm_2025_07_mpo_tad_seragam_reliver_pendapatan,snapshot_istantoro_2022_mar_2026,2025-07,monthly,2025,7.0,MPO - TAD,Seragam & Reliver,pendapatan,2942560225.0,3619771386.0
cm_2025_07_mpo_tad_rekrutmen_pendidikan_pembinaan_hubungan_pendapatan,snapshot_istantoro_2022_mar_2026,2025-07,monthly,2025,7.0,MPO - TAD,"Rekrutmen, Pendidikan, Pembinaan & Hubungan",pendapatan,62730650.0,74303087.0
cm_2025_07_mpo_tad_pesangon_dplk_kompensasi_pendapatan,snapshot_istantoro_2022_mar_2026,2025-07,monthly,2025,7.0,MPO - TAD,"Pesangon, DPLK, Kompensasi",pendapatan,7195653002.0,8445326525.0
cm_2025_07_mpo_tad_thr_hari_keagamaan_pendapatan,snapshot_istantoro_2022_mar_2026,2025-07,monthly,2025,7.0,MPO - TAD,THR & Hari Keagamaan,pendapatan,2372720134.0,2778183563.0
cm_2025_07_mpo_tad_pengganti_sementara_pendapatan,snapshot_istantoro_2022_mar_2026,2025-07,monthly,2025,7.0,MPO - TAD,Pengganti Sementara,pendapatan,21781033894.0,26446223492.0
cm_2025_07_mpo_tad_tender_koreksi_lainnya_pendapatan,snapshot_istantoro_2022_mar_2026,2025-07,monthly,2025,7.0,MPO - TAD,"Tender, Koreksi & Lainnya",pendapatan,0.0,0.0
cm_2025_07_mpo_tad_management_fee_pendapatan,snapshot_istantoro_2022_mar_2026,2025-07,monthly,2025,7.0,MPO - TAD,Management Fee,pendapatan,17553634819.0,20964787263.0
cm_2025_07_mpo_tad_operasional_tenaga_kerja_pendapatan,snapshot_istantoro_2022_mar_2026,2025-07,monthly,2025,7.0,MPO - TAD,Operasional Tenaga Kerja,pendapatan,27511283.0,30981119.0
cm_2025_07_mpo_tad_medical_pengobatan_pendapatan,snapshot_istantoro_2022_mar_2026,2025-07,monthly,2025,7.0,MPO - TAD,Medical & Pengobatan,pendapatan,106994213.0,126015203.0
cm_2025_07_mpo_tad_rapel_pendapatan,snapshot_istantoro_2022_mar_2026,2025-07,monthly,2025,7.0,MPO - TAD,Rapel,pendapatan,131138413.0,164432769.0
cm_2025_07_mpo_tad_bahan_alat_pendapatan,snapshot_istantoro_2022_mar_2026,2025-07,monthly,2025,7.0,MPO - TAD,Bahan & Alat,pendapatan,1309921091.0,1547041733.0
cm_2025_08_mpo_tad_upah_gaji_tunjangan_pendapatan,snapshot_istantoro_2022_mar_2026,2025-08,monthly,2025,8.0,MPO - TAD,"Upah, Gaji & Tunjangan",pendapatan,185380891585.0,236786593226.0
cm_2025_08_mpo_tad_insentif_bonus_pendapatan,snapshot_istantoro_2022_mar_2026,2025-08,monthly,2025,8.0,MPO - TAD,Insentif & Bonus,pendapatan,749478409.0,932906053.0
cm_2025_08_mpo_tad_seragam_reliver_pendapatan,snapshot_istantoro_2022_mar_2026,2025-08,monthly,2025,8.0,MPO - TAD,Seragam & Reliver,pendapatan,3142908794.0,3699682590.0
cm_2025_08_mpo_tad_rekrutmen_pendidikan_pembinaan_hubungan_pendapatan,snapshot_istantoro_2022_mar_2026,2025-08,monthly,2025,8.0,MPO - TAD,"Rekrutmen, Pendidikan, Pembinaan & Hubungan",pendapatan,11565652.0,14663137.0
cm_2025_08_mpo_tad_pesangon_dplk_kompensasi_pendapatan,snapshot_istantoro_2022_mar_2026,2025-08,monthly,2025,8.0,MPO - TAD,"Pesangon, DPLK, Kompensasi",pendapatan,7220524601.0,8684733388.0
cm_2025_08_mpo_tad_thr_hari_keagamaan_pendapatan,snapshot_istantoro_2022_mar_2026,2025-08,monthly,2025,8.0,MPO - TAD,THR & Hari Keagamaan,pendapatan,2544643099.0,3015722340.0
cm_2025_08_mpo_tad_pengganti_sementara_pendapatan,snapshot_istantoro_2022_mar_2026,2025-08,monthly,2025,8.0,MPO - TAD,Pengganti Sementara,pendapatan,20867728845.0,25174372366.0
cm_2025_08_mpo_tad_tender_koreksi_lainnya_pendapatan,snapshot_istantoro_2022_mar_2026,2025-08,monthly,2025,8.0,MPO - TAD,"Tender, Koreksi & Lainnya",pendapatan,0.0,0.0
cm_2025_08_mpo_tad_management_fee_pendapatan,snapshot_istantoro_2022_mar_2026,2025-08,monthly,2025,8.0,MPO - TAD,Management Fee,pendapatan,16751353518.0,20931576855.0
cm_2025_08_mpo_tad_operasional_tenaga_kerja_pendapatan,snapshot_istantoro_2022_mar_2026,2025-08,monthly,2025,8.0,MPO - TAD,Operasional Tenaga Kerja,pendapatan,138099.0,176567.0
cm_2025_08_mpo_tad_medical_pengobatan_pendapatan,snapshot_istantoro_2022_mar_2026,2025-08,monthly,2025,8.0,MPO - TAD,Medical & Pengobatan,pendapatan,85825671.0,108698350.0
cm_2025_08_mpo_tad_rapel_pendapatan,snapshot_istantoro_2022_mar_2026,2025-08,monthly,2025,8.0,MPO - TAD,Rapel,pendapatan,266308281.0,329385468.0
cm_2025_08_mpo_tad_bahan_alat_pendapatan,snapshot_istantoro_2022_mar_2026,2025-08,monthly,2025,8.0,MPO - TAD,Bahan & Alat,pendapatan,1258176929.0,1652324834.0
cm_2025_09_mpo_tad_upah_gaji_tunjangan_pendapatan,snapshot_istantoro_2022_mar_2026,2025-09,monthly,2025,9.0,MPO - TAD,"Upah, Gaji & Tunjangan",pendapatan,213436267938.0,243160682499.0
cm_2025_09_mpo_tad_insentif_bonus_pendapatan,snapshot_istantoro_2022_mar_2026,2025-09,monthly,2025,9.0,MPO - TAD,Insentif & Bonus,pendapatan,607876101.0,704876210.0
cm_2025_09_mpo_tad_seragam_reliver_pendapatan,snapshot_istantoro_2022_mar_2026,2025-09,monthly,2025,9.0,MPO - TAD,Seragam & Reliver,pendapatan,2951581973.0,3424766685.0
cm_2025_09_mpo_tad_rekrutmen_pendidikan_pembinaan_hubungan_pendapatan,snapshot_istantoro_2022_mar_2026,2025-09,monthly,2025,9.0,MPO - TAD,"Rekrutmen, Pendidikan, Pembinaan & Hubungan",pendapatan,18452615.0,21019439.0
cm_2025_09_mpo_tad_pesangon_dplk_kompensasi_pendapatan,snapshot_istantoro_2022_mar_2026,2025-09,monthly,2025,9.0,MPO - TAD,"Pesangon, DPLK, Kompensasi",pendapatan,7900707769.0,8976262273.0
cm_2025_09_mpo_tad_thr_hari_keagamaan_pendapatan,snapshot_istantoro_2022_mar_2026,2025-09,monthly,2025,9.0,MPO - TAD,THR & Hari Keagamaan,pendapatan,2379592602.0,2575412378.0
cm_2025_09_mpo_tad_pengganti_sementara_pendapatan,snapshot_istantoro_2022_mar_2026,2025-09,monthly,2025,9.0,MPO - TAD,Pengganti Sementara,pendapatan,22297920490.0,23387271352.0
cm_2025_09_mpo_tad_tender_koreksi_lainnya_pendapatan,snapshot_istantoro_2022_mar_2026,2025-09,monthly,2025,9.0,MPO - TAD,"Tender, Koreksi & Lainnya",pendapatan,0.0,0.0
cm_2025_09_mpo_tad_management_fee_pendapatan,snapshot_istantoro_2022_mar_2026,2025-09,monthly,2025,9.0,MPO - TAD,Management Fee,pendapatan,19185387022.0,20909323715.0
cm_2025_09_mpo_tad_operasional_tenaga_kerja_pendapatan,snapshot_istantoro_2022_mar_2026,2025-09,monthly,2025,9.0,MPO - TAD,Operasional Tenaga Kerja,pendapatan,118434196.0,136859846.0
cm_2025_09_mpo_tad_medical_pengobatan_pendapatan,snapshot_istantoro_2022_mar_2026,2025-09,monthly,2025,9.0,MPO - TAD,Medical & Pengobatan,pendapatan,72187575.0,80264277.0
cm_2025_09_mpo_tad_rapel_pendapatan,snapshot_istantoro_2022_mar_2026,2025-09,monthly,2025,9.0,MPO - TAD,Rapel,pendapatan,422186429.0,486215805.0
cm_2025_09_mpo_tad_bahan_alat_pendapatan,snapshot_istantoro_2022_mar_2026,2025-09,monthly,2025,9.0,MPO - TAD,Bahan & Alat,pendapatan,1330368989.0,1441956035.0
cm_2025_10_mpo_tad_upah_gaji_tunjangan_pendapatan,snapshot_istantoro_2022_mar_2026,2025-10,monthly,2025,10.0,MPO - TAD,"Upah, Gaji & Tunjangan",pendapatan,208685243976.0,231762257785.0
cm_2025_10_mpo_tad_insentif_bonus_pendapatan,snapshot_istantoro_2022_mar_2026,2025-10,monthly,2025,10.0,MPO - TAD,Insentif & Bonus,pendapatan,708780852.0,887503125.0
cm_2025_10_mpo_tad_seragam_reliver_pendapatan,snapshot_istantoro_2022_mar_2026,2025-10,monthly,2025,10.0,MPO - TAD,Seragam & Reliver,pendapatan,3334484466.0,3643047323.0
cm_2025_10_mpo_tad_rekrutmen_pendidikan_pembinaan_hubungan_pendapatan,snapshot_istantoro_2022_mar_2026,2025-10,monthly,2025,10.0,MPO - TAD,"Rekrutmen, Pendidikan, Pembinaan & Hubungan",pendapatan,106132.0,125547.0
cm_2025_10_mpo_tad_pesangon_dplk_kompensasi_pendapatan,snapshot_istantoro_2022_mar_2026,2025-10,monthly,2025,10.0,MPO - TAD,"Pesangon, DPLK, Kompensasi",pendapatan,8146233602.0,9464753682.0
cm_2025_10_mpo_tad_thr_hari_keagamaan_pendapatan,snapshot_istantoro_2022_mar_2026,2025-10,monthly,2025,10.0,MPO - TAD,THR & Hari Keagamaan,pendapatan,2803922722.0,3231752796.0
cm_2025_10_mpo_tad_pengganti_sementara_pendapatan,snapshot_istantoro_2022_mar_2026,2025-10,monthly,2025,10.0,MPO - TAD,Pengganti Sementara,pendapatan,20665614506.0,22467209500.0
cm_2025_10_mpo_tad_tender_koreksi_lainnya_pendapatan,snapshot_istantoro_2022_mar_2026,2025-10,monthly,2025,10.0,MPO - TAD,"Tender, Koreksi & Lainnya",pendapatan,0.0,0.0
cm_2025_10_mpo_tad_management_fee_pendapatan,snapshot_istantoro_2022_mar_2026,2025-10,monthly,2025,10.0,MPO - TAD,Management Fee,pendapatan,18172437673.0,20835677455.0
cm_2025_10_mpo_tad_operasional_tenaga_kerja_pendapatan,snapshot_istantoro_2022_mar_2026,2025-10,monthly,2025,10.0,MPO - TAD,Operasional Tenaga Kerja,pendapatan,4935767.0,5568817.0
cm_2025_10_mpo_tad_medical_pengobatan_pendapatan,snapshot_istantoro_2022_mar_2026,2025-10,monthly,2025,10.0,MPO - TAD,Medical & Pengobatan,pendapatan,57750262.0,66465741.0
cm_2025_10_mpo_tad_rapel_pendapatan,snapshot_istantoro_2022_mar_2026,2025-10,monthly,2025,10.0,MPO - TAD,Rapel,pendapatan,1061850355.0,1170741410.0
cm_2025_10_mpo_tad_bahan_alat_pendapatan,snapshot_istantoro_2022_mar_2026,2025-10,monthly,2025,10.0,MPO - TAD,Bahan & Alat,pendapatan,1391290554.0,1691579897.0
cm_2025_11_mpo_tad_upah_gaji_tunjangan_pendapatan,snapshot_istantoro_2022_mar_2026,2025-11,monthly,2025,11.0,MPO - TAD,"Upah, Gaji & Tunjangan",pendapatan,200975822151.0,203087994565.0
cm_2025_11_mpo_tad_insentif_bonus_pendapatan,snapshot_istantoro_2022_mar_2026,2025-11,monthly,2025,11.0,MPO - TAD,Insentif & Bonus,pendapatan,37022747290.0,40213967123.0
cm_2025_11_mpo_tad_seragam_reliver_pendapatan,snapshot_istantoro_2022_mar_2026,2025-11,monthly,2025,11.0,MPO - TAD,Seragam & Reliver,pendapatan,2977553535.0,3127643328.0
cm_2025_11_mpo_tad_rekrutmen_pendidikan_pembinaan_hubungan_pendapatan,snapshot_istantoro_2022_mar_2026,2025-11,monthly,2025,11.0,MPO - TAD,"Rekrutmen, Pendidikan, Pembinaan & Hubungan",pendapatan,1879863.0,2066901.0
cm_2025_11_mpo_tad_pesangon_dplk_kompensasi_pendapatan,snapshot_istantoro_2022_mar_2026,2025-11,monthly,2025,11.0,MPO - TAD,"Pesangon, DPLK, Kompensasi",pendapatan,9230018841.0,9536737338.0
cm_2025_11_mpo_tad_thr_hari_keagamaan_pendapatan,snapshot_istantoro_2022_mar_2026,2025-11,monthly,2025,11.0,MPO - TAD,THR & Hari Keagamaan,pendapatan,1963128903.0,2140773265.0
cm_2025_11_mpo_tad_pengganti_sementara_pendapatan,snapshot_istantoro_2022_mar_2026,2025-11,monthly,2025,11.0,MPO - TAD,Pengganti Sementara,pendapatan,20561798012.0,21282311226.0
cm_2025_11_mpo_tad_tender_koreksi_lainnya_pendapatan,snapshot_istantoro_2022_mar_2026,2025-11,monthly,2025,11.0,MPO - TAD,"Tender, Koreksi & Lainnya",pendapatan,0.0,0.0
cm_2025_11_mpo_tad_management_fee_pendapatan,snapshot_istantoro_2022_mar_2026,2025-11,monthly,2025,11.0,MPO - TAD,Management Fee,pendapatan,16131761499.0,17739738217.0
cm_2025_11_mpo_tad_operasional_tenaga_kerja_pendapatan,snapshot_istantoro_2022_mar_2026,2025-11,monthly,2025,11.0,MPO - TAD,Operasional Tenaga Kerja,pendapatan,552946.0,598449.0
cm_2025_11_mpo_tad_medical_pengobatan_pendapatan,snapshot_istantoro_2022_mar_2026,2025-11,monthly,2025,11.0,MPO - TAD,Medical & Pengobatan,pendapatan,115363736.0,122483345.0
cm_2025_11_mpo_tad_rapel_pendapatan,snapshot_istantoro_2022_mar_2026,2025-11,monthly,2025,11.0,MPO - TAD,Rapel,pendapatan,669695325.0,745747451.0
cm_2025_11_mpo_tad_bahan_alat_pendapatan,snapshot_istantoro_2022_mar_2026,2025-11,monthly,2025,11.0,MPO - TAD,Bahan & Alat,pendapatan,1279413979.0,1308447764.0
cm_2025_12_mpo_tad_upah_gaji_tunjangan_pendapatan,snapshot_istantoro_2022_mar_2026,2025-12,monthly,2025,12.0,MPO - TAD,"Upah, Gaji & Tunjangan",pendapatan,212931467542.0,222349964270.0
cm_2025_12_mpo_tad_insentif_bonus_pendapatan,snapshot_istantoro_2022_mar_2026,2025-12,monthly,2025,12.0,MPO - TAD,Insentif & Bonus,pendapatan,1143779092.0,1134293975.0
cm_2025_12_mpo_tad_seragam_reliver_pendapatan,snapshot_istantoro_2022_mar_2026,2025-12,monthly,2025,12.0,MPO - TAD,Seragam & Reliver,pendapatan,3512463723.0,3629771564.0
cm_2025_12_mpo_tad_rekrutmen_pendidikan_pembinaan_hubungan_pendapatan,snapshot_istantoro_2022_mar_2026,2025-12,monthly,2025,12.0,MPO - TAD,"Rekrutmen, Pendidikan, Pembinaan & Hubungan",pendapatan,8409452.0,9003870.0
cm_2025_12_mpo_tad_pesangon_dplk_kompensasi_pendapatan,snapshot_istantoro_2022_mar_2026,2025-12,monthly,2025,12.0,MPO - TAD,"Pesangon, DPLK, Kompensasi",pendapatan,15646259323.0,15557409452.0
cm_2025_12_mpo_tad_thr_hari_keagamaan_pendapatan,snapshot_istantoro_2022_mar_2026,2025-12,monthly,2025,12.0,MPO - TAD,THR & Hari Keagamaan,pendapatan,9368029108.0,9700043269.0
cm_2025_12_mpo_tad_pengganti_sementara_pendapatan,snapshot_istantoro_2022_mar_2026,2025-12,monthly,2025,12.0,MPO - TAD,Pengganti Sementara,pendapatan,21578870738.0,22698542733.0
cm_2025_12_mpo_tad_tender_koreksi_lainnya_pendapatan,snapshot_istantoro_2022_mar_2026,2025-12,monthly,2025,12.0,MPO - TAD,"Tender, Koreksi & Lainnya",pendapatan,0.0,0.0
cm_2025_12_mpo_tad_management_fee_pendapatan,snapshot_istantoro_2022_mar_2026,2025-12,monthly,2025,12.0,MPO - TAD,Management Fee,pendapatan,19922902056.0,20416340902.0
cm_2025_12_mpo_tad_operasional_tenaga_kerja_pendapatan,snapshot_istantoro_2022_mar_2026,2025-12,monthly,2025,12.0,MPO - TAD,Operasional Tenaga Kerja,pendapatan,125362405.0,125446692.0
cm_2025_12_mpo_tad_medical_pengobatan_pendapatan,snapshot_istantoro_2022_mar_2026,2025-12,monthly,2025,12.0,MPO - TAD,Medical & Pengobatan,pendapatan,67248041.0,70738075.0
cm_2025_12_mpo_tad_rapel_pendapatan,snapshot_istantoro_2022_mar_2026,2025-12,monthly,2025,12.0,MPO - TAD,Rapel,pendapatan,716651947.0,717428058.0
cm_2025_12_mpo_tad_bahan_alat_pendapatan,snapshot_istantoro_2022_mar_2026,2025-12,monthly,2025,12.0,MPO - TAD,Bahan & Alat,pendapatan,1381972910.0,1347309204.0
cm_2026_01_mpo_tad_upah_gaji_tunjangan_pendapatan,snapshot_istantoro_2022_mar_2026,2026-01,monthly,2026,1.0,MPO - TAD,"Upah, Gaji & Tunjangan",pendapatan,216014589551.0,183843649214.0
cm_2026_01_mpo_tad_insentif_bonus_pendapatan,snapshot_istantoro_2022_mar_2026,2026-01,monthly,2026,1.0,MPO - TAD,Insentif & Bonus,pendapatan,795085201.0,702743699.0
cm_2026_01_mpo_tad_seragam_reliver_pendapatan,snapshot_istantoro_2022_mar_2026,2026-01,monthly,2026,1.0,MPO - TAD,Seragam & Reliver,pendapatan,2972071912.0,2561690991.0
cm_2026_01_mpo_tad_rekrutmen_pendidikan_pembinaan_hubungan_pendapatan,snapshot_istantoro_2022_mar_2026,2026-01,monthly,2026,1.0,MPO - TAD,"Rekrutmen, Pendidikan, Pembinaan & Hubungan",pendapatan,3121958.0,2864463.0
cm_2026_01_mpo_tad_pesangon_dplk_kompensasi_pendapatan,snapshot_istantoro_2022_mar_2026,2026-01,monthly,2026,1.0,MPO - TAD,"Pesangon, DPLK, Kompensasi",pendapatan,13197762419.0,12424102809.0
cm_2026_01_mpo_tad_thr_hari_keagamaan_pendapatan,snapshot_istantoro_2022_mar_2026,2026-01,monthly,2026,1.0,MPO - TAD,THR & Hari Keagamaan,pendapatan,2574055851.0,2280550398.0
cm_2026_01_mpo_tad_pengganti_sementara_pendapatan,snapshot_istantoro_2022_mar_2026,2026-01,monthly,2026,1.0,MPO - TAD,Pengganti Sementara,pendapatan,19349194570.0,16953942007.0
cm_2026_01_mpo_tad_tender_koreksi_lainnya_pendapatan,snapshot_istantoro_2022_mar_2026,2026-01,monthly,2026,1.0,MPO - TAD,"Tender, Koreksi & Lainnya",pendapatan,0.0,0.0
cm_2026_01_mpo_tad_management_fee_pendapatan,snapshot_istantoro_2022_mar_2026,2026-01,monthly,2026,1.0,MPO - TAD,Management Fee,pendapatan,19042251111.0,16446310345.0
cm_2026_01_mpo_tad_operasional_tenaga_kerja_pendapatan,snapshot_istantoro_2022_mar_2026,2026-01,monthly,2026,1.0,MPO - TAD,Operasional Tenaga Kerja,pendapatan,44095.0,38644.0
cm_2026_01_mpo_tad_medical_pengobatan_pendapatan,snapshot_istantoro_2022_mar_2026,2026-01,monthly,2026,1.0,MPO - TAD,Medical & Pengobatan,pendapatan,60805493.0,51832788.0
cm_2026_01_mpo_tad_rapel_pendapatan,snapshot_istantoro_2022_mar_2026,2026-01,monthly,2026,1.0,MPO - TAD,Rapel,pendapatan,276367994.0,244209702.0
cm_2026_01_mpo_tad_bahan_alat_pendapatan,snapshot_istantoro_2022_mar_2026,2026-01,monthly,2026,1.0,MPO - TAD,Bahan & Alat,pendapatan,1308905713.0,1155017883.0
cm_2026_02_mpo_tad_upah_gaji_tunjangan_pendapatan,snapshot_istantoro_2022_mar_2026,2026-02,monthly,2026,2.0,MPO - TAD,"Upah, Gaji & Tunjangan",pendapatan,214249846348.0,191651514097.0
cm_2026_02_mpo_tad_insentif_bonus_pendapatan,snapshot_istantoro_2022_mar_2026,2026-02,monthly,2026,2.0,MPO - TAD,Insentif & Bonus,pendapatan,868381833.0,696316774.0
cm_2026_02_mpo_tad_seragam_reliver_pendapatan,snapshot_istantoro_2022_mar_2026,2026-02,monthly,2026,2.0,MPO - TAD,Seragam & Reliver,pendapatan,2841104241.0,2629775981.0
cm_2026_02_mpo_tad_rekrutmen_pendidikan_pembinaan_hubungan_pendapatan,snapshot_istantoro_2022_mar_2026,2026-02,monthly,2026,2.0,MPO - TAD,"Rekrutmen, Pendidikan, Pembinaan & Hubungan",pendapatan,17109806.0,14360930.0
cm_2026_02_mpo_tad_pesangon_dplk_kompensasi_pendapatan,snapshot_istantoro_2022_mar_2026,2026-02,monthly,2026,2.0,MPO - TAD,"Pesangon, DPLK, Kompensasi",pendapatan,12895458626.0,11032711340.0
cm_2026_02_mpo_tad_thr_hari_keagamaan_pendapatan,snapshot_istantoro_2022_mar_2026,2026-02,monthly,2026,2.0,MPO - TAD,THR & Hari Keagamaan,pendapatan,2835849593.0,2386890518.0
cm_2026_02_mpo_tad_pengganti_sementara_pendapatan,snapshot_istantoro_2022_mar_2026,2026-02,monthly,2026,2.0,MPO - TAD,Pengganti Sementara,pendapatan,21676260162.0,18218001158.0
cm_2026_02_mpo_tad_tender_koreksi_lainnya_pendapatan,snapshot_istantoro_2022_mar_2026,2026-02,monthly,2026,2.0,MPO - TAD,"Tender, Koreksi & Lainnya",pendapatan,0.0,0.0
cm_2026_02_mpo_tad_management_fee_pendapatan,snapshot_istantoro_2022_mar_2026,2026-02,monthly,2026,2.0,MPO - TAD,Management Fee,pendapatan,18363243753.0,15737842773.0
cm_2026_02_mpo_tad_operasional_tenaga_kerja_pendapatan,snapshot_istantoro_2022_mar_2026,2026-02,monthly,2026,2.0,MPO - TAD,Operasional Tenaga Kerja,pendapatan,8509981.0,6916951.0
cm_2026_02_mpo_tad_medical_pengobatan_pendapatan,snapshot_istantoro_2022_mar_2026,2026-02,monthly,2026,2.0,MPO - TAD,Medical & Pengobatan,pendapatan,56228513.0,46965356.0
cm_2026_02_mpo_tad_rapel_pendapatan,snapshot_istantoro_2022_mar_2026,2026-02,monthly,2026,2.0,MPO - TAD,Rapel,pendapatan,846726803.0,755248844.0
cm_2026_02_mpo_tad_bahan_alat_pendapatan,snapshot_istantoro_2022_mar_2026,2026-02,monthly,2026,2.0,MPO - TAD,Bahan & Alat,pendapatan,1323282002.0,1169227234.0
cm_2026_03_mpo_tad_upah_gaji_tunjangan_pendapatan,snapshot_istantoro_2022_mar_2026,2026-03,monthly,2026,3.0,MPO - TAD,"Upah, Gaji & Tunjangan",pendapatan,210843277530.0,138411920100.0
cm_2026_03_mpo_tad_insentif_bonus_pendapatan,snapshot_istantoro_2022_mar_2026,2026-03,monthly,2026,3.0,MPO - TAD,Insentif & Bonus,pendapatan,2049858126.0,1254373856.0
cm_2026_03_mpo_tad_seragam_reliver_pendapatan,snapshot_istantoro_2022_mar_2026,2026-03,monthly,2026,3.0,MPO - TAD,Seragam & Reliver,pendapatan,2977021653.0,1995392119.0
cm_2026_03_mpo_tad_rekrutmen_pendidikan_pembinaan_hubungan_pendapatan,snapshot_istantoro_2022_mar_2026,2026-03,monthly,2026,3.0,MPO - TAD,"Rekrutmen, Pendidikan, Pembinaan & Hubungan",pendapatan,34008987.0,21469309.0
cm_2026_03_mpo_tad_pesangon_dplk_kompensasi_pendapatan,snapshot_istantoro_2022_mar_2026,2026-03,monthly,2026,3.0,MPO - TAD,"Pesangon, DPLK, Kompensasi",pendapatan,8978593803.0,5835890274.0
cm_2026_03_mpo_tad_thr_hari_keagamaan_pendapatan,snapshot_istantoro_2022_mar_2026,2026-03,monthly,2026,3.0,MPO - TAD,THR & Hari Keagamaan,pendapatan,105573861245.0,69258418554.0
cm_2026_03_mpo_tad_pengganti_sementara_pendapatan,snapshot_istantoro_2022_mar_2026,2026-03,monthly,2026,3.0,MPO - TAD,Pengganti Sementara,pendapatan,17758311348.0,12177152246.0
cm_2026_03_mpo_tad_tender_koreksi_lainnya_pendapatan,snapshot_istantoro_2022_mar_2026,2026-03,monthly,2026,3.0,MPO - TAD,"Tender, Koreksi & Lainnya",pendapatan,0.0,0.0
cm_2026_03_mpo_tad_management_fee_pendapatan,snapshot_istantoro_2022_mar_2026,2026-03,monthly,2026,3.0,MPO - TAD,Management Fee,pendapatan,20047997341.0,12510464490.0
cm_2026_03_mpo_tad_operasional_tenaga_kerja_pendapatan,snapshot_istantoro_2022_mar_2026,2026-03,monthly,2026,3.0,MPO - TAD,Operasional Tenaga Kerja,pendapatan,2079196.0,1295171.0
cm_2026_03_mpo_tad_medical_pengobatan_pendapatan,snapshot_istantoro_2022_mar_2026,2026-03,monthly,2026,3.0,MPO - TAD,Medical & Pengobatan,pendapatan,53422091.0,36209601.0
cm_2026_03_mpo_tad_rapel_pendapatan,snapshot_istantoro_2022_mar_2026,2026-03,monthly,2026,3.0,MPO - TAD,Rapel,pendapatan,807184600.0,539063293.0
cm_2026_03_mpo_tad_bahan_alat_pendapatan,snapshot_istantoro_2022_mar_2026,2026-03,monthly,2026,3.0,MPO - TAD,Bahan & Alat,pendapatan,1380030070.0,879301756.0
cm_2022_mpo_rab_jasa_head_hunter_bri_pendapatan,snapshot_istantoro_2022_mar_2026,2022,annual,2022,,MPO - RAB,Jasa Head Hunter Klien,pendapatan,9948182443.0,8867127319.0
cm_2022_mpo_rab_jasa_assessment_dan_psikotest_bri_pendapatan,snapshot_istantoro_2022_mar_2026,2022,annual,2022,,MPO - RAB,Jasa Assessment dan Psikotest Klien,pendapatan,1556029495.0,1281247631.0
cm_2022_mpo_rab_jasa_head_hunter_non_captive_pendapatan,snapshot_istantoro_2022_mar_2026,2022,annual,2022,,MPO - RAB,Jasa Head Hunter Non Captive,pendapatan,16775236.0,14110078.0
cm_2022_mpo_rab_jasa_assessment_dan_psikotest_non_captive_pendapatan,snapshot_istantoro_2022_mar_2026,2022,annual,2022,,MPO - RAB,Jasa Assessment dan Psikotest Non Captive,pendapatan,8625511001.0,7384416619.0
cm_2022_mpo_rab_bflp_bbop_bri_pendapatan,snapshot_istantoro_2022_mar_2026,2022,annual,2022,,MPO - RAB,BFLP - BBOP Klien,pendapatan,15765140306.0,12569834063.0
cm_2022_mpo_rab_jasa_layanan_dan_ops_rekrutmen_pendapatan,snapshot_istantoro_2022_mar_2026,2022,annual,2022,,MPO - RAB,Jasa Layanan dan Ops Rekrutmen,pendapatan,194401792.0,164104241.0
cm_2023_mpo_rab_jasa_head_hunter_bri_pendapatan,snapshot_istantoro_2022_mar_2026,2023,annual,2023,,MPO - RAB,Jasa Head Hunter Klien,pendapatan,16519447226.0,17066370163.0
cm_2023_mpo_rab_jasa_assessment_dan_psikotest_bri_pendapatan,snapshot_istantoro_2022_mar_2026,2023,annual,2023,,MPO - RAB,Jasa Assessment dan Psikotest Klien,pendapatan,2583646616.0,2754258019.0
cm_2023_mpo_rab_jasa_head_hunter_non_captive_pendapatan,snapshot_istantoro_2022_mar_2026,2023,annual,2023,,MPO - RAB,Jasa Head Hunter Non Captive,pendapatan,1990298444.0,2070422644.0
cm_2023_mpo_rab_jasa_assessment_dan_psikotest_non_captive_pendapatan,snapshot_istantoro_2022_mar_2026,2023,annual,2023,,MPO - RAB,Jasa Assessment dan Psikotest Non Captive,pendapatan,4332235441.0,4542392562.0
cm_2023_mpo_rab_bflp_bbop_bri_pendapatan,snapshot_istantoro_2022_mar_2026,2023,annual,2023,,MPO - RAB,BFLP - BBOP Klien,pendapatan,23585378236.0,24644401321.0
cm_2023_mpo_rab_jasa_layanan_dan_ops_rekrutmen_pendapatan,snapshot_istantoro_2022_mar_2026,2023,annual,2023,,MPO - RAB,Jasa Layanan dan Ops Rekrutmen,pendapatan,128907125.0,125614407.0
cm_2024_mpo_rab_jasa_head_hunter_bri_pendapatan,snapshot_istantoro_2022_mar_2026,2024,annual,2024,,MPO - RAB,Jasa Head Hunter Klien,pendapatan,11725390270.0,19401038647.0
cm_2024_mpo_rab_jasa_assessment_dan_psikotest_bri_pendapatan,snapshot_istantoro_2022_mar_2026,2024,annual,2024,,MPO - RAB,Jasa Assessment dan Psikotest Klien,pendapatan,1430296301.0,2367109408.0
cm_2024_mpo_rab_jasa_head_hunter_non_captive_pendapatan,snapshot_istantoro_2022_mar_2026,2024,annual,2024,,MPO - RAB,Jasa Head Hunter Non Captive,pendapatan,667861965.0,1089789105.0
cm_2024_mpo_rab_jasa_assessment_dan_psikotest_non_captive_pendapatan,snapshot_istantoro_2022_mar_2026,2024,annual,2024,,MPO - RAB,Jasa Assessment dan Psikotest Non Captive,pendapatan,5173152669.0,8260901032.0
cm_2024_mpo_rab_bflp_bbop_bri_pendapatan,snapshot_istantoro_2022_mar_2026,2024,annual,2024,,MPO - RAB,BFLP - BBOP Klien,pendapatan,11594651440.0,19451782027.0
cm_2024_mpo_rab_jasa_layanan_dan_ops_rekrutmen_pendapatan,snapshot_istantoro_2022_mar_2026,2024,annual,2024,,MPO - RAB,Jasa Layanan dan Ops Rekrutmen,pendapatan,78819594.0,126931388.0
cm_2025_mpo_rab_jasa_head_hunter_bri_pendapatan,snapshot_istantoro_2022_mar_2026,2025,annual,2025,,MPO - RAB,Jasa Head Hunter Klien,pendapatan,11764860811.0,18105327604.0
cm_2025_mpo_rab_jasa_assessment_dan_psikotest_bri_pendapatan,snapshot_istantoro_2022_mar_2026,2025,annual,2025,,MPO - RAB,Jasa Assessment dan Psikotest Klien,pendapatan,1141335668.0,1760752046.0
cm_2025_mpo_rab_jasa_head_hunter_non_captive_pendapatan,snapshot_istantoro_2022_mar_2026,2025,annual,2025,,MPO - RAB,Jasa Head Hunter Non Captive,pendapatan,1332743843.0,2125512084.0
cm_2025_mpo_rab_jasa_assessment_dan_psikotest_non_captive_pendapatan,snapshot_istantoro_2022_mar_2026,2025,annual,2025,,MPO - RAB,Jasa Assessment dan Psikotest Non Captive,pendapatan,2507441422.0,4013561544.0
cm_2025_mpo_rab_bflp_bbop_bri_pendapatan,snapshot_istantoro_2022_mar_2026,2025,annual,2025,,MPO - RAB,BFLP - BBOP Klien,pendapatan,18835786280.0,29486718455.0
cm_2025_mpo_rab_jasa_layanan_dan_ops_rekrutmen_pendapatan,snapshot_istantoro_2022_mar_2026,2025,annual,2025,,MPO - RAB,Jasa Layanan dan Ops Rekrutmen,pendapatan,65397648.0,99787755.0
cm_2025_01_mpo_rab_jasa_head_hunter_bri_pendapatan,snapshot_istantoro_2022_mar_2026,2025-01,monthly,2025,1.0,MPO - RAB,Jasa Head Hunter Klien,pendapatan,602931992.0,480899184.0
cm_2025_01_mpo_rab_jasa_assessment_dan_psikotest_bri_pendapatan,snapshot_istantoro_2022_mar_2026,2025-01,monthly,2025,1.0,MPO - RAB,Jasa Assessment dan Psikotest Klien,pendapatan,68524961.0,57006405.0
cm_2025_01_mpo_rab_jasa_head_hunter_non_captive_pendapatan,snapshot_istantoro_2022_mar_2026,2025-01,monthly,2025,1.0,MPO - RAB,Jasa Head Hunter Non Captive,pendapatan,32377981.0,27410120.0
cm_2025_01_mpo_rab_jasa_assessment_dan_psikotest_non_captive_pendapatan,snapshot_istantoro_2022_mar_2026,2025-01,monthly,2025,1.0,MPO - RAB,Jasa Assessment dan Psikotest Non Captive,pendapatan,358018394.0,287245077.0
cm_2025_01_mpo_rab_bflp_bbop_bri_pendapatan,snapshot_istantoro_2022_mar_2026,2025-01,monthly,2025,1.0,MPO - RAB,BFLP - BBOP Klien,pendapatan,4716356668.0,3749545471.0
cm_2025_01_mpo_rab_jasa_layanan_dan_ops_rekrutmen_pendapatan,snapshot_istantoro_2022_mar_2026,2025-01,monthly,2025,1.0,MPO - RAB,Jasa Layanan dan Ops Rekrutmen,pendapatan,2269821.0,1879574.0
cm_2025_02_mpo_rab_jasa_head_hunter_bri_pendapatan,snapshot_istantoro_2022_mar_2026,2025-02,monthly,2025,2.0,MPO - RAB,Jasa Head Hunter Klien,pendapatan,540022768.0,1436845607.0
cm_2025_02_mpo_rab_jasa_assessment_dan_psikotest_bri_pendapatan,snapshot_istantoro_2022_mar_2026,2025-02,monthly,2025,2.0,MPO - RAB,Jasa Assessment dan Psikotest Klien,pendapatan,48742013.0,129751176.0
cm_2025_02_mpo_rab_jasa_head_hunter_non_captive_pendapatan,snapshot_istantoro_2022_mar_2026,2025-02,monthly,2025,2.0,MPO - RAB,Jasa Head Hunter Non Captive,pendapatan,58176868.0,145543279.0
cm_2025_02_mpo_rab_jasa_assessment_dan_psikotest_non_captive_pendapatan,snapshot_istantoro_2022_mar_2026,2025-02,monthly,2025,2.0,MPO - RAB,Jasa Assessment dan Psikotest Non Captive,pendapatan,288466612.0,716079086.0
cm_2025_02_mpo_rab_bflp_bbop_bri_pendapatan,snapshot_istantoro_2022_mar_2026,2025-02,monthly,2025,2.0,MPO - RAB,BFLP - BBOP Klien,pendapatan,843621573.0,2172859097.0
cm_2025_02_mpo_rab_jasa_layanan_dan_ops_rekrutmen_pendapatan,snapshot_istantoro_2022_mar_2026,2025-02,monthly,2025,2.0,MPO - RAB,Jasa Layanan dan Ops Rekrutmen,pendapatan,3473200.0,8673569.0
cm_2025_03_mpo_rab_jasa_head_hunter_bri_pendapatan,snapshot_istantoro_2022_mar_2026,2025-03,monthly,2025,3.0,MPO - RAB,Jasa Head Hunter Klien,pendapatan,386775381.0,885944039.0
cm_2025_03_mpo_rab_jasa_assessment_dan_psikotest_bri_pendapatan,snapshot_istantoro_2022_mar_2026,2025-03,monthly,2025,3.0,MPO - RAB,Jasa Assessment dan Psikotest Klien,pendapatan,38125463.0,92992882.0
cm_2025_03_mpo_rab_jasa_head_hunter_non_captive_pendapatan,snapshot_istantoro_2022_mar_2026,2025-03,monthly,2025,3.0,MPO - RAB,Jasa Head Hunter Non Captive,pendapatan,98011547.0,228536482.0
cm_2025_03_mpo_rab_jasa_assessment_dan_psikotest_non_captive_pendapatan,snapshot_istantoro_2022_mar_2026,2025-03,monthly,2025,3.0,MPO - RAB,Jasa Assessment dan Psikotest Non Captive,pendapatan,262787787.0,666495869.0
cm_2025_03_mpo_rab_bflp_bbop_bri_pendapatan,snapshot_istantoro_2022_mar_2026,2025-03,monthly,2025,3.0,MPO - RAB,BFLP - BBOP Klien,pendapatan,1060022085.0,2648785841.0
cm_2025_03_mpo_rab_jasa_layanan_dan_ops_rekrutmen_pendapatan,snapshot_istantoro_2022_mar_2026,2025-03,monthly,2025,3.0,MPO - RAB,Jasa Layanan dan Ops Rekrutmen,pendapatan,9175749.0,22486950.0
cm_2025_04_mpo_rab_jasa_head_hunter_bri_pendapatan,snapshot_istantoro_2022_mar_2026,2025-04,monthly,2025,4.0,MPO - RAB,Jasa Head Hunter Klien,pendapatan,192535543.0,1252545763.0
cm_2025_04_mpo_rab_jasa_assessment_dan_psikotest_bri_pendapatan,snapshot_istantoro_2022_mar_2026,2025-04,monthly,2025,4.0,MPO - RAB,Jasa Assessment dan Psikotest Klien,pendapatan,33056897.0,196925908.0
cm_2025_04_mpo_rab_jasa_head_hunter_non_captive_pendapatan,snapshot_istantoro_2022_mar_2026,2025-04,monthly,2025,4.0,MPO - RAB,Jasa Head Hunter Non Captive,pendapatan,20443588.0,121283309.0
cm_2025_04_mpo_rab_jasa_assessment_dan_psikotest_non_captive_pendapatan,snapshot_istantoro_2022_mar_2026,2025-04,monthly,2025,4.0,MPO - RAB,Jasa Assessment dan Psikotest Non Captive,pendapatan,125659866.0,798337818.0
cm_2025_04_mpo_rab_bflp_bbop_bri_pendapatan,snapshot_istantoro_2022_mar_2026,2025-04,monthly,2025,4.0,MPO - RAB,BFLP - BBOP Klien,pendapatan,352084856.0,2221617848.0
cm_2025_04_mpo_rab_jasa_layanan_dan_ops_rekrutmen_pendapatan,snapshot_istantoro_2022_mar_2026,2025-04,monthly,2025,4.0,MPO - RAB,Jasa Layanan dan Ops Rekrutmen,pendapatan,0.0,0.0
cm_2025_05_mpo_rab_jasa_head_hunter_bri_pendapatan,snapshot_istantoro_2022_mar_2026,2025-05,monthly,2025,5.0,MPO - RAB,Jasa Head Hunter Klien,pendapatan,1689337713.0,2772029219.0
cm_2025_05_mpo_rab_jasa_assessment_dan_psikotest_bri_pendapatan,snapshot_istantoro_2022_mar_2026,2025-05,monthly,2025,5.0,MPO - RAB,Jasa Assessment dan Psikotest Klien,pendapatan,51006374.0,78650485.0
cm_2025_05_mpo_rab_jasa_head_hunter_non_captive_pendapatan,snapshot_istantoro_2022_mar_2026,2025-05,monthly,2025,5.0,MPO - RAB,Jasa Head Hunter Non Captive,pendapatan,79891549.0,128672573.0
cm_2025_05_mpo_rab_jasa_assessment_dan_psikotest_non_captive_pendapatan,snapshot_istantoro_2022_mar_2026,2025-05,monthly,2025,5.0,MPO - RAB,Jasa Assessment dan Psikotest Non Captive,pendapatan,280038528.0,448768874.0
cm_2025_05_mpo_rab_bflp_bbop_bri_pendapatan,snapshot_istantoro_2022_mar_2026,2025-05,monthly,2025,5.0,MPO - RAB,BFLP - BBOP Klien,pendapatan,647498023.0,1070687589.0
cm_2025_05_mpo_rab_jasa_layanan_dan_ops_rekrutmen_pendapatan,snapshot_istantoro_2022_mar_2026,2025-05,monthly,2025,5.0,MPO - RAB,Jasa Layanan dan Ops Rekrutmen,pendapatan,17557090.0,30436191.0
cm_2025_06_mpo_rab_jasa_head_hunter_bri_pendapatan,snapshot_istantoro_2022_mar_2026,2025-06,monthly,2025,6.0,MPO - RAB,Jasa Head Hunter Klien,pendapatan,1870566185.0,1965495528.0
cm_2025_06_mpo_rab_jasa_assessment_dan_psikotest_bri_pendapatan,snapshot_istantoro_2022_mar_2026,2025-06,monthly,2025,6.0,MPO - RAB,Jasa Assessment dan Psikotest Klien,pendapatan,300645604.0,306009694.0
cm_2025_06_mpo_rab_jasa_head_hunter_non_captive_pendapatan,snapshot_istantoro_2022_mar_2026,2025-06,monthly,2025,6.0,MPO - RAB,Jasa Head Hunter Non Captive,pendapatan,246694918.0,282024189.0
cm_2025_06_mpo_rab_jasa_assessment_dan_psikotest_non_captive_pendapatan,snapshot_istantoro_2022_mar_2026,2025-06,monthly,2025,6.0,MPO - RAB,Jasa Assessment dan Psikotest Non Captive,pendapatan,130637101.0,132740498.0
cm_2025_06_mpo_rab_bflp_bbop_bri_pendapatan,snapshot_istantoro_2022_mar_2026,2025-06,monthly,2025,6.0,MPO - RAB,BFLP - BBOP Klien,pendapatan,1823173050.0,1947279609.0
cm_2025_06_mpo_rab_jasa_layanan_dan_ops_rekrutmen_pendapatan,snapshot_istantoro_2022_mar_2026,2025-06,monthly,2025,6.0,MPO - RAB,Jasa Layanan dan Ops Rekrutmen,pendapatan,0.0,0.0
cm_2025_07_mpo_rab_jasa_head_hunter_bri_pendapatan,snapshot_istantoro_2022_mar_2026,2025-07,monthly,2025,7.0,MPO - RAB,Jasa Head Hunter Klien,pendapatan,1296058980.0,1745864313.0
cm_2025_07_mpo_rab_jasa_assessment_dan_psikotest_bri_pendapatan,snapshot_istantoro_2022_mar_2026,2025-07,monthly,2025,7.0,MPO - RAB,Jasa Assessment dan Psikotest Klien,pendapatan,211908545.0,299776254.0
cm_2025_07_mpo_rab_jasa_head_hunter_non_captive_pendapatan,snapshot_istantoro_2022_mar_2026,2025-07,monthly,2025,7.0,MPO - RAB,Jasa Head Hunter Non Captive,pendapatan,231154291.0,314635448.0
cm_2025_07_mpo_rab_jasa_assessment_dan_psikotest_non_captive_pendapatan,snapshot_istantoro_2022_mar_2026,2025-07,monthly,2025,7.0,MPO - RAB,Jasa Assessment dan Psikotest Non Captive,pendapatan,249011758.0,347708333.0
cm_2025_07_mpo_rab_bflp_bbop_bri_pendapatan,snapshot_istantoro_2022_mar_2026,2025-07,monthly,2025,7.0,MPO - RAB,BFLP - BBOP Klien,pendapatan,1399006679.0,1860718640.0
cm_2025_07_mpo_rab_jasa_layanan_dan_ops_rekrutmen_pendapatan,snapshot_istantoro_2022_mar_2026,2025-07,monthly,2025,7.0,MPO - RAB,Jasa Layanan dan Ops Rekrutmen,pendapatan,5375552.0,7873083.0
cm_2025_08_mpo_rab_jasa_head_hunter_bri_pendapatan,snapshot_istantoro_2022_mar_2026,2025-08,monthly,2025,8.0,MPO - RAB,Jasa Head Hunter Klien,pendapatan,867504860.0,1368548468.0
cm_2025_08_mpo_rab_jasa_assessment_dan_psikotest_bri_pendapatan,snapshot_istantoro_2022_mar_2026,2025-08,monthly,2025,8.0,MPO - RAB,Jasa Assessment dan Psikotest Klien,pendapatan,68361644.0,108527810.0
cm_2025_08_mpo_rab_jasa_head_hunter_non_captive_pendapatan,snapshot_istantoro_2022_mar_2026,2025-08,monthly,2025,8.0,MPO - RAB,Jasa Head Hunter Non Captive,pendapatan,184313065.0,282169329.0
cm_2025_08_mpo_rab_jasa_assessment_dan_psikotest_non_captive_pendapatan,snapshot_istantoro_2022_mar_2026,2025-08,monthly,2025,8.0,MPO - RAB,Jasa Assessment dan Psikotest Non Captive,pendapatan,26549214.0,42823885.0
cm_2025_08_mpo_rab_bflp_bbop_bri_pendapatan,snapshot_istantoro_2022_mar_2026,2025-08,monthly,2025,8.0,MPO - RAB,BFLP - BBOP Klien,pendapatan,1761025529.0,2617631190.0
cm_2025_08_mpo_rab_jasa_layanan_dan_ops_rekrutmen_pendapatan,snapshot_istantoro_2022_mar_2026,2025-08,monthly,2025,8.0,MPO - RAB,Jasa Layanan dan Ops Rekrutmen,pendapatan,28907565.0,43849467.0
cm_2025_09_mpo_rab_jasa_head_hunter_bri_pendapatan,snapshot_istantoro_2022_mar_2026,2025-09,monthly,2025,9.0,MPO - RAB,Jasa Head Hunter Klien,pendapatan,1277237146.0,1588280107.0
cm_2025_09_mpo_rab_jasa_assessment_dan_psikotest_bri_pendapatan,snapshot_istantoro_2022_mar_2026,2025-09,monthly,2025,9.0,MPO - RAB,Jasa Assessment dan Psikotest Klien,pendapatan,154212521.0,185743407.0
cm_2025_09_mpo_rab_jasa_head_hunter_non_captive_pendapatan,snapshot_istantoro_2022_mar_2026,2025-09,monthly,2025,9.0,MPO - RAB,Jasa Head Hunter Non Captive,pendapatan,39534769.0,47553301.0
cm_2025_09_mpo_rab_jasa_assessment_dan_psikotest_non_captive_pendapatan,snapshot_istantoro_2022_mar_2026,2025-09,monthly,2025,9.0,MPO - RAB,Jasa Assessment dan Psikotest Non Captive,pendapatan,341903581.0,396450358.0
cm_2025_09_mpo_rab_bflp_bbop_bri_pendapatan,snapshot_istantoro_2022_mar_2026,2025-09,monthly,2025,9.0,MPO - RAB,BFLP - BBOP Klien,pendapatan,1835194911.0,2313036747.0
cm_2025_09_mpo_rab_jasa_layanan_dan_ops_rekrutmen_pendapatan,snapshot_istantoro_2022_mar_2026,2025-09,monthly,2025,9.0,MPO - RAB,Jasa Layanan dan Ops Rekrutmen,pendapatan,0.0,0.0
cm_2025_10_mpo_rab_jasa_head_hunter_bri_pendapatan,snapshot_istantoro_2022_mar_2026,2025-10,monthly,2025,10.0,MPO - RAB,Jasa Head Hunter Klien,pendapatan,1098545817.0,1626687276.0
cm_2025_10_mpo_rab_jasa_assessment_dan_psikotest_bri_pendapatan,snapshot_istantoro_2022_mar_2026,2025-10,monthly,2025,10.0,MPO - RAB,Jasa Assessment dan Psikotest Klien,pendapatan,45210129.0,64980681.0
cm_2025_10_mpo_rab_jasa_head_hunter_non_captive_pendapatan,snapshot_istantoro_2022_mar_2026,2025-10,monthly,2025,10.0,MPO - RAB,Jasa Head Hunter Non Captive,pendapatan,124397758.0,177090329.0
cm_2025_10_mpo_rab_jasa_assessment_dan_psikotest_non_captive_pendapatan,snapshot_istantoro_2022_mar_2026,2025-10,monthly,2025,10.0,MPO - RAB,Jasa Assessment dan Psikotest Non Captive,pendapatan,235457532.0,348998179.0
cm_2025_10_mpo_rab_bflp_bbop_bri_pendapatan,snapshot_istantoro_2022_mar_2026,2025-10,monthly,2025,10.0,MPO - RAB,BFLP - BBOP Klien,pendapatan,1533808440.0,2363099022.0
cm_2025_10_mpo_rab_jasa_layanan_dan_ops_rekrutmen_pendapatan,snapshot_istantoro_2022_mar_2026,2025-10,monthly,2025,10.0,MPO - RAB,Jasa Layanan dan Ops Rekrutmen,pendapatan,0.0,0.0
cm_2025_11_mpo_rab_jasa_head_hunter_bri_pendapatan,snapshot_istantoro_2022_mar_2026,2025-11,monthly,2025,11.0,MPO - RAB,Jasa Head Hunter Klien,pendapatan,1248783522.0,2064288428.0
cm_2025_11_mpo_rab_jasa_assessment_dan_psikotest_bri_pendapatan,snapshot_istantoro_2022_mar_2026,2025-11,monthly,2025,11.0,MPO - RAB,Jasa Assessment dan Psikotest Klien,pendapatan,126302436.0,194011669.0
cm_2025_11_mpo_rab_jasa_head_hunter_non_captive_pendapatan,snapshot_istantoro_2022_mar_2026,2025-11,monthly,2025,11.0,MPO - RAB,Jasa Head Hunter Non Captive,pendapatan,220824800.0,355894127.0
cm_2025_11_mpo_rab_jasa_assessment_dan_psikotest_non_captive_pendapatan,snapshot_istantoro_2022_mar_2026,2025-11,monthly,2025,11.0,MPO - RAB,Jasa Assessment dan Psikotest Non Captive,pendapatan,95941015.0,160499365.0
cm_2025_11_mpo_rab_bflp_bbop_bri_pendapatan,snapshot_istantoro_2022_mar_2026,2025-11,monthly,2025,11.0,MPO - RAB,BFLP - BBOP Klien,pendapatan,1163412692.0,1769091938.0
cm_2025_11_mpo_rab_jasa_layanan_dan_ops_rekrutmen_pendapatan,snapshot_istantoro_2022_mar_2026,2025-11,monthly,2025,11.0,MPO - RAB,Jasa Layanan dan Ops Rekrutmen,pendapatan,0.0,0.0
cm_2025_12_mpo_rab_jasa_head_hunter_bri_pendapatan,snapshot_istantoro_2022_mar_2026,2025-12,monthly,2025,12.0,MPO - RAB,Jasa Head Hunter Klien,pendapatan,830953276.0,1307335956.0
cm_2025_12_mpo_rab_jasa_assessment_dan_psikotest_bri_pendapatan,snapshot_istantoro_2022_mar_2026,2025-12,monthly,2025,12.0,MPO - RAB,Jasa Assessment dan Psikotest Klien,pendapatan,46335112.0,71079356.0
cm_2025_12_mpo_rab_jasa_head_hunter_non_captive_pendapatan,snapshot_istantoro_2022_mar_2026,2025-12,monthly,2025,12.0,MPO - RAB,Jasa Head Hunter Non Captive,pendapatan,55840041.0,90112229.0
cm_2025_12_mpo_rab_jasa_assessment_dan_psikotest_non_captive_pendapatan,snapshot_istantoro_2022_mar_2026,2025-12,monthly,2025,12.0,MPO - RAB,Jasa Assessment dan Psikotest Non Captive,pendapatan,213104486.0,324681739.0
cm_2025_12_mpo_rab_bflp_bbop_bri_pendapatan,snapshot_istantoro_2022_mar_2026,2025-12,monthly,2025,12.0,MPO - RAB,BFLP - BBOP Klien,pendapatan,1715083032.0,2817499115.0
cm_2025_12_mpo_rab_jasa_layanan_dan_ops_rekrutmen_pendapatan,snapshot_istantoro_2022_mar_2026,2025-12,monthly,2025,12.0,MPO - RAB,Jasa Layanan dan Ops Rekrutmen,pendapatan,0.0,0.0
cm_2026_01_mpo_rab_jasa_head_hunter_bri_pendapatan,snapshot_istantoro_2022_mar_2026,2026-01,monthly,2026,1.0,MPO - RAB,Jasa Head Hunter Klien,pendapatan,597076431.0,1027218049.0
cm_2026_01_mpo_rab_jasa_assessment_dan_psikotest_bri_pendapatan,snapshot_istantoro_2022_mar_2026,2026-01,monthly,2026,1.0,MPO - RAB,Jasa Assessment dan Psikotest Klien,pendapatan,130481376.0,238605820.0
cm_2026_01_mpo_rab_jasa_head_hunter_non_captive_pendapatan,snapshot_istantoro_2022_mar_2026,2026-01,monthly,2026,1.0,MPO - RAB,Jasa Head Hunter Non Captive,pendapatan,173485333.0,311682564.0
cm_2026_01_mpo_rab_jasa_assessment_dan_psikotest_non_captive_pendapatan,snapshot_istantoro_2022_mar_2026,2026-01,monthly,2026,1.0,MPO - RAB,Jasa Assessment dan Psikotest Non Captive,pendapatan,127145905.0,221751310.0
cm_2026_01_mpo_rab_bflp_bbop_bri_pendapatan,snapshot_istantoro_2022_mar_2026,2026-01,monthly,2026,1.0,MPO - RAB,BFLP - BBOP Klien,pendapatan,1002609127.0,1865804846.0
cm_2026_01_mpo_rab_jasa_layanan_dan_ops_rekrutmen_pendapatan,snapshot_istantoro_2022_mar_2026,2026-01,monthly,2026,1.0,MPO - RAB,Jasa Layanan dan Ops Rekrutmen,pendapatan,0.0,0.0
cm_2026_02_mpo_rab_jasa_head_hunter_bri_pendapatan,snapshot_istantoro_2022_mar_2026,2026-02,monthly,2026,2.0,MPO - RAB,Jasa Head Hunter Klien,pendapatan,1107781613.0,1880328130.0
cm_2026_02_mpo_rab_jasa_assessment_dan_psikotest_bri_pendapatan,snapshot_istantoro_2022_mar_2026,2026-02,monthly,2026,2.0,MPO - RAB,Jasa Assessment dan Psikotest Klien,pendapatan,61048496.0,109511478.0
cm_2026_02_mpo_rab_jasa_head_hunter_non_captive_pendapatan,snapshot_istantoro_2022_mar_2026,2026-02,monthly,2026,2.0,MPO - RAB,Jasa Head Hunter Non Captive,pendapatan,32476147.0,57487184.0
cm_2026_02_mpo_rab_jasa_assessment_dan_psikotest_non_captive_pendapatan,snapshot_istantoro_2022_mar_2026,2026-02,monthly,2026,2.0,MPO - RAB,Jasa Assessment dan Psikotest Non Captive,pendapatan,71656028.0,126547359.0
cm_2026_02_mpo_rab_bflp_bbop_bri_pendapatan,snapshot_istantoro_2022_mar_2026,2026-02,monthly,2026,2.0,MPO - RAB,BFLP - BBOP Klien,pendapatan,803670042.0,1417790017.0
cm_2026_02_mpo_rab_jasa_layanan_dan_ops_rekrutmen_pendapatan,snapshot_istantoro_2022_mar_2026,2026-02,monthly,2026,2.0,MPO - RAB,Jasa Layanan dan Ops Rekrutmen,pendapatan,0.0,0.0
cm_2026_03_mpo_rab_jasa_head_hunter_bri_pendapatan,snapshot_istantoro_2022_mar_2026,2026-03,monthly,2026,3.0,MPO - RAB,Jasa Head Hunter Klien,pendapatan,430695002.0,961612604.0
cm_2026_03_mpo_rab_jasa_assessment_dan_psikotest_bri_pendapatan,snapshot_istantoro_2022_mar_2026,2026-03,monthly,2026,3.0,MPO - RAB,Jasa Assessment dan Psikotest Klien,pendapatan,19086827.0,40604511.0
cm_2026_03_mpo_rab_jasa_head_hunter_non_captive_pendapatan,snapshot_istantoro_2022_mar_2026,2026-03,monthly,2026,3.0,MPO - RAB,Jasa Head Hunter Non Captive,pendapatan,6117509.0,14291664.0
cm_2026_03_mpo_rab_jasa_assessment_dan_psikotest_non_captive_pendapatan,snapshot_istantoro_2022_mar_2026,2026-03,monthly,2026,3.0,MPO - RAB,Jasa Assessment dan Psikotest Non Captive,pendapatan,253019702.0,578840649.0
cm_2026_03_mpo_rab_bflp_bbop_bri_pendapatan,snapshot_istantoro_2022_mar_2026,2026-03,monthly,2026,3.0,MPO - RAB,BFLP - BBOP Klien,pendapatan,934409153.0,2032690744.0
cm_2026_03_mpo_rab_jasa_layanan_dan_ops_rekrutmen_pendapatan,snapshot_istantoro_2022_mar_2026,2026-03,monthly,2026,3.0,MPO - RAB,Jasa Layanan dan Ops Rekrutmen,pendapatan,0.0,0.0
cm_2022_bpo_other_managed_services_qa_e_arsip_eo_pendapatan,snapshot_istantoro_2022_mar_2026,2022,annual,2022,,BPO,"Other Managed Services (QA, E-Arsip, EO)",pendapatan,16382648266.0,11760052192.0
cm_2022_bpo_managed_services_collection_pendapatan,snapshot_istantoro_2022_mar_2026,2022,annual,2022,,BPO,Managed Services Collection,pendapatan,34430185925.0,24542446723.0
cm_2022_bpo_managed_services_sales_kpr_pendapatan,snapshot_istantoro_2022_mar_2026,2022,annual,2022,,BPO,Managed Services Sales - KPR,pendapatan,8146367131.0,5988109616.0
cm_2022_bpo_managed_services_sales_briguna_pendapatan,snapshot_istantoro_2022_mar_2026,2022,annual,2022,,BPO,Managed Services Sales - Klien Pinjaman,pendapatan,7741402497.0,5750072988.0
cm_2022_bpo_managed_services_sales_funding_pendapatan,snapshot_istantoro_2022_mar_2026,2022,annual,2022,,BPO,Managed Services Sales - Funding,pendapatan,733226756.0,516000420.0
cm_2022_bpo_managed_services_sales_lainnya_pendapatan,snapshot_istantoro_2022_mar_2026,2022,annual,2022,,BPO,Managed Services Sales - Lainnya,pendapatan,484451869.0,375306856.0
cm_2022_bpo_borongan_kendaraan_pendapatan,snapshot_istantoro_2022_mar_2026,2022,annual,2022,,BPO,Borongan Kendaraan,pendapatan,1315088162.0,950447919.0
cm_2022_bpo_tenaga_kerja_borongan_pendapatan,snapshot_istantoro_2022_mar_2026,2022,annual,2022,,BPO,Tenaga Kerja Borongan,pendapatan,74931369185.0,59426711108.0
cm_2022_bpo_borongan_lainnya_pendapatan,snapshot_istantoro_2022_mar_2026,2022,annual,2022,,BPO,Borongan Lainnya,pendapatan,3627947021.0,2697533148.0
cm_2022_bpo_perawatan_atm_pendapatan,snapshot_istantoro_2022_mar_2026,2022,annual,2022,,BPO,Perawatan ATM,pendapatan,101440126.0,75900172.0
cm_2022_bpo_borongan_bri_pendapatan,snapshot_istantoro_2022_mar_2026,2022,annual,2022,,BPO,Borongan Klien,pendapatan,0.0,0.0
cm_2022_bpo_facility_services_pendapatan,snapshot_istantoro_2022_mar_2026,2022,annual,2022,,BPO,Facility Services,pendapatan,7889724895.0,5709783905.0
cm_2023_bpo_other_managed_services_qa_e_arsip_eo_pendapatan,snapshot_istantoro_2022_mar_2026,2023,annual,2023,,BPO,"Other Managed Services (QA, E-Arsip, EO)",pendapatan,11553038284.0,6739472688.0
cm_2023_bpo_managed_services_collection_pendapatan,snapshot_istantoro_2022_mar_2026,2023,annual,2023,,BPO,Managed Services Collection,pendapatan,44667287589.0,27523156032.0
cm_2023_bpo_managed_services_sales_kpr_pendapatan,snapshot_istantoro_2022_mar_2026,2023,annual,2023,,BPO,Managed Services Sales - KPR,pendapatan,31475415046.0,19247041375.0
cm_2023_bpo_managed_services_sales_briguna_pendapatan,snapshot_istantoro_2022_mar_2026,2023,annual,2023,,BPO,Managed Services Sales - Klien Pinjaman,pendapatan,26625130980.0,16064412531.0
cm_2023_bpo_managed_services_sales_funding_pendapatan,snapshot_istantoro_2022_mar_2026,2023,annual,2023,,BPO,Managed Services Sales - Funding,pendapatan,19378195099.0,11532468830.0
cm_2023_bpo_managed_services_sales_lainnya_pendapatan,snapshot_istantoro_2022_mar_2026,2023,annual,2023,,BPO,Managed Services Sales - Lainnya,pendapatan,103390022.0,64705979.0
cm_2023_bpo_borongan_kendaraan_pendapatan,snapshot_istantoro_2022_mar_2026,2023,annual,2023,,BPO,Borongan Kendaraan,pendapatan,681364268.0,436175681.0
cm_2023_bpo_tenaga_kerja_borongan_pendapatan,snapshot_istantoro_2022_mar_2026,2023,annual,2023,,BPO,Tenaga Kerja Borongan,pendapatan,161952005315.0,93434843533.0
cm_2023_bpo_borongan_lainnya_pendapatan,snapshot_istantoro_2022_mar_2026,2023,annual,2023,,BPO,Borongan Lainnya,pendapatan,14705075804.0,8613616997.0
cm_2023_bpo_perawatan_atm_pendapatan,snapshot_istantoro_2022_mar_2026,2023,annual,2023,,BPO,Perawatan ATM,pendapatan,0.0,0.0
cm_2023_bpo_borongan_bri_pendapatan,snapshot_istantoro_2022_mar_2026,2023,annual,2023,,BPO,Borongan Klien,pendapatan,0.0,0.0
cm_2023_bpo_facility_services_pendapatan,snapshot_istantoro_2022_mar_2026,2023,annual,2023,,BPO,Facility Services,pendapatan,16839616068.0,9844267769.0
cm_2024_bpo_other_managed_services_qa_e_arsip_eo_pendapatan,snapshot_istantoro_2022_mar_2026,2024,annual,2024,,BPO,"Other Managed Services (QA, E-Arsip, EO)",pendapatan,11880950261.0,7466981134.0
cm_2024_bpo_managed_services_collection_pendapatan,snapshot_istantoro_2022_mar_2026,2024,annual,2024,,BPO,Managed Services Collection,pendapatan,63667298104.0,38488478499.0
cm_2024_bpo_managed_services_sales_kpr_pendapatan,snapshot_istantoro_2022_mar_2026,2024,annual,2024,,BPO,Managed Services Sales - KPR,pendapatan,30378739518.0,17645298226.0
cm_2024_bpo_managed_services_sales_briguna_pendapatan,snapshot_istantoro_2022_mar_2026,2024,annual,2024,,BPO,Managed Services Sales - Klien Pinjaman,pendapatan,40440624609.0,25099868997.0
cm_2024_bpo_managed_services_sales_funding_pendapatan,snapshot_istantoro_2022_mar_2026,2024,annual,2024,,BPO,Managed Services Sales - Funding,pendapatan,9973313612.0,5957226907.0
cm_2024_bpo_managed_services_sales_lainnya_pendapatan,snapshot_istantoro_2022_mar_2026,2024,annual,2024,,BPO,Managed Services Sales - Lainnya,pendapatan,11820410.0,7597940.0
cm_2024_bpo_borongan_kendaraan_pendapatan,snapshot_istantoro_2022_mar_2026,2024,annual,2024,,BPO,Borongan Kendaraan,pendapatan,365941182.0,226987558.0
cm_2024_bpo_tenaga_kerja_borongan_pendapatan,snapshot_istantoro_2022_mar_2026,2024,annual,2024,,BPO,Tenaga Kerja Borongan,pendapatan,136149205318.0,83572805872.0
cm_2024_bpo_borongan_lainnya_pendapatan,snapshot_istantoro_2022_mar_2026,2024,annual,2024,,BPO,Borongan Lainnya,pendapatan,20810177262.0,12796418076.0
cm_2024_bpo_perawatan_atm_pendapatan,snapshot_istantoro_2022_mar_2026,2024,annual,2024,,BPO,Perawatan ATM,pendapatan,0.0,0.0
cm_2024_bpo_borongan_bri_pendapatan,snapshot_istantoro_2022_mar_2026,2024,annual,2024,,BPO,Borongan Klien,pendapatan,0.0,0.0
cm_2024_bpo_facility_services_pendapatan,snapshot_istantoro_2022_mar_2026,2024,annual,2024,,BPO,Facility Services,pendapatan,4008224652.0,2440145336.0
cm_2025_bpo_other_managed_services_qa_e_arsip_eo_pendapatan,snapshot_istantoro_2022_mar_2026,2025,annual,2025,,BPO,"Other Managed Services (QA, E-Arsip, EO)",pendapatan,34576395661.0,66355364756.0
cm_2025_bpo_managed_services_collection_pendapatan,snapshot_istantoro_2022_mar_2026,2025,annual,2025,,BPO,Managed Services Collection,pendapatan,25923749362.0,50626363254.0
cm_2025_bpo_managed_services_sales_kpr_pendapatan,snapshot_istantoro_2022_mar_2026,2025,annual,2025,,BPO,Managed Services Sales - KPR,pendapatan,24136904963.0,47063307009.0
cm_2025_bpo_managed_services_sales_briguna_pendapatan,snapshot_istantoro_2022_mar_2026,2025,annual,2025,,BPO,Managed Services Sales - Klien Pinjaman,pendapatan,18653623602.0,36105526420.0
cm_2025_bpo_managed_services_sales_funding_pendapatan,snapshot_istantoro_2022_mar_2026,2025,annual,2025,,BPO,Managed Services Sales - Funding,pendapatan,14442769.0,27204071.0
cm_2025_bpo_managed_services_sales_lainnya_pendapatan,snapshot_istantoro_2022_mar_2026,2025,annual,2025,,BPO,Managed Services Sales - Lainnya,pendapatan,11351928.0,20890778.0
cm_2025_bpo_borongan_kendaraan_pendapatan,snapshot_istantoro_2022_mar_2026,2025,annual,2025,,BPO,Borongan Kendaraan,pendapatan,186258784.0,379267192.0
cm_2025_bpo_tenaga_kerja_borongan_pendapatan,snapshot_istantoro_2022_mar_2026,2025,annual,2025,,BPO,Tenaga Kerja Borongan,pendapatan,114807689102.0,230792207084.0
cm_2025_bpo_borongan_lainnya_pendapatan,snapshot_istantoro_2022_mar_2026,2025,annual,2025,,BPO,Borongan Lainnya,pendapatan,10489088916.0,21564759524.0
cm_2025_bpo_perawatan_atm_pendapatan,snapshot_istantoro_2022_mar_2026,2025,annual,2025,,BPO,Perawatan ATM,pendapatan,0.0,0.0
cm_2025_bpo_borongan_bri_pendapatan,snapshot_istantoro_2022_mar_2026,2025,annual,2025,,BPO,Borongan Klien,pendapatan,0.0,0.0
cm_2025_bpo_facility_services_pendapatan,snapshot_istantoro_2022_mar_2026,2025,annual,2025,,BPO,Facility Services,pendapatan,1157331280.0,2265818974.0
cm_2025_01_bpo_other_managed_services_qa_e_arsip_eo_pendapatan,snapshot_istantoro_2022_mar_2026,2025-01,monthly,2025,1.0,BPO,"Other Managed Services (QA, E-Arsip, EO)",pendapatan,2974771062.0,4376371407.0
cm_2025_01_bpo_managed_services_collection_pendapatan,snapshot_istantoro_2022_mar_2026,2025-01,monthly,2025,1.0,BPO,Managed Services Collection,pendapatan,4619656150.0,7242985624.0
cm_2025_01_bpo_managed_services_sales_kpr_pendapatan,snapshot_istantoro_2022_mar_2026,2025-01,monthly,2025,1.0,BPO,Managed Services Sales - KPR,pendapatan,2217097596.0,3319848533.0
cm_2025_01_bpo_managed_services_sales_briguna_pendapatan,snapshot_istantoro_2022_mar_2026,2025-01,monthly,2025,1.0,BPO,Managed Services Sales - Klien Pinjaman,pendapatan,2273729719.0,3781780141.0
cm_2025_01_bpo_managed_services_sales_funding_pendapatan,snapshot_istantoro_2022_mar_2026,2025-01,monthly,2025,1.0,BPO,Managed Services Sales - Funding,pendapatan,14748516.0,21804022.0
cm_2025_01_bpo_managed_services_sales_lainnya_pendapatan,snapshot_istantoro_2022_mar_2026,2025-01,monthly,2025,1.0,BPO,Managed Services Sales - Lainnya,pendapatan,6591080.0,10603288.0
cm_2025_01_bpo_borongan_kendaraan_pendapatan,snapshot_istantoro_2022_mar_2026,2025-01,monthly,2025,1.0,BPO,Borongan Kendaraan,pendapatan,13491353.0,21763871.0
cm_2025_01_bpo_tenaga_kerja_borongan_pendapatan,snapshot_istantoro_2022_mar_2026,2025-01,monthly,2025,1.0,BPO,Tenaga Kerja Borongan,pendapatan,9758048366.0,15712407382.0
cm_2025_01_bpo_borongan_lainnya_pendapatan,snapshot_istantoro_2022_mar_2026,2025-01,monthly,2025,1.0,BPO,Borongan Lainnya,pendapatan,1990392493.0,3282030654.0
cm_2025_01_bpo_perawatan_atm_pendapatan,snapshot_istantoro_2022_mar_2026,2025-01,monthly,2025,1.0,BPO,Perawatan ATM,pendapatan,0.0,0.0
cm_2025_01_bpo_borongan_bri_pendapatan,snapshot_istantoro_2022_mar_2026,2025-01,monthly,2025,1.0,BPO,Borongan Klien,pendapatan,0.0,0.0
cm_2025_01_bpo_facility_services_pendapatan,snapshot_istantoro_2022_mar_2026,2025-01,monthly,2025,1.0,BPO,Facility Services,pendapatan,273806371.0,434403938.0
cm_2025_02_bpo_other_managed_services_qa_e_arsip_eo_pendapatan,snapshot_istantoro_2022_mar_2026,2025-02,monthly,2025,2.0,BPO,"Other Managed Services (QA, E-Arsip, EO)",pendapatan,3153602554.0,4456416783.0
cm_2025_02_bpo_managed_services_collection_pendapatan,snapshot_istantoro_2022_mar_2026,2025-02,monthly,2025,2.0,BPO,Managed Services Collection,pendapatan,7159506235.0,9736931221.0
cm_2025_02_bpo_managed_services_sales_kpr_pendapatan,snapshot_istantoro_2022_mar_2026,2025-02,monthly,2025,2.0,BPO,Managed Services Sales - KPR,pendapatan,2994494056.0,4136498833.0
cm_2025_02_bpo_managed_services_sales_briguna_pendapatan,snapshot_istantoro_2022_mar_2026,2025-02,monthly,2025,2.0,BPO,Managed Services Sales - Klien Pinjaman,pendapatan,1271198190.0,1844065850.0
cm_2025_02_bpo_managed_services_sales_funding_pendapatan,snapshot_istantoro_2022_mar_2026,2025-02,monthly,2025,2.0,BPO,Managed Services Sales - Funding,pendapatan,0.0,0.0
cm_2025_02_bpo_managed_services_sales_lainnya_pendapatan,snapshot_istantoro_2022_mar_2026,2025-02,monthly,2025,2.0,BPO,Managed Services Sales - Lainnya,pendapatan,0.0,0.0
cm_2025_02_bpo_borongan_kendaraan_pendapatan,snapshot_istantoro_2022_mar_2026,2025-02,monthly,2025,2.0,BPO,Borongan Kendaraan,pendapatan,23358612.0,33183117.0
cm_2025_02_bpo_tenaga_kerja_borongan_pendapatan,snapshot_istantoro_2022_mar_2026,2025-02,monthly,2025,2.0,BPO,Tenaga Kerja Borongan,pendapatan,10633305133.0,14814578843.0
cm_2025_02_bpo_borongan_lainnya_pendapatan,snapshot_istantoro_2022_mar_2026,2025-02,monthly,2025,2.0,BPO,Borongan Lainnya,pendapatan,1890574495.0,2778269929.0
cm_2025_02_bpo_perawatan_atm_pendapatan,snapshot_istantoro_2022_mar_2026,2025-02,monthly,2025,2.0,BPO,Perawatan ATM,pendapatan,0.0,0.0
cm_2025_02_bpo_borongan_bri_pendapatan,snapshot_istantoro_2022_mar_2026,2025-02,monthly,2025,2.0,BPO,Borongan Klien,pendapatan,0.0,0.0
cm_2025_02_bpo_facility_services_pendapatan,snapshot_istantoro_2022_mar_2026,2025-02,monthly,2025,2.0,BPO,Facility Services,pendapatan,223219578.0,315233130.0
cm_2025_03_bpo_other_managed_services_qa_e_arsip_eo_pendapatan,snapshot_istantoro_2022_mar_2026,2025-03,monthly,2025,3.0,BPO,"Other Managed Services (QA, E-Arsip, EO)",pendapatan,4212766123.0,7017881127.0
cm_2025_03_bpo_managed_services_collection_pendapatan,snapshot_istantoro_2022_mar_2026,2025-03,monthly,2025,3.0,BPO,Managed Services Collection,pendapatan,1252762409.0,2148060302.0
cm_2025_03_bpo_managed_services_sales_kpr_pendapatan,snapshot_istantoro_2022_mar_2026,2025-03,monthly,2025,3.0,BPO,Managed Services Sales - KPR,pendapatan,2248471790.0,3584173623.0
cm_2025_03_bpo_managed_services_sales_briguna_pendapatan,snapshot_istantoro_2022_mar_2026,2025-03,monthly,2025,3.0,BPO,Managed Services Sales - Klien Pinjaman,pendapatan,1217010288.0,2078464364.0
cm_2025_03_bpo_managed_services_sales_funding_pendapatan,snapshot_istantoro_2022_mar_2026,2025-03,monthly,2025,3.0,BPO,Managed Services Sales - Funding,pendapatan,0.0,0.0
cm_2025_03_bpo_managed_services_sales_lainnya_pendapatan,snapshot_istantoro_2022_mar_2026,2025-03,monthly,2025,3.0,BPO,Managed Services Sales - Lainnya,pendapatan,4177486.0,6725949.0
cm_2025_03_bpo_borongan_kendaraan_pendapatan,snapshot_istantoro_2022_mar_2026,2025-03,monthly,2025,3.0,BPO,Borongan Kendaraan,pendapatan,5672146.0,8864591.0
cm_2025_03_bpo_tenaga_kerja_borongan_pendapatan,snapshot_istantoro_2022_mar_2026,2025-03,monthly,2025,3.0,BPO,Tenaga Kerja Borongan,pendapatan,11321634747.0,19857496741.0
cm_2025_03_bpo_borongan_lainnya_pendapatan,snapshot_istantoro_2022_mar_2026,2025-03,monthly,2025,3.0,BPO,Borongan Lainnya,pendapatan,2083789559.0,3317692396.0
cm_2025_03_bpo_perawatan_atm_pendapatan,snapshot_istantoro_2022_mar_2026,2025-03,monthly,2025,3.0,BPO,Perawatan ATM,pendapatan,0.0,0.0
cm_2025_03_bpo_borongan_bri_pendapatan,snapshot_istantoro_2022_mar_2026,2025-03,monthly,2025,3.0,BPO,Borongan Klien,pendapatan,0.0,0.0
cm_2025_03_bpo_facility_services_pendapatan,snapshot_istantoro_2022_mar_2026,2025-03,monthly,2025,3.0,BPO,Facility Services,pendapatan,260539127.0,449850675.0
cm_2025_04_bpo_other_managed_services_qa_e_arsip_eo_pendapatan,snapshot_istantoro_2022_mar_2026,2025-04,monthly,2025,4.0,BPO,"Other Managed Services (QA, E-Arsip, EO)",pendapatan,3304703175.0,7242881338.0
cm_2025_04_bpo_managed_services_collection_pendapatan,snapshot_istantoro_2022_mar_2026,2025-04,monthly,2025,4.0,BPO,Managed Services Collection,pendapatan,1050177334.0,2386367860.0
cm_2025_04_bpo_managed_services_sales_kpr_pendapatan,snapshot_istantoro_2022_mar_2026,2025-04,monthly,2025,4.0,BPO,Managed Services Sales - KPR,pendapatan,2059371988.0,4497275283.0
cm_2025_04_bpo_managed_services_sales_briguna_pendapatan,snapshot_istantoro_2022_mar_2026,2025-04,monthly,2025,4.0,BPO,Managed Services Sales - Klien Pinjaman,pendapatan,846566494.0,1886592154.0
cm_2025_04_bpo_managed_services_sales_funding_pendapatan,snapshot_istantoro_2022_mar_2026,2025-04,monthly,2025,4.0,BPO,Managed Services Sales - Funding,pendapatan,0.0,0.0
cm_2025_04_bpo_managed_services_sales_lainnya_pendapatan,snapshot_istantoro_2022_mar_2026,2025-04,monthly,2025,4.0,BPO,Managed Services Sales - Lainnya,pendapatan,0.0,0.0
cm_2025_04_bpo_borongan_kendaraan_pendapatan,snapshot_istantoro_2022_mar_2026,2025-04,monthly,2025,4.0,BPO,Borongan Kendaraan,pendapatan,9897664.0,23628467.0
cm_2025_04_bpo_tenaga_kerja_borongan_pendapatan,snapshot_istantoro_2022_mar_2026,2025-04,monthly,2025,4.0,BPO,Tenaga Kerja Borongan,pendapatan,9556540683.0,20758910710.0
cm_2025_04_bpo_borongan_lainnya_pendapatan,snapshot_istantoro_2022_mar_2026,2025-04,monthly,2025,4.0,BPO,Borongan Lainnya,pendapatan,610306145.0,1299272394.0
cm_2025_04_bpo_perawatan_atm_pendapatan,snapshot_istantoro_2022_mar_2026,2025-04,monthly,2025,4.0,BPO,Perawatan ATM,pendapatan,0.0,0.0
cm_2025_04_bpo_borongan_bri_pendapatan,snapshot_istantoro_2022_mar_2026,2025-04,monthly,2025,4.0,BPO,Borongan Klien,pendapatan,0.0,0.0
cm_2025_04_bpo_facility_services_pendapatan,snapshot_istantoro_2022_mar_2026,2025-04,monthly,2025,4.0,BPO,Facility Services,pendapatan,6798087.0,15110054.0
cm_2025_05_bpo_other_managed_services_qa_e_arsip_eo_pendapatan,snapshot_istantoro_2022_mar_2026,2025-05,monthly,2025,5.0,BPO,"Other Managed Services (QA, E-Arsip, EO)",pendapatan,8143075052.0,13833395977.0
cm_2025_05_bpo_managed_services_collection_pendapatan,snapshot_istantoro_2022_mar_2026,2025-05,monthly,2025,5.0,BPO,Managed Services Collection,pendapatan,1329473166.0,2246564511.0
cm_2025_05_bpo_managed_services_sales_kpr_pendapatan,snapshot_istantoro_2022_mar_2026,2025-05,monthly,2025,5.0,BPO,Managed Services Sales - KPR,pendapatan,1687494415.0,3026052464.0
cm_2025_05_bpo_managed_services_sales_briguna_pendapatan,snapshot_istantoro_2022_mar_2026,2025-05,monthly,2025,5.0,BPO,Managed Services Sales - Klien Pinjaman,pendapatan,1024943814.0,1867093999.0
cm_2025_05_bpo_managed_services_sales_funding_pendapatan,snapshot_istantoro_2022_mar_2026,2025-05,monthly,2025,5.0,BPO,Managed Services Sales - Funding,pendapatan,0.0,0.0
cm_2025_05_bpo_managed_services_sales_lainnya_pendapatan,snapshot_istantoro_2022_mar_2026,2025-05,monthly,2025,5.0,BPO,Managed Services Sales - Lainnya,pendapatan,0.0,0.0
cm_2025_05_bpo_borongan_kendaraan_pendapatan,snapshot_istantoro_2022_mar_2026,2025-05,monthly,2025,5.0,BPO,Borongan Kendaraan,pendapatan,11964682.0,21293868.0
cm_2025_05_bpo_tenaga_kerja_borongan_pendapatan,snapshot_istantoro_2022_mar_2026,2025-05,monthly,2025,5.0,BPO,Tenaga Kerja Borongan,pendapatan,8893689180.0,15531791593.0
cm_2025_05_bpo_borongan_lainnya_pendapatan,snapshot_istantoro_2022_mar_2026,2025-05,monthly,2025,5.0,BPO,Borongan Lainnya,pendapatan,619266064.0,1083039126.0
cm_2025_05_bpo_perawatan_atm_pendapatan,snapshot_istantoro_2022_mar_2026,2025-05,monthly,2025,5.0,BPO,Perawatan ATM,pendapatan,0.0,0.0
cm_2025_05_bpo_borongan_bri_pendapatan,snapshot_istantoro_2022_mar_2026,2025-05,monthly,2025,5.0,BPO,Borongan Klien,pendapatan,0.0,0.0
cm_2025_05_bpo_facility_services_pendapatan,snapshot_istantoro_2022_mar_2026,2025-05,monthly,2025,5.0,BPO,Facility Services,pendapatan,65395377.0,112077510.0
cm_2025_06_bpo_other_managed_services_qa_e_arsip_eo_pendapatan,snapshot_istantoro_2022_mar_2026,2025-06,monthly,2025,6.0,BPO,"Other Managed Services (QA, E-Arsip, EO)",pendapatan,1838568676.0,4236148259.0
cm_2025_06_bpo_managed_services_collection_pendapatan,snapshot_istantoro_2022_mar_2026,2025-06,monthly,2025,6.0,BPO,Managed Services Collection,pendapatan,1381400776.0,3170277603.0
cm_2025_06_bpo_managed_services_sales_kpr_pendapatan,snapshot_istantoro_2022_mar_2026,2025-06,monthly,2025,6.0,BPO,Managed Services Sales - KPR,pendapatan,1833643036.0,4038851521.0
cm_2025_06_bpo_managed_services_sales_briguna_pendapatan,snapshot_istantoro_2022_mar_2026,2025-06,monthly,2025,6.0,BPO,Managed Services Sales - Klien Pinjaman,pendapatan,1279504292.0,2830580910.0
cm_2025_06_bpo_managed_services_sales_funding_pendapatan,snapshot_istantoro_2022_mar_2026,2025-06,monthly,2025,6.0,BPO,Managed Services Sales - Funding,pendapatan,0.0,0.0
cm_2025_06_bpo_managed_services_sales_lainnya_pendapatan,snapshot_istantoro_2022_mar_2026,2025-06,monthly,2025,6.0,BPO,Managed Services Sales - Lainnya,pendapatan,0.0,0.0
cm_2025_06_bpo_borongan_kendaraan_pendapatan,snapshot_istantoro_2022_mar_2026,2025-06,monthly,2025,6.0,BPO,Borongan Kendaraan,pendapatan,38446212.0,84531216.0
cm_2025_06_bpo_tenaga_kerja_borongan_pendapatan,snapshot_istantoro_2022_mar_2026,2025-06,monthly,2025,6.0,BPO,Tenaga Kerja Borongan,pendapatan,10041738598.0,21913792243.0
cm_2025_06_bpo_borongan_lainnya_pendapatan,snapshot_istantoro_2022_mar_2026,2025-06,monthly,2025,6.0,BPO,Borongan Lainnya,pendapatan,555616932.0,1245482485.0
cm_2025_06_bpo_perawatan_atm_pendapatan,snapshot_istantoro_2022_mar_2026,2025-06,monthly,2025,6.0,BPO,Perawatan ATM,pendapatan,0.0,0.0
cm_2025_06_bpo_borongan_bri_pendapatan,snapshot_istantoro_2022_mar_2026,2025-06,monthly,2025,6.0,BPO,Borongan Klien,pendapatan,0.0,0.0
cm_2025_06_bpo_facility_services_pendapatan,snapshot_istantoro_2022_mar_2026,2025-06,monthly,2025,6.0,BPO,Facility Services,pendapatan,19412521.0,46385457.0
cm_2025_07_bpo_other_managed_services_qa_e_arsip_eo_pendapatan,snapshot_istantoro_2022_mar_2026,2025-07,monthly,2025,7.0,BPO,"Other Managed Services (QA, E-Arsip, EO)",pendapatan,2166428321.0,4747413313.0
cm_2025_07_bpo_managed_services_collection_pendapatan,snapshot_istantoro_2022_mar_2026,2025-07,monthly,2025,7.0,BPO,Managed Services Collection,pendapatan,1348913789.0,2991765452.0
cm_2025_07_bpo_managed_services_sales_kpr_pendapatan,snapshot_istantoro_2022_mar_2026,2025-07,monthly,2025,7.0,BPO,Managed Services Sales - KPR,pendapatan,1742218010.0,3941631197.0
cm_2025_07_bpo_managed_services_sales_briguna_pendapatan,snapshot_istantoro_2022_mar_2026,2025-07,monthly,2025,7.0,BPO,Managed Services Sales - Klien Pinjaman,pendapatan,1065594743.0,2439099082.0
cm_2025_07_bpo_managed_services_sales_funding_pendapatan,snapshot_istantoro_2022_mar_2026,2025-07,monthly,2025,7.0,BPO,Managed Services Sales - Funding,pendapatan,0.0,0.0
cm_2025_07_bpo_managed_services_sales_lainnya_pendapatan,snapshot_istantoro_2022_mar_2026,2025-07,monthly,2025,7.0,BPO,Managed Services Sales - Lainnya,pendapatan,0.0,0.0
cm_2025_07_bpo_borongan_kendaraan_pendapatan,snapshot_istantoro_2022_mar_2026,2025-07,monthly,2025,7.0,BPO,Borongan Kendaraan,pendapatan,5687607.0,12753910.0
cm_2025_07_bpo_tenaga_kerja_borongan_pendapatan,snapshot_istantoro_2022_mar_2026,2025-07,monthly,2025,7.0,BPO,Tenaga Kerja Borongan,pendapatan,10299209507.0,21792696599.0
cm_2025_07_bpo_borongan_lainnya_pendapatan,snapshot_istantoro_2022_mar_2026,2025-07,monthly,2025,7.0,BPO,Borongan Lainnya,pendapatan,574192377.0,1297589874.0
cm_2025_07_bpo_perawatan_atm_pendapatan,snapshot_istantoro_2022_mar_2026,2025-07,monthly,2025,7.0,BPO,Perawatan ATM,pendapatan,0.0,0.0
cm_2025_07_bpo_borongan_bri_pendapatan,snapshot_istantoro_2022_mar_2026,2025-07,monthly,2025,7.0,BPO,Borongan Klien,pendapatan,0.0,0.0
cm_2025_07_bpo_facility_services_pendapatan,snapshot_istantoro_2022_mar_2026,2025-07,monthly,2025,7.0,BPO,Facility Services,pendapatan,90363764.0,217612996.0
cm_2025_08_bpo_other_managed_services_qa_e_arsip_eo_pendapatan,snapshot_istantoro_2022_mar_2026,2025-08,monthly,2025,8.0,BPO,"Other Managed Services (QA, E-Arsip, EO)",pendapatan,2155598756.0,4984214982.0
cm_2025_08_bpo_managed_services_collection_pendapatan,snapshot_istantoro_2022_mar_2026,2025-08,monthly,2025,8.0,BPO,Managed Services Collection,pendapatan,1646701608.0,3612136782.0
cm_2025_08_bpo_managed_services_sales_kpr_pendapatan,snapshot_istantoro_2022_mar_2026,2025-08,monthly,2025,8.0,BPO,Managed Services Sales - KPR,pendapatan,2219062970.0,4734420520.0
cm_2025_08_bpo_managed_services_sales_briguna_pendapatan,snapshot_istantoro_2022_mar_2026,2025-08,monthly,2025,8.0,BPO,Managed Services Sales - Klien Pinjaman,pendapatan,1334821928.0,2926172739.0
cm_2025_08_bpo_managed_services_sales_funding_pendapatan,snapshot_istantoro_2022_mar_2026,2025-08,monthly,2025,8.0,BPO,Managed Services Sales - Funding,pendapatan,0.0,0.0
cm_2025_08_bpo_managed_services_sales_lainnya_pendapatan,snapshot_istantoro_2022_mar_2026,2025-08,monthly,2025,8.0,BPO,Managed Services Sales - Lainnya,pendapatan,0.0,0.0
cm_2025_08_bpo_borongan_kendaraan_pendapatan,snapshot_istantoro_2022_mar_2026,2025-08,monthly,2025,8.0,BPO,Borongan Kendaraan,pendapatan,14418853.0,32471709.0
cm_2025_08_bpo_tenaga_kerja_borongan_pendapatan,snapshot_istantoro_2022_mar_2026,2025-08,monthly,2025,8.0,BPO,Tenaga Kerja Borongan,pendapatan,9385422258.0,20807633182.0
cm_2025_08_bpo_borongan_lainnya_pendapatan,snapshot_istantoro_2022_mar_2026,2025-08,monthly,2025,8.0,BPO,Borongan Lainnya,pendapatan,553458027.0,1207971762.0
cm_2025_08_bpo_perawatan_atm_pendapatan,snapshot_istantoro_2022_mar_2026,2025-08,monthly,2025,8.0,BPO,Perawatan ATM,pendapatan,0.0,0.0
cm_2025_08_bpo_borongan_bri_pendapatan,snapshot_istantoro_2022_mar_2026,2025-08,monthly,2025,8.0,BPO,Borongan Klien,pendapatan,0.0,0.0
cm_2025_08_bpo_facility_services_pendapatan,snapshot_istantoro_2022_mar_2026,2025-08,monthly,2025,8.0,BPO,Facility Services,pendapatan,11360138.0,24877610.0
cm_2025_09_bpo_other_managed_services_qa_e_arsip_eo_pendapatan,snapshot_istantoro_2022_mar_2026,2025-09,monthly,2025,9.0,BPO,"Other Managed Services (QA, E-Arsip, EO)",pendapatan,2262841212.0,5066450511.0
cm_2025_09_bpo_managed_services_collection_pendapatan,snapshot_istantoro_2022_mar_2026,2025-09,monthly,2025,9.0,BPO,Managed Services Collection,pendapatan,1363610821.0,3292162215.0
cm_2025_09_bpo_managed_services_sales_kpr_pendapatan,snapshot_istantoro_2022_mar_2026,2025-09,monthly,2025,9.0,BPO,Managed Services Sales - KPR,pendapatan,1923585026.0,4521127426.0
cm_2025_09_bpo_managed_services_sales_briguna_pendapatan,snapshot_istantoro_2022_mar_2026,2025-09,monthly,2025,9.0,BPO,Managed Services Sales - Klien Pinjaman,pendapatan,1266495892.0,2966013944.0
cm_2025_09_bpo_managed_services_sales_funding_pendapatan,snapshot_istantoro_2022_mar_2026,2025-09,monthly,2025,9.0,BPO,Managed Services Sales - Funding,pendapatan,0.0,0.0
cm_2025_09_bpo_managed_services_sales_lainnya_pendapatan,snapshot_istantoro_2022_mar_2026,2025-09,monthly,2025,9.0,BPO,Managed Services Sales - Lainnya,pendapatan,0.0,0.0
cm_2025_09_bpo_borongan_kendaraan_pendapatan,snapshot_istantoro_2022_mar_2026,2025-09,monthly,2025,9.0,BPO,Borongan Kendaraan,pendapatan,5516108.0,13253536.0
cm_2025_09_bpo_tenaga_kerja_borongan_pendapatan,snapshot_istantoro_2022_mar_2026,2025-09,monthly,2025,9.0,BPO,Tenaga Kerja Borongan,pendapatan,9047746368.0,20548145736.0
cm_2025_09_bpo_borongan_lainnya_pendapatan,snapshot_istantoro_2022_mar_2026,2025-09,monthly,2025,9.0,BPO,Borongan Lainnya,pendapatan,501150649.0,1168233963.0
cm_2025_09_bpo_perawatan_atm_pendapatan,snapshot_istantoro_2022_mar_2026,2025-09,monthly,2025,9.0,BPO,Perawatan ATM,pendapatan,0.0,0.0
cm_2025_09_bpo_borongan_bri_pendapatan,snapshot_istantoro_2022_mar_2026,2025-09,monthly,2025,9.0,BPO,Borongan Klien,pendapatan,0.0,0.0
cm_2025_09_bpo_facility_services_pendapatan,snapshot_istantoro_2022_mar_2026,2025-09,monthly,2025,9.0,BPO,Facility Services,pendapatan,61494553.0,140276891.0
cm_2025_10_bpo_other_managed_services_qa_e_arsip_eo_pendapatan,snapshot_istantoro_2022_mar_2026,2025-10,monthly,2025,10.0,BPO,"Other Managed Services (QA, E-Arsip, EO)",pendapatan,1296524778.0,2885409558.0
cm_2025_10_bpo_managed_services_collection_pendapatan,snapshot_istantoro_2022_mar_2026,2025-10,monthly,2025,10.0,BPO,Managed Services Collection,pendapatan,1362094596.0,3009552590.0
cm_2025_10_bpo_managed_services_sales_kpr_pendapatan,snapshot_istantoro_2022_mar_2026,2025-10,monthly,2025,10.0,BPO,Managed Services Sales - KPR,pendapatan,1682128748.0,3506490857.0
cm_2025_10_bpo_managed_services_sales_briguna_pendapatan,snapshot_istantoro_2022_mar_2026,2025-10,monthly,2025,10.0,BPO,Managed Services Sales - Klien Pinjaman,pendapatan,1545299815.0,3363161650.0
cm_2025_10_bpo_managed_services_sales_funding_pendapatan,snapshot_istantoro_2022_mar_2026,2025-10,monthly,2025,10.0,BPO,Managed Services Sales - Funding,pendapatan,0.0,0.0
cm_2025_10_bpo_managed_services_sales_lainnya_pendapatan,snapshot_istantoro_2022_mar_2026,2025-10,monthly,2025,10.0,BPO,Managed Services Sales - Lainnya,pendapatan,0.0,0.0
cm_2025_10_bpo_borongan_kendaraan_pendapatan,snapshot_istantoro_2022_mar_2026,2025-10,monthly,2025,10.0,BPO,Borongan Kendaraan,pendapatan,30501441.0,69442481.0
cm_2025_10_bpo_tenaga_kerja_borongan_pendapatan,snapshot_istantoro_2022_mar_2026,2025-10,monthly,2025,10.0,BPO,Tenaga Kerja Borongan,pendapatan,10426145327.0,23074704464.0
cm_2025_10_bpo_borongan_lainnya_pendapatan,snapshot_istantoro_2022_mar_2026,2025-10,monthly,2025,10.0,BPO,Borongan Lainnya,pendapatan,561053939.0,1293642804.0
cm_2025_10_bpo_perawatan_atm_pendapatan,snapshot_istantoro_2022_mar_2026,2025-10,monthly,2025,10.0,BPO,Perawatan ATM,pendapatan,0.0,0.0
cm_2025_10_bpo_borongan_bri_pendapatan,snapshot_istantoro_2022_mar_2026,2025-10,monthly,2025,10.0,BPO,Borongan Klien,pendapatan,0.0,0.0
cm_2025_10_bpo_facility_services_pendapatan,snapshot_istantoro_2022_mar_2026,2025-10,monthly,2025,10.0,BPO,Facility Services,pendapatan,30155190.0,62631013.0
cm_2025_11_bpo_other_managed_services_qa_e_arsip_eo_pendapatan,snapshot_istantoro_2022_mar_2026,2025-11,monthly,2025,11.0,BPO,"Other Managed Services (QA, E-Arsip, EO)",pendapatan,1496415534.0,3584061488.0
cm_2025_11_bpo_managed_services_collection_pendapatan,snapshot_istantoro_2022_mar_2026,2025-11,monthly,2025,11.0,BPO,Managed Services Collection,pendapatan,1550286366.0,3762492525.0
cm_2025_11_bpo_managed_services_sales_kpr_pendapatan,snapshot_istantoro_2022_mar_2026,2025-11,monthly,2025,11.0,BPO,Managed Services Sales - KPR,pendapatan,1660823377.0,3928708340.0
cm_2025_11_bpo_managed_services_sales_briguna_pendapatan,snapshot_istantoro_2022_mar_2026,2025-11,monthly,2025,11.0,BPO,Managed Services Sales - Klien Pinjaman,pendapatan,2289667909.0,5388928454.0
cm_2025_11_bpo_managed_services_sales_funding_pendapatan,snapshot_istantoro_2022_mar_2026,2025-11,monthly,2025,11.0,BPO,Managed Services Sales - Funding,pendapatan,0.0,0.0
cm_2025_11_bpo_managed_services_sales_lainnya_pendapatan,snapshot_istantoro_2022_mar_2026,2025-11,monthly,2025,11.0,BPO,Managed Services Sales - Lainnya,pendapatan,0.0,0.0
cm_2025_11_bpo_borongan_kendaraan_pendapatan,snapshot_istantoro_2022_mar_2026,2025-11,monthly,2025,11.0,BPO,Borongan Kendaraan,pendapatan,5316772.0,12536951.0
cm_2025_11_bpo_tenaga_kerja_borongan_pendapatan,snapshot_istantoro_2022_mar_2026,2025-11,monthly,2025,11.0,BPO,Tenaga Kerja Borongan,pendapatan,8753761676.0,19797783475.0
cm_2025_11_bpo_borongan_lainnya_pendapatan,snapshot_istantoro_2022_mar_2026,2025-11,monthly,2025,11.0,BPO,Borongan Lainnya,pendapatan,450384450.0,1078285662.0
cm_2025_11_bpo_perawatan_atm_pendapatan,snapshot_istantoro_2022_mar_2026,2025-11,monthly,2025,11.0,BPO,Perawatan ATM,pendapatan,0.0,0.0
cm_2025_11_bpo_borongan_bri_pendapatan,snapshot_istantoro_2022_mar_2026,2025-11,monthly,2025,11.0,BPO,Borongan Klien,pendapatan,0.0,0.0
cm_2025_11_bpo_facility_services_pendapatan,snapshot_istantoro_2022_mar_2026,2025-11,monthly,2025,11.0,BPO,Facility Services,pendapatan,19012626.0,41686910.0
cm_2025_12_bpo_other_managed_services_qa_e_arsip_eo_pendapatan,snapshot_istantoro_2022_mar_2026,2025-12,monthly,2025,12.0,BPO,"Other Managed Services (QA, E-Arsip, EO)",pendapatan,1595079097.0,3543892063.0
cm_2025_12_bpo_managed_services_collection_pendapatan,snapshot_istantoro_2022_mar_2026,2025-12,monthly,2025,12.0,BPO,Managed Services Collection,pendapatan,1527370953.0,3249787841.0
cm_2025_12_bpo_managed_services_sales_kpr_pendapatan,snapshot_istantoro_2022_mar_2026,2025-12,monthly,2025,12.0,BPO,Managed Services Sales - KPR,pendapatan,1575367760.0,3265884934.0
cm_2025_12_bpo_managed_services_sales_briguna_pendapatan,snapshot_istantoro_2022_mar_2026,2025-12,monthly,2025,12.0,BPO,Managed Services Sales - Klien Pinjaman,pendapatan,2419638613.0,5014781234.0
cm_2025_12_bpo_managed_services_sales_funding_pendapatan,snapshot_istantoro_2022_mar_2026,2025-12,monthly,2025,12.0,BPO,Managed Services Sales - Funding,pendapatan,0.0,0.0
cm_2025_12_bpo_managed_services_sales_lainnya_pendapatan,snapshot_istantoro_2022_mar_2026,2025-12,monthly,2025,12.0,BPO,Managed Services Sales - Lainnya,pendapatan,0.0,0.0
cm_2025_12_bpo_borongan_kendaraan_pendapatan,snapshot_istantoro_2022_mar_2026,2025-12,monthly,2025,12.0,BPO,Borongan Kendaraan,pendapatan,30937428.0,65353930.0
cm_2025_12_bpo_tenaga_kerja_borongan_pendapatan,snapshot_istantoro_2022_mar_2026,2025-12,monthly,2025,12.0,BPO,Tenaga Kerja Borongan,pendapatan,9841838995.0,21706411568.0
cm_2025_12_bpo_borongan_lainnya_pendapatan,snapshot_istantoro_2022_mar_2026,2025-12,monthly,2025,12.0,BPO,Borongan Lainnya,pendapatan,562126472.0,1260878675.0
cm_2025_12_bpo_perawatan_atm_pendapatan,snapshot_istantoro_2022_mar_2026,2025-12,monthly,2025,12.0,BPO,Perawatan ATM,pendapatan,0.0,0.0
cm_2025_12_bpo_borongan_bri_pendapatan,snapshot_istantoro_2022_mar_2026,2025-12,monthly,2025,12.0,BPO,Borongan Klien,pendapatan,0.0,0.0
cm_2025_12_bpo_facility_services_pendapatan,snapshot_istantoro_2022_mar_2026,2025-12,monthly,2025,12.0,BPO,Facility Services,pendapatan,68155139.0,139923420.0
cm_2026_01_bpo_other_managed_services_qa_e_arsip_eo_pendapatan,snapshot_istantoro_2022_mar_2026,2026-01,monthly,2026,1.0,BPO,"Other Managed Services (QA, E-Arsip, EO)",pendapatan,1769778192.0,2685951069.0
cm_2026_01_bpo_managed_services_collection_pendapatan,snapshot_istantoro_2022_mar_2026,2026-01,monthly,2026,1.0,BPO,Managed Services Collection,pendapatan,1084294597.0,1668186495.0
cm_2026_01_bpo_managed_services_sales_kpr_pendapatan,snapshot_istantoro_2022_mar_2026,2026-01,monthly,2026,1.0,BPO,Managed Services Sales - KPR,pendapatan,1885733082.0,2928945136.0
cm_2026_01_bpo_managed_services_sales_briguna_pendapatan,snapshot_istantoro_2022_mar_2026,2026-01,monthly,2026,1.0,BPO,Managed Services Sales - Klien Pinjaman,pendapatan,2637034819.0,4011351876.0
cm_2026_01_bpo_managed_services_sales_funding_pendapatan,snapshot_istantoro_2022_mar_2026,2026-01,monthly,2026,1.0,BPO,Managed Services Sales - Funding,pendapatan,0.0,0.0
cm_2026_01_bpo_managed_services_sales_lainnya_pendapatan,snapshot_istantoro_2022_mar_2026,2026-01,monthly,2026,1.0,BPO,Managed Services Sales - Lainnya,pendapatan,0.0,0.0
cm_2026_01_bpo_borongan_kendaraan_pendapatan,snapshot_istantoro_2022_mar_2026,2026-01,monthly,2026,1.0,BPO,Borongan Kendaraan,pendapatan,5536668.0,8422966.0
cm_2026_01_bpo_tenaga_kerja_borongan_pendapatan,snapshot_istantoro_2022_mar_2026,2026-01,monthly,2026,1.0,BPO,Tenaga Kerja Borongan,pendapatan,7228629427.0,11477358596.0
cm_2026_01_bpo_borongan_lainnya_pendapatan,snapshot_istantoro_2022_mar_2026,2026-01,monthly,2026,1.0,BPO,Borongan Lainnya,pendapatan,462441873.0,719535983.0
cm_2026_01_bpo_perawatan_atm_pendapatan,snapshot_istantoro_2022_mar_2026,2026-01,monthly,2026,1.0,BPO,Perawatan ATM,pendapatan,29051283.0,42819242.0
cm_2026_01_bpo_borongan_bri_pendapatan,snapshot_istantoro_2022_mar_2026,2026-01,monthly,2026,1.0,BPO,Borongan Klien,pendapatan,0.0,0.0
cm_2026_01_bpo_facility_services_pendapatan,snapshot_istantoro_2022_mar_2026,2026-01,monthly,2026,1.0,BPO,Facility Services,pendapatan,19788921.0,32626282.0
cm_2026_02_bpo_other_managed_services_qa_e_arsip_eo_pendapatan,snapshot_istantoro_2022_mar_2026,2026-02,monthly,2026,2.0,BPO,"Other Managed Services (QA, E-Arsip, EO)",pendapatan,1324307632.0,2363420213.0
cm_2026_02_bpo_managed_services_collection_pendapatan,snapshot_istantoro_2022_mar_2026,2026-02,monthly,2026,2.0,BPO,Managed Services Collection,pendapatan,809475411.0,1493348915.0
cm_2026_02_bpo_managed_services_sales_kpr_pendapatan,snapshot_istantoro_2022_mar_2026,2026-02,monthly,2026,2.0,BPO,Managed Services Sales - KPR,pendapatan,1148934655.0,2120649070.0
cm_2026_02_bpo_managed_services_sales_briguna_pendapatan,snapshot_istantoro_2022_mar_2026,2026-02,monthly,2026,2.0,BPO,Managed Services Sales - Klien Pinjaman,pendapatan,1713090196.0,3224098662.0
cm_2026_02_bpo_managed_services_sales_funding_pendapatan,snapshot_istantoro_2022_mar_2026,2026-02,monthly,2026,2.0,BPO,Managed Services Sales - Funding,pendapatan,0.0,0.0
cm_2026_02_bpo_managed_services_sales_lainnya_pendapatan,snapshot_istantoro_2022_mar_2026,2026-02,monthly,2026,2.0,BPO,Managed Services Sales - Lainnya,pendapatan,0.0,0.0
cm_2026_02_bpo_borongan_kendaraan_pendapatan,snapshot_istantoro_2022_mar_2026,2026-02,monthly,2026,2.0,BPO,Borongan Kendaraan,pendapatan,11978257.0,22048795.0
cm_2026_02_bpo_tenaga_kerja_borongan_pendapatan,snapshot_istantoro_2022_mar_2026,2026-02,monthly,2026,2.0,BPO,Tenaga Kerja Borongan,pendapatan,7680870534.0,13858542497.0
cm_2026_02_bpo_borongan_lainnya_pendapatan,snapshot_istantoro_2022_mar_2026,2026-02,monthly,2026,2.0,BPO,Borongan Lainnya,pendapatan,403678179.0,767679852.0
cm_2026_02_bpo_perawatan_atm_pendapatan,snapshot_istantoro_2022_mar_2026,2026-02,monthly,2026,2.0,BPO,Perawatan ATM,pendapatan,0.0,0.0
cm_2026_02_bpo_borongan_bri_pendapatan,snapshot_istantoro_2022_mar_2026,2026-02,monthly,2026,2.0,BPO,Borongan Klien,pendapatan,0.0,0.0
cm_2026_02_bpo_facility_services_pendapatan,snapshot_istantoro_2022_mar_2026,2026-02,monthly,2026,2.0,BPO,Facility Services,pendapatan,28460265.0,52101534.0
cm_2026_03_bpo_other_managed_services_qa_e_arsip_eo_pendapatan,snapshot_istantoro_2022_mar_2026,2026-03,monthly,2026,3.0,BPO,"Other Managed Services (QA, E-Arsip, EO)",pendapatan,1166630108.0,1574297297.0
cm_2026_03_bpo_managed_services_collection_pendapatan,snapshot_istantoro_2022_mar_2026,2026-03,monthly,2026,3.0,BPO,Managed Services Collection,pendapatan,1120785717.0,1493616395.0
cm_2026_03_bpo_managed_services_sales_kpr_pendapatan,snapshot_istantoro_2022_mar_2026,2026-03,monthly,2026,3.0,BPO,Managed Services Sales - KPR,pendapatan,1587362909.0,2301710804.0
cm_2026_03_bpo_managed_services_sales_briguna_pendapatan,snapshot_istantoro_2022_mar_2026,2026-03,monthly,2026,3.0,BPO,Managed Services Sales - Klien Pinjaman,pendapatan,1582282150.0,2170466198.0
cm_2026_03_bpo_managed_services_sales_funding_pendapatan,snapshot_istantoro_2022_mar_2026,2026-03,monthly,2026,3.0,BPO,Managed Services Sales - Funding,pendapatan,0.0,0.0
cm_2026_03_bpo_managed_services_sales_lainnya_pendapatan,snapshot_istantoro_2022_mar_2026,2026-03,monthly,2026,3.0,BPO,Managed Services Sales - Lainnya,pendapatan,0.0,0.0
cm_2026_03_bpo_borongan_kendaraan_pendapatan,snapshot_istantoro_2022_mar_2026,2026-03,monthly,2026,3.0,BPO,Borongan Kendaraan,pendapatan,0.0,0.0
cm_2026_03_bpo_tenaga_kerja_borongan_pendapatan,snapshot_istantoro_2022_mar_2026,2026-03,monthly,2026,3.0,BPO,Tenaga Kerja Borongan,pendapatan,10806763064.0,14930993061.0
cm_2026_03_bpo_borongan_lainnya_pendapatan,snapshot_istantoro_2022_mar_2026,2026-03,monthly,2026,3.0,BPO,Borongan Lainnya,pendapatan,645048800.0,833601338.0
cm_2026_03_bpo_perawatan_atm_pendapatan,snapshot_istantoro_2022_mar_2026,2026-03,monthly,2026,3.0,BPO,Perawatan ATM,pendapatan,0.0,0.0
cm_2026_03_bpo_borongan_bri_pendapatan,snapshot_istantoro_2022_mar_2026,2026-03,monthly,2026,3.0,BPO,Borongan Klien,pendapatan,0.0,0.0
cm_2026_03_bpo_facility_services_pendapatan,snapshot_istantoro_2022_mar_2026,2026-03,monthly,2026,3.0,BPO,Facility Services,pendapatan,51852410.0,67208314.0
cm_2022_kpo_diklat_kpo_diklat_satpam_pendapatan,snapshot_istantoro_2022_mar_2026,2022,annual,2022,,KPO - DIKLAT,KPO Diklat Satpam,pendapatan,16031787532.0,12321693989.0
cm_2023_kpo_diklat_kpo_diklat_satpam_pendapatan,snapshot_istantoro_2022_mar_2026,2023,annual,2023,,KPO - DIKLAT,KPO Diklat Satpam,pendapatan,18012397531.0,17183123852.0
cm_2024_kpo_diklat_kpo_diklat_satpam_pendapatan,snapshot_istantoro_2022_mar_2026,2024,annual,2024,,KPO - DIKLAT,KPO Diklat Satpam,pendapatan,20898819431.0,17141956656.0
cm_2025_kpo_diklat_kpo_diklat_satpam_pendapatan,snapshot_istantoro_2022_mar_2026,2025,annual,2025,,KPO - DIKLAT,KPO Diklat Satpam,pendapatan,19132033750.0,25263529109.0
cm_2025_01_kpo_diklat_kpo_diklat_satpam_pendapatan,snapshot_istantoro_2022_mar_2026,2025-01,monthly,2025,1.0,KPO - DIKLAT,KPO Diklat Satpam,pendapatan,1106788556.0,2197990332.0
cm_2025_02_kpo_diklat_kpo_diklat_satpam_pendapatan,snapshot_istantoro_2022_mar_2026,2025-02,monthly,2025,2.0,KPO - DIKLAT,KPO Diklat Satpam,pendapatan,2809229098.0,2145270181.0
cm_2025_03_kpo_diklat_kpo_diklat_satpam_pendapatan,snapshot_istantoro_2022_mar_2026,2025-03,monthly,2025,3.0,KPO - DIKLAT,KPO Diklat Satpam,pendapatan,1045357605.0,2189700495.0
cm_2025_04_kpo_diklat_kpo_diklat_satpam_pendapatan,snapshot_istantoro_2022_mar_2026,2025-04,monthly,2025,4.0,KPO - DIKLAT,KPO Diklat Satpam,pendapatan,749445398.0,2175588251.0
cm_2025_05_kpo_diklat_kpo_diklat_satpam_pendapatan,snapshot_istantoro_2022_mar_2026,2025-05,monthly,2025,5.0,KPO - DIKLAT,KPO Diklat Satpam,pendapatan,1917438986.0,2147768046.0
cm_2025_06_kpo_diklat_kpo_diklat_satpam_pendapatan,snapshot_istantoro_2022_mar_2026,2025-06,monthly,2025,6.0,KPO - DIKLAT,KPO Diklat Satpam,pendapatan,1463227463.0,2120688443.0
cm_2025_07_kpo_diklat_kpo_diklat_satpam_pendapatan,snapshot_istantoro_2022_mar_2026,2025-07,monthly,2025,7.0,KPO - DIKLAT,KPO Diklat Satpam,pendapatan,2067681842.0,2115464224.0
cm_2025_08_kpo_diklat_kpo_diklat_satpam_pendapatan,snapshot_istantoro_2022_mar_2026,2025-08,monthly,2025,8.0,KPO - DIKLAT,KPO Diklat Satpam,pendapatan,1145720942.0,2211356191.0
cm_2025_09_kpo_diklat_kpo_diklat_satpam_pendapatan,snapshot_istantoro_2022_mar_2026,2025-09,monthly,2025,9.0,KPO - DIKLAT,KPO Diklat Satpam,pendapatan,778423509.0,2222658626.0
cm_2025_10_kpo_diklat_kpo_diklat_satpam_pendapatan,snapshot_istantoro_2022_mar_2026,2025-10,monthly,2025,10.0,KPO - DIKLAT,KPO Diklat Satpam,pendapatan,1776547315.0,2187714232.0
cm_2025_11_kpo_diklat_kpo_diklat_satpam_pendapatan,snapshot_istantoro_2022_mar_2026,2025-11,monthly,2025,11.0,KPO - DIKLAT,KPO Diklat Satpam,pendapatan,2326060319.0,2116637046.0
cm_2025_12_kpo_diklat_kpo_diklat_satpam_pendapatan,snapshot_istantoro_2022_mar_2026,2025-12,monthly,2025,12.0,KPO - DIKLAT,KPO Diklat Satpam,pendapatan,1600093465.0,2155482118.0
cm_2026_01_kpo_diklat_kpo_diklat_satpam_pendapatan,snapshot_istantoro_2022_mar_2026,2026-01,monthly,2026,1.0,KPO - DIKLAT,KPO Diklat Satpam,pendapatan,1430041033.0,1581901786.0
cm_2026_02_kpo_diklat_kpo_diklat_satpam_pendapatan,snapshot_istantoro_2022_mar_2026,2026-02,monthly,2026,2.0,KPO - DIKLAT,KPO Diklat Satpam,pendapatan,863245218.0,1586665736.0
cm_2026_03_kpo_diklat_kpo_diklat_satpam_pendapatan,snapshot_istantoro_2022_mar_2026,2026-03,monthly,2026,3.0,KPO - DIKLAT,KPO Diklat Satpam,pendapatan,423076775.0,1524721240.0
cm_2022_kpo_training_training_corporate_pendapatan,snapshot_istantoro_2022_mar_2026,2022,annual,2022,,KPO - TRAINING,Training Corporate,pendapatan,1074499425.0,544208560.0
cm_2022_kpo_training_training_webinar_reguler_pendapatan,snapshot_istantoro_2022_mar_2026,2022,annual,2022,,KPO - TRAINING,Training Webinar/Reguler,pendapatan,201800178.0,105088480.0
cm_2022_kpo_training_training_universitas_pendapatan,snapshot_istantoro_2022_mar_2026,2022,annual,2022,,KPO - TRAINING,Training Universitas,pendapatan,218280405.0,112219668.0
cm_2023_kpo_training_training_corporate_pendapatan,snapshot_istantoro_2022_mar_2026,2023,annual,2023,,KPO - TRAINING,Training Corporate,pendapatan,10565946050.0,2062314742.0
cm_2023_kpo_training_training_webinar_reguler_pendapatan,snapshot_istantoro_2022_mar_2026,2023,annual,2023,,KPO - TRAINING,Training Webinar/Reguler,pendapatan,259985895.0,52111541.0
cm_2023_kpo_training_training_universitas_pendapatan,snapshot_istantoro_2022_mar_2026,2023,annual,2023,,KPO - TRAINING,Training Universitas,pendapatan,186494079.0,36777587.0
cm_2024_kpo_training_training_corporate_pendapatan,snapshot_istantoro_2022_mar_2026,2024,annual,2024,,KPO - TRAINING,Training Corporate,pendapatan,5078329612.0,1934119764.0
cm_2024_kpo_training_training_webinar_reguler_pendapatan,snapshot_istantoro_2022_mar_2026,2024,annual,2024,,KPO - TRAINING,Training Webinar/Reguler,pendapatan,629818942.0,257356211.0
cm_2024_kpo_training_training_universitas_pendapatan,snapshot_istantoro_2022_mar_2026,2024,annual,2024,,KPO - TRAINING,Training Universitas,pendapatan,104896560.0,38982479.0
cm_2025_kpo_training_training_corporate_pendapatan,snapshot_istantoro_2022_mar_2026,2025,annual,2025,,KPO - TRAINING,Training Corporate,pendapatan,7167784313.0,7345140203.0
cm_2025_kpo_training_training_webinar_reguler_pendapatan,snapshot_istantoro_2022_mar_2026,2025,annual,2025,,KPO - TRAINING,Training Webinar/Reguler,pendapatan,1646640854.0,1532239618.0
cm_2025_kpo_training_training_universitas_pendapatan,snapshot_istantoro_2022_mar_2026,2025,annual,2025,,KPO - TRAINING,Training Universitas,pendapatan,48649584.0,48620110.0
cm_2025_01_kpo_training_training_corporate_pendapatan,snapshot_istantoro_2022_mar_2026,2025-01,monthly,2025,1.0,KPO - TRAINING,Training Corporate,pendapatan,155433160.0,522238524.0
cm_2025_01_kpo_training_training_webinar_reguler_pendapatan,snapshot_istantoro_2022_mar_2026,2025-01,monthly,2025,1.0,KPO - TRAINING,Training Webinar/Reguler,pendapatan,65099462.0,221941952.0
cm_2025_01_kpo_training_training_universitas_pendapatan,snapshot_istantoro_2022_mar_2026,2025-01,monthly,2025,1.0,KPO - TRAINING,Training Universitas,pendapatan,0.0,0.0
cm_2025_02_kpo_training_training_corporate_pendapatan,snapshot_istantoro_2022_mar_2026,2025-02,monthly,2025,2.0,KPO - TRAINING,Training Corporate,pendapatan,449503833.0,585956135.0
cm_2025_02_kpo_training_training_webinar_reguler_pendapatan,snapshot_istantoro_2022_mar_2026,2025-02,monthly,2025,2.0,KPO - TRAINING,Training Webinar/Reguler,pendapatan,119189224.0,154215424.0
cm_2025_02_kpo_training_training_universitas_pendapatan,snapshot_istantoro_2022_mar_2026,2025-02,monthly,2025,2.0,KPO - TRAINING,Training Universitas,pendapatan,0.0,0.0
cm_2025_03_kpo_training_training_corporate_pendapatan,snapshot_istantoro_2022_mar_2026,2025-03,monthly,2025,3.0,KPO - TRAINING,Training Corporate,pendapatan,485007400.0,634166682.0
cm_2025_03_kpo_training_training_webinar_reguler_pendapatan,snapshot_istantoro_2022_mar_2026,2025-03,monthly,2025,3.0,KPO - TRAINING,Training Webinar/Reguler,pendapatan,70430559.0,95516246.0
cm_2025_03_kpo_training_training_universitas_pendapatan,snapshot_istantoro_2022_mar_2026,2025-03,monthly,2025,3.0,KPO - TRAINING,Training Universitas,pendapatan,0.0,0.0
cm_2025_04_kpo_training_training_corporate_pendapatan,snapshot_istantoro_2022_mar_2026,2025-04,monthly,2025,4.0,KPO - TRAINING,Training Corporate,pendapatan,829972966.0,728415842.0
cm_2025_04_kpo_training_training_webinar_reguler_pendapatan,snapshot_istantoro_2022_mar_2026,2025-04,monthly,2025,4.0,KPO - TRAINING,Training Webinar/Reguler,pendapatan,75260.0,67951.0
cm_2025_04_kpo_training_training_universitas_pendapatan,snapshot_istantoro_2022_mar_2026,2025-04,monthly,2025,4.0,KPO - TRAINING,Training Universitas,pendapatan,0.0,0.0
cm_2025_05_kpo_training_training_corporate_pendapatan,snapshot_istantoro_2022_mar_2026,2025-05,monthly,2025,5.0,KPO - TRAINING,Training Corporate,pendapatan,880146135.0,587390087.0
cm_2025_05_kpo_training_training_webinar_reguler_pendapatan,snapshot_istantoro_2022_mar_2026,2025-05,monthly,2025,5.0,KPO - TRAINING,Training Webinar/Reguler,pendapatan,215908561.0,144473070.0
cm_2025_05_kpo_training_training_universitas_pendapatan,snapshot_istantoro_2022_mar_2026,2025-05,monthly,2025,5.0,KPO - TRAINING,Training Universitas,pendapatan,48949049.0,30948163.0
cm_2025_06_kpo_training_training_corporate_pendapatan,snapshot_istantoro_2022_mar_2026,2025-06,monthly,2025,6.0,KPO - TRAINING,Training Corporate,pendapatan,724885222.0,730094483.0
cm_2025_06_kpo_training_training_webinar_reguler_pendapatan,snapshot_istantoro_2022_mar_2026,2025-06,monthly,2025,6.0,KPO - TRAINING,Training Webinar/Reguler,pendapatan,33545027.0,33429546.0
cm_2025_06_kpo_training_training_universitas_pendapatan,snapshot_istantoro_2022_mar_2026,2025-06,monthly,2025,6.0,KPO - TRAINING,Training Universitas,pendapatan,0.0,0.0
cm_2025_07_kpo_training_training_corporate_pendapatan,snapshot_istantoro_2022_mar_2026,2025-07,monthly,2025,7.0,KPO - TRAINING,Training Corporate,pendapatan,686770910.0,743948296.0
cm_2025_07_kpo_training_training_webinar_reguler_pendapatan,snapshot_istantoro_2022_mar_2026,2025-07,monthly,2025,7.0,KPO - TRAINING,Training Webinar/Reguler,pendapatan,6263900.0,6394234.0
cm_2025_07_kpo_training_training_universitas_pendapatan,snapshot_istantoro_2022_mar_2026,2025-07,monthly,2025,7.0,KPO - TRAINING,Training Universitas,pendapatan,0.0,0.0
cm_2025_08_kpo_training_training_corporate_pendapatan,snapshot_istantoro_2022_mar_2026,2025-08,monthly,2025,8.0,KPO - TRAINING,Training Corporate,pendapatan,454298740.0,654106313.0
cm_2025_08_kpo_training_training_webinar_reguler_pendapatan,snapshot_istantoro_2022_mar_2026,2025-08,monthly,2025,8.0,KPO - TRAINING,Training Webinar/Reguler,pendapatan,56363102.0,84583972.0
cm_2025_08_kpo_training_training_universitas_pendapatan,snapshot_istantoro_2022_mar_2026,2025-08,monthly,2025,8.0,KPO - TRAINING,Training Universitas,pendapatan,0.0,0.0
cm_2025_09_kpo_training_training_corporate_pendapatan,snapshot_istantoro_2022_mar_2026,2025-09,monthly,2025,9.0,KPO - TRAINING,Training Corporate,pendapatan,422506527.0,507390683.0
cm_2025_09_kpo_training_training_webinar_reguler_pendapatan,snapshot_istantoro_2022_mar_2026,2025-09,monthly,2025,9.0,KPO - TRAINING,Training Webinar/Reguler,pendapatan,198588290.0,238625436.0
cm_2025_09_kpo_training_training_universitas_pendapatan,snapshot_istantoro_2022_mar_2026,2025-09,monthly,2025,9.0,KPO - TRAINING,Training Universitas,pendapatan,0.0,0.0
cm_2025_10_kpo_training_training_corporate_pendapatan,snapshot_istantoro_2022_mar_2026,2025-10,monthly,2025,10.0,KPO - TRAINING,Training Corporate,pendapatan,553336321.0,393415929.0
cm_2025_10_kpo_training_training_webinar_reguler_pendapatan,snapshot_istantoro_2022_mar_2026,2025-10,monthly,2025,10.0,KPO - TRAINING,Training Webinar/Reguler,pendapatan,499825966.0,339930989.0
cm_2025_10_kpo_training_training_universitas_pendapatan,snapshot_istantoro_2022_mar_2026,2025-10,monthly,2025,10.0,KPO - TRAINING,Training Universitas,pendapatan,1628795.0,1153650.0
cm_2025_11_kpo_training_training_corporate_pendapatan,snapshot_istantoro_2022_mar_2026,2025-11,monthly,2025,11.0,KPO - TRAINING,Training Corporate,pendapatan,1199561988.0,631678338.0
cm_2025_11_kpo_training_training_webinar_reguler_pendapatan,snapshot_istantoro_2022_mar_2026,2025-11,monthly,2025,11.0,KPO - TRAINING,Training Webinar/Reguler,pendapatan,190805029.0,100937761.0
cm_2025_11_kpo_training_training_universitas_pendapatan,snapshot_istantoro_2022_mar_2026,2025-11,monthly,2025,11.0,KPO - TRAINING,Training Universitas,pendapatan,0.0,0.0
cm_2025_12_kpo_training_training_corporate_pendapatan,snapshot_istantoro_2022_mar_2026,2025-12,monthly,2025,12.0,KPO - TRAINING,Training Corporate,pendapatan,549717242.0,521979095.0
cm_2025_12_kpo_training_training_webinar_reguler_pendapatan,snapshot_istantoro_2022_mar_2026,2025-12,monthly,2025,12.0,KPO - TRAINING,Training Webinar/Reguler,pendapatan,243718432.0,232548885.0
cm_2025_12_kpo_training_training_universitas_pendapatan,snapshot_istantoro_2022_mar_2026,2025-12,monthly,2025,12.0,KPO - TRAINING,Training Universitas,pendapatan,833648.0,788879.0
cm_2026_01_kpo_training_training_corporate_pendapatan,snapshot_istantoro_2022_mar_2026,2026-01,monthly,2026,1.0,KPO - TRAINING,Training Corporate,pendapatan,93141353.0,156922076.0
cm_2026_01_kpo_training_training_webinar_reguler_pendapatan,snapshot_istantoro_2022_mar_2026,2026-01,monthly,2026,1.0,KPO - TRAINING,Training Webinar/Reguler,pendapatan,42797248.0,73428183.0
cm_2026_01_kpo_training_training_universitas_pendapatan,snapshot_istantoro_2022_mar_2026,2026-01,monthly,2026,1.0,KPO - TRAINING,Training Universitas,pendapatan,0.0,0.0
cm_2026_02_kpo_training_training_corporate_pendapatan,snapshot_istantoro_2022_mar_2026,2026-02,monthly,2026,2.0,KPO - TRAINING,Training Corporate,pendapatan,335639808.0,115414598.0
cm_2026_02_kpo_training_training_webinar_reguler_pendapatan,snapshot_istantoro_2022_mar_2026,2026-02,monthly,2026,2.0,KPO - TRAINING,Training Webinar/Reguler,pendapatan,316389694.0,113883315.0
cm_2026_02_kpo_training_training_universitas_pendapatan,snapshot_istantoro_2022_mar_2026,2026-02,monthly,2026,2.0,KPO - TRAINING,Training Universitas,pendapatan,0.0,0.0
cm_2026_03_kpo_training_training_corporate_pendapatan,snapshot_istantoro_2022_mar_2026,2026-03,monthly,2026,3.0,KPO - TRAINING,Training Corporate,pendapatan,325645913.0,143453629.0
cm_2026_03_kpo_training_training_webinar_reguler_pendapatan,snapshot_istantoro_2022_mar_2026,2026-03,monthly,2026,3.0,KPO - TRAINING,Training Webinar/Reguler,pendapatan,131100577.0,56073508.0
cm_2026_03_kpo_training_training_universitas_pendapatan,snapshot_istantoro_2022_mar_2026,2026-03,monthly,2026,3.0,KPO - TRAINING,Training Universitas,pendapatan,51891933.0,22700861.0
cm_2022_mpo_tad_upah_gaji_tunjangan_beban,snapshot_istantoro_2022_mar_2026,2022,annual,2022,,MPO - TAD,"Upah, Gaji & Tunjangan",beban,2125875245755.0,2400534051506.0
cm_2022_mpo_tad_insentif_bonus_beban,snapshot_istantoro_2022_mar_2026,2022,annual,2022,,MPO - TAD,Insentif & Bonus,beban,18204730444.0,19675972874.0
cm_2022_mpo_tad_seragam_reliver_beban,snapshot_istantoro_2022_mar_2026,2022,annual,2022,,MPO - TAD,Seragam & Reliver,beban,24742637659.0,28298665519.0
cm_2022_mpo_tad_rekrutmen_pendidikan_pembinaan_hubungan_beban,snapshot_istantoro_2022_mar_2026,2022,annual,2022,,MPO - TAD,"Rekrutmen, Pendidikan, Pembinaan & Hubungan",beban,2966997185.0,3132929555.0
cm_2022_mpo_tad_pesangon_dplk_kompensasi_beban,snapshot_istantoro_2022_mar_2026,2022,annual,2022,,MPO - TAD,"Pesangon, DPLK, Kompensasi",beban,119756069165.0,125527470458.0
cm_2022_mpo_tad_thr_hari_keagamaan_beban,snapshot_istantoro_2022_mar_2026,2022,annual,2022,,MPO - TAD,THR & Hari Keagamaan,beban,117455089421.0,136128860213.0
cm_2022_mpo_tad_pengganti_sementara_beban,snapshot_istantoro_2022_mar_2026,2022,annual,2022,,MPO - TAD,Pengganti Sementara,beban,184907561293.0,205534382609.0
cm_2022_mpo_tad_operasional_tenaga_kerja_beban,snapshot_istantoro_2022_mar_2026,2022,annual,2022,,MPO - TAD,Operasional Tenaga Kerja,beban,525718735.0,555842565.0
cm_2022_mpo_tad_bahan_alat_beban,snapshot_istantoro_2022_mar_2026,2022,annual,2022,,MPO - TAD,Bahan & Alat,beban,552967049.0,607375086.0
cm_2022_mpo_tad_medical_pengobatan_beban,snapshot_istantoro_2022_mar_2026,2022,annual,2022,,MPO - TAD,Medical & Pengobatan,beban,1374376170.0,1568889665.0
cm_2022_mpo_tad_tender_koreksi_lainnya_beban,snapshot_istantoro_2022_mar_2026,2022,annual,2022,,MPO - TAD,"Tender, Koreksi & Lainnya",beban,284180665.0,287394744.0
cm_2022_mpo_tad_rapel_beban,snapshot_istantoro_2022_mar_2026,2022,annual,2022,,MPO - TAD,Rapel,beban,5564782069.0,6168457271.0
cm_2023_mpo_tad_upah_gaji_tunjangan_beban,snapshot_istantoro_2022_mar_2026,2023,annual,2023,,MPO - TAD,"Upah, Gaji & Tunjangan",beban,2176656717380.0,2205062575335.0
cm_2023_mpo_tad_insentif_bonus_beban,snapshot_istantoro_2022_mar_2026,2023,annual,2023,,MPO - TAD,Insentif & Bonus,beban,85193231607.0,86405105610.0
cm_2023_mpo_tad_seragam_reliver_beban,snapshot_istantoro_2022_mar_2026,2023,annual,2023,,MPO - TAD,Seragam & Reliver,beban,36460982462.0,39708499410.0
cm_2023_mpo_tad_rekrutmen_pendidikan_pembinaan_hubungan_beban,snapshot_istantoro_2022_mar_2026,2023,annual,2023,,MPO - TAD,"Rekrutmen, Pendidikan, Pembinaan & Hubungan",beban,5056387921.0,5458727695.0
cm_2023_mpo_tad_pesangon_dplk_kompensasi_beban,snapshot_istantoro_2022_mar_2026,2023,annual,2023,,MPO - TAD,"Pesangon, DPLK, Kompensasi",beban,102034140481.0,113111497307.0
cm_2023_mpo_tad_thr_hari_keagamaan_beban,snapshot_istantoro_2022_mar_2026,2023,annual,2023,,MPO - TAD,THR & Hari Keagamaan,beban,122236613088.0,134435749442.0
cm_2023_mpo_tad_pengganti_sementara_beban,snapshot_istantoro_2022_mar_2026,2023,annual,2023,,MPO - TAD,Pengganti Sementara,beban,187662687907.0,201080597180.0
cm_2023_mpo_tad_operasional_tenaga_kerja_beban,snapshot_istantoro_2022_mar_2026,2023,annual,2023,,MPO - TAD,Operasional Tenaga Kerja,beban,731647667.0,759294906.0
cm_2023_mpo_tad_bahan_alat_beban,snapshot_istantoro_2022_mar_2026,2023,annual,2023,,MPO - TAD,Bahan & Alat,beban,2828410077.0,3164529014.0
cm_2023_mpo_tad_medical_pengobatan_beban,snapshot_istantoro_2022_mar_2026,2023,annual,2023,,MPO - TAD,Medical & Pengobatan,beban,798978945.0,831854236.0
cm_2023_mpo_tad_tender_koreksi_lainnya_beban,snapshot_istantoro_2022_mar_2026,2023,annual,2023,,MPO - TAD,"Tender, Koreksi & Lainnya",beban,349351597.0,348012979.0
cm_2023_mpo_tad_rapel_beban,snapshot_istantoro_2022_mar_2026,2023,annual,2023,,MPO - TAD,Rapel,beban,10034509358.0,10362030650.0
cm_2024_mpo_tad_upah_gaji_tunjangan_beban,snapshot_istantoro_2022_mar_2026,2024,annual,2024,,MPO - TAD,"Upah, Gaji & Tunjangan",beban,2448076655628.0,2328624235837.0
cm_2024_mpo_tad_insentif_bonus_beban,snapshot_istantoro_2022_mar_2026,2024,annual,2024,,MPO - TAD,Insentif & Bonus,beban,85147450595.0,83113689729.0
cm_2024_mpo_tad_seragam_reliver_beban,snapshot_istantoro_2022_mar_2026,2024,annual,2024,,MPO - TAD,Seragam & Reliver,beban,31864405321.0,29724957434.0
cm_2024_mpo_tad_rekrutmen_pendidikan_pembinaan_hubungan_beban,snapshot_istantoro_2022_mar_2026,2024,annual,2024,,MPO - TAD,"Rekrutmen, Pendidikan, Pembinaan & Hubungan",beban,4923110530.0,4677642832.0
cm_2024_mpo_tad_pesangon_dplk_kompensasi_beban,snapshot_istantoro_2022_mar_2026,2024,annual,2024,,MPO - TAD,"Pesangon, DPLK, Kompensasi",beban,110748357590.0,103997978582.0
cm_2024_mpo_tad_thr_hari_keagamaan_beban,snapshot_istantoro_2022_mar_2026,2024,annual,2024,,MPO - TAD,THR & Hari Keagamaan,beban,125827149636.0,123815814393.0
cm_2024_mpo_tad_pengganti_sementara_beban,snapshot_istantoro_2022_mar_2026,2024,annual,2024,,MPO - TAD,Pengganti Sementara,beban,224712163963.0,202895853288.0
cm_2024_mpo_tad_operasional_tenaga_kerja_beban,snapshot_istantoro_2022_mar_2026,2024,annual,2024,,MPO - TAD,Operasional Tenaga Kerja,beban,6538942364.0,6060946949.0
cm_2024_mpo_tad_bahan_alat_beban,snapshot_istantoro_2022_mar_2026,2024,annual,2024,,MPO - TAD,Bahan & Alat,beban,18816746739.0,18460404001.0
cm_2024_mpo_tad_medical_pengobatan_beban,snapshot_istantoro_2022_mar_2026,2024,annual,2024,,MPO - TAD,Medical & Pengobatan,beban,882262952.0,843044772.0
cm_2024_mpo_tad_tender_koreksi_lainnya_beban,snapshot_istantoro_2022_mar_2026,2024,annual,2024,,MPO - TAD,"Tender, Koreksi & Lainnya",beban,230643313.0,216764850.0
cm_2024_mpo_tad_rapel_beban,snapshot_istantoro_2022_mar_2026,2024,annual,2024,,MPO - TAD,Rapel,beban,10276864190.0,9581963782.0
cm_2025_mpo_tad_upah_gaji_tunjangan_beban,snapshot_istantoro_2022_mar_2026,2025,annual,2025,,MPO - TAD,"Upah, Gaji & Tunjangan",beban,2484954368642.0,2572471465092.0
cm_2025_mpo_tad_insentif_bonus_beban,snapshot_istantoro_2022_mar_2026,2025,annual,2025,,MPO - TAD,Insentif & Bonus,beban,127811296855.0,134254361232.0
cm_2025_mpo_tad_seragam_reliver_beban,snapshot_istantoro_2022_mar_2026,2025,annual,2025,,MPO - TAD,Seragam & Reliver,beban,19838581694.0,22146625475.0
cm_2025_mpo_tad_rekrutmen_pendidikan_pembinaan_hubungan_beban,snapshot_istantoro_2022_mar_2026,2025,annual,2025,,MPO - TAD,"Rekrutmen, Pendidikan, Pembinaan & Hubungan",beban,7802094465.0,8719378606.0
cm_2025_mpo_tad_pesangon_dplk_kompensasi_beban,snapshot_istantoro_2022_mar_2026,2025,annual,2025,,MPO - TAD,"Pesangon, DPLK, Kompensasi",beban,53548400195.0,59226995738.0
cm_2025_mpo_tad_thr_hari_keagamaan_beban,snapshot_istantoro_2022_mar_2026,2025,annual,2025,,MPO - TAD,THR & Hari Keagamaan,beban,125778885386.0,142665232876.0
cm_2025_mpo_tad_pengganti_sementara_beban,snapshot_istantoro_2022_mar_2026,2025,annual,2025,,MPO - TAD,Pengganti Sementara,beban,218045193417.0,246255468548.0
cm_2025_mpo_tad_operasional_tenaga_kerja_beban,snapshot_istantoro_2022_mar_2026,2025,annual,2025,,MPO - TAD,Operasional Tenaga Kerja,beban,6107640583.0,6452398325.0
cm_2025_mpo_tad_bahan_alat_beban,snapshot_istantoro_2022_mar_2026,2025,annual,2025,,MPO - TAD,Bahan & Alat,beban,14124412598.0,16232208646.0
cm_2025_mpo_tad_medical_pengobatan_beban,snapshot_istantoro_2022_mar_2026,2025,annual,2025,,MPO - TAD,Medical & Pengobatan,beban,836017518.0,906184290.0
cm_2025_mpo_tad_tender_koreksi_lainnya_beban,snapshot_istantoro_2022_mar_2026,2025,annual,2025,,MPO - TAD,"Tender, Koreksi & Lainnya",beban,88476103.0,98812024.0
cm_2025_mpo_tad_rapel_beban,snapshot_istantoro_2022_mar_2026,2025,annual,2025,,MPO - TAD,Rapel,beban,16544576139.0,19466531570.0
cm_2025_01_mpo_tad_upah_gaji_tunjangan_beban,snapshot_istantoro_2022_mar_2026,2025-01,monthly,2025,1.0,MPO - TAD,"Upah, Gaji & Tunjangan",beban,201094201628.0,220542067553.0
cm_2025_01_mpo_tad_insentif_bonus_beban,snapshot_istantoro_2022_mar_2026,2025-01,monthly,2025,1.0,MPO - TAD,Insentif & Bonus,beban,842994335.0,852854056.0
cm_2025_01_mpo_tad_seragam_reliver_beban,snapshot_istantoro_2022_mar_2026,2025-01,monthly,2025,1.0,MPO - TAD,Seragam & Reliver,beban,3061438082.0,3239409184.0
cm_2025_01_mpo_tad_rekrutmen_pendidikan_pembinaan_hubungan_beban,snapshot_istantoro_2022_mar_2026,2025-01,monthly,2025,1.0,MPO - TAD,"Rekrutmen, Pendidikan, Pembinaan & Hubungan",beban,579555884.0,617854988.0
cm_2025_01_mpo_tad_pesangon_dplk_kompensasi_beban,snapshot_istantoro_2022_mar_2026,2025-01,monthly,2025,1.0,MPO - TAD,"Pesangon, DPLK, Kompensasi",beban,18831943262.0,20298920081.0
cm_2025_01_mpo_tad_thr_hari_keagamaan_beban,snapshot_istantoro_2022_mar_2026,2025-01,monthly,2025,1.0,MPO - TAD,THR & Hari Keagamaan,beban,2789987757.0,3065990736.0
cm_2025_01_mpo_tad_pengganti_sementara_beban,snapshot_istantoro_2022_mar_2026,2025-01,monthly,2025,1.0,MPO - TAD,Pengganti Sementara,beban,18542760789.0,19821376255.0
cm_2025_01_mpo_tad_operasional_tenaga_kerja_beban,snapshot_istantoro_2022_mar_2026,2025-01,monthly,2025,1.0,MPO - TAD,Operasional Tenaga Kerja,beban,240232251.0,261828358.0
cm_2025_01_mpo_tad_bahan_alat_beban,snapshot_istantoro_2022_mar_2026,2025-01,monthly,2025,1.0,MPO - TAD,Bahan & Alat,beban,1586361541.0,1629459337.0
cm_2025_01_mpo_tad_medical_pengobatan_beban,snapshot_istantoro_2022_mar_2026,2025-01,monthly,2025,1.0,MPO - TAD,Medical & Pengobatan,beban,80031128.0,91289273.0
cm_2025_01_mpo_tad_tender_koreksi_lainnya_beban,snapshot_istantoro_2022_mar_2026,2025-01,monthly,2025,1.0,MPO - TAD,"Tender, Koreksi & Lainnya",beban,1046897.0,1170685.0
cm_2025_01_mpo_tad_rapel_beban,snapshot_istantoro_2022_mar_2026,2025-01,monthly,2025,1.0,MPO - TAD,Rapel,beban,1031717132.0,1156156673.0
cm_2025_02_mpo_tad_upah_gaji_tunjangan_beban,snapshot_istantoro_2022_mar_2026,2025-02,monthly,2025,2.0,MPO - TAD,"Upah, Gaji & Tunjangan",beban,210333913791.0,230603184150.0
cm_2025_02_mpo_tad_insentif_bonus_beban,snapshot_istantoro_2022_mar_2026,2025-02,monthly,2025,2.0,MPO - TAD,Insentif & Bonus,beban,1341153198.0,1415049529.0
cm_2025_02_mpo_tad_seragam_reliver_beban,snapshot_istantoro_2022_mar_2026,2025-02,monthly,2025,2.0,MPO - TAD,Seragam & Reliver,beban,3115621798.0,3315261363.0
cm_2025_02_mpo_tad_rekrutmen_pendidikan_pembinaan_hubungan_beban,snapshot_istantoro_2022_mar_2026,2025-02,monthly,2025,2.0,MPO - TAD,"Rekrutmen, Pendidikan, Pembinaan & Hubungan",beban,952796923.0,1072443816.0
cm_2025_02_mpo_tad_pesangon_dplk_kompensasi_beban,snapshot_istantoro_2022_mar_2026,2025-02,monthly,2025,2.0,MPO - TAD,"Pesangon, DPLK, Kompensasi",beban,9357900210.0,10224373881.0
cm_2025_02_mpo_tad_thr_hari_keagamaan_beban,snapshot_istantoro_2022_mar_2026,2025-02,monthly,2025,2.0,MPO - TAD,THR & Hari Keagamaan,beban,3187593684.0,3454273000.0
cm_2025_02_mpo_tad_pengganti_sementara_beban,snapshot_istantoro_2022_mar_2026,2025-02,monthly,2025,2.0,MPO - TAD,Pengganti Sementara,beban,18139255266.0,19347821201.0
cm_2025_02_mpo_tad_operasional_tenaga_kerja_beban,snapshot_istantoro_2022_mar_2026,2025-02,monthly,2025,2.0,MPO - TAD,Operasional Tenaga Kerja,beban,571397120.0,595385868.0
cm_2025_02_mpo_tad_bahan_alat_beban,snapshot_istantoro_2022_mar_2026,2025-02,monthly,2025,2.0,MPO - TAD,Bahan & Alat,beban,1458530924.0,1529324001.0
cm_2025_02_mpo_tad_medical_pengobatan_beban,snapshot_istantoro_2022_mar_2026,2025-02,monthly,2025,2.0,MPO - TAD,Medical & Pengobatan,beban,83819702.0,86209869.0
cm_2025_02_mpo_tad_tender_koreksi_lainnya_beban,snapshot_istantoro_2022_mar_2026,2025-02,monthly,2025,2.0,MPO - TAD,"Tender, Koreksi & Lainnya",beban,3781104.0,4264670.0
cm_2025_02_mpo_tad_rapel_beban,snapshot_istantoro_2022_mar_2026,2025-02,monthly,2025,2.0,MPO - TAD,Rapel,beban,1642615740.0,1798237286.0
cm_2025_03_mpo_tad_upah_gaji_tunjangan_beban,snapshot_istantoro_2022_mar_2026,2025-03,monthly,2025,3.0,MPO - TAD,"Upah, Gaji & Tunjangan",beban,198462662593.0,139695623885.0
cm_2025_03_mpo_tad_insentif_bonus_beban,snapshot_istantoro_2022_mar_2026,2025-03,monthly,2025,3.0,MPO - TAD,Insentif & Bonus,beban,67073523131.0,48972372316.0
cm_2025_03_mpo_tad_seragam_reliver_beban,snapshot_istantoro_2022_mar_2026,2025-03,monthly,2025,3.0,MPO - TAD,Seragam & Reliver,beban,3143507333.0,2063500137.0
cm_2025_03_mpo_tad_rekrutmen_pendidikan_pembinaan_hubungan_beban,snapshot_istantoro_2022_mar_2026,2025-03,monthly,2025,3.0,MPO - TAD,"Rekrutmen, Pendidikan, Pembinaan & Hubungan",beban,334534915.0,242829919.0
cm_2025_03_mpo_tad_pesangon_dplk_kompensasi_beban,snapshot_istantoro_2022_mar_2026,2025-03,monthly,2025,3.0,MPO - TAD,"Pesangon, DPLK, Kompensasi",beban,9931931822.0,6660363769.0
cm_2025_03_mpo_tad_thr_hari_keagamaan_beban,snapshot_istantoro_2022_mar_2026,2025-03,monthly,2025,3.0,MPO - TAD,THR & Hari Keagamaan,beban,95544560798.0,66824116879.0
cm_2025_03_mpo_tad_pengganti_sementara_beban,snapshot_istantoro_2022_mar_2026,2025-03,monthly,2025,3.0,MPO - TAD,Pengganti Sementara,beban,16289892724.0,11075190494.0
cm_2025_03_mpo_tad_operasional_tenaga_kerja_beban,snapshot_istantoro_2022_mar_2026,2025-03,monthly,2025,3.0,MPO - TAD,Operasional Tenaga Kerja,beban,456236712.0,308326408.0
cm_2025_03_mpo_tad_bahan_alat_beban,snapshot_istantoro_2022_mar_2026,2025-03,monthly,2025,3.0,MPO - TAD,Bahan & Alat,beban,1630655960.0,1063223757.0
cm_2025_03_mpo_tad_medical_pengobatan_beban,snapshot_istantoro_2022_mar_2026,2025-03,monthly,2025,3.0,MPO - TAD,Medical & Pengobatan,beban,94795190.0,64415031.0
cm_2025_03_mpo_tad_tender_koreksi_lainnya_beban,snapshot_istantoro_2022_mar_2026,2025-03,monthly,2025,3.0,MPO - TAD,"Tender, Koreksi & Lainnya",beban,2933561.0,1970248.0
cm_2025_03_mpo_tad_rapel_beban,snapshot_istantoro_2022_mar_2026,2025-03,monthly,2025,3.0,MPO - TAD,Rapel,beban,1608642672.0,1182198614.0
cm_2025_04_mpo_tad_upah_gaji_tunjangan_beban,snapshot_istantoro_2022_mar_2026,2025-04,monthly,2025,4.0,MPO - TAD,"Upah, Gaji & Tunjangan",beban,195601629208.0,222607972115.0
cm_2025_04_mpo_tad_insentif_bonus_beban,snapshot_istantoro_2022_mar_2026,2025-04,monthly,2025,4.0,MPO - TAD,Insentif & Bonus,beban,5279125013.0,6180027351.0
cm_2025_04_mpo_tad_seragam_reliver_beban,snapshot_istantoro_2022_mar_2026,2025-04,monthly,2025,4.0,MPO - TAD,Seragam & Reliver,beban,3015014059.0,3428323862.0
cm_2025_04_mpo_tad_rekrutmen_pendidikan_pembinaan_hubungan_beban,snapshot_istantoro_2022_mar_2026,2025-04,monthly,2025,4.0,MPO - TAD,"Rekrutmen, Pendidikan, Pembinaan & Hubungan",beban,296523571.0,345640290.0
cm_2025_04_mpo_tad_pesangon_dplk_kompensasi_beban,snapshot_istantoro_2022_mar_2026,2025-04,monthly,2025,4.0,MPO - TAD,"Pesangon, DPLK, Kompensasi",beban,9505177647.0,11076653967.0
cm_2025_04_mpo_tad_thr_hari_keagamaan_beban,snapshot_istantoro_2022_mar_2026,2025-04,monthly,2025,4.0,MPO - TAD,THR & Hari Keagamaan,beban,3904429902.0,4770409415.0
cm_2025_04_mpo_tad_pengganti_sementara_beban,snapshot_istantoro_2022_mar_2026,2025-04,monthly,2025,4.0,MPO - TAD,Pengganti Sementara,beban,16195570113.0,19426276339.0
cm_2025_04_mpo_tad_operasional_tenaga_kerja_beban,snapshot_istantoro_2022_mar_2026,2025-04,monthly,2025,4.0,MPO - TAD,Operasional Tenaga Kerja,beban,227271094.0,262842532.0
cm_2025_04_mpo_tad_bahan_alat_beban,snapshot_istantoro_2022_mar_2026,2025-04,monthly,2025,4.0,MPO - TAD,Bahan & Alat,beban,1241757412.0,1509036545.0
cm_2025_04_mpo_tad_medical_pengobatan_beban,snapshot_istantoro_2022_mar_2026,2025-04,monthly,2025,4.0,MPO - TAD,Medical & Pengobatan,beban,76768382.0,90725822.0
cm_2025_04_mpo_tad_tender_koreksi_lainnya_beban,snapshot_istantoro_2022_mar_2026,2025-04,monthly,2025,4.0,MPO - TAD,"Tender, Koreksi & Lainnya",beban,1662669.0,2036398.0
cm_2025_04_mpo_tad_rapel_beban,snapshot_istantoro_2022_mar_2026,2025-04,monthly,2025,4.0,MPO - TAD,Rapel,beban,1484620568.0,1687929230.0
cm_2025_05_mpo_tad_upah_gaji_tunjangan_beban,snapshot_istantoro_2022_mar_2026,2025-05,monthly,2025,5.0,MPO - TAD,"Upah, Gaji & Tunjangan",beban,203595219056.0,231965987870.0
cm_2025_05_mpo_tad_insentif_bonus_beban,snapshot_istantoro_2022_mar_2026,2025-05,monthly,2025,5.0,MPO - TAD,Insentif & Bonus,beban,1062579132.0,1250267793.0
cm_2025_05_mpo_tad_seragam_reliver_beban,snapshot_istantoro_2022_mar_2026,2025-05,monthly,2025,5.0,MPO - TAD,Seragam & Reliver,beban,980856736.0,1150014167.0
cm_2025_05_mpo_tad_rekrutmen_pendidikan_pembinaan_hubungan_beban,snapshot_istantoro_2022_mar_2026,2025-05,monthly,2025,5.0,MPO - TAD,"Rekrutmen, Pendidikan, Pembinaan & Hubungan",beban,696374302.0,812460117.0
cm_2025_05_mpo_tad_pesangon_dplk_kompensasi_beban,snapshot_istantoro_2022_mar_2026,2025-05,monthly,2025,5.0,MPO - TAD,"Pesangon, DPLK, Kompensasi",beban,8081954768.0,9195072630.0
cm_2025_05_mpo_tad_thr_hari_keagamaan_beban,snapshot_istantoro_2022_mar_2026,2025-05,monthly,2025,5.0,MPO - TAD,THR & Hari Keagamaan,beban,2804373673.0,3257848989.0
cm_2025_05_mpo_tad_pengganti_sementara_beban,snapshot_istantoro_2022_mar_2026,2025-05,monthly,2025,5.0,MPO - TAD,Pengganti Sementara,beban,17456441063.0,20622465145.0
cm_2025_05_mpo_tad_operasional_tenaga_kerja_beban,snapshot_istantoro_2022_mar_2026,2025-05,monthly,2025,5.0,MPO - TAD,Operasional Tenaga Kerja,beban,1981399310.0,2467334336.0
cm_2025_05_mpo_tad_bahan_alat_beban,snapshot_istantoro_2022_mar_2026,2025-05,monthly,2025,5.0,MPO - TAD,Bahan & Alat,beban,1209258904.0,1501342426.0
cm_2025_05_mpo_tad_medical_pengobatan_beban,snapshot_istantoro_2022_mar_2026,2025-05,monthly,2025,5.0,MPO - TAD,Medical & Pengobatan,beban,88986804.0,103331237.0
cm_2025_05_mpo_tad_tender_koreksi_lainnya_beban,snapshot_istantoro_2022_mar_2026,2025-05,monthly,2025,5.0,MPO - TAD,"Tender, Koreksi & Lainnya",beban,7109503.0,8289785.0
cm_2025_05_mpo_tad_rapel_beban,snapshot_istantoro_2022_mar_2026,2025-05,monthly,2025,5.0,MPO - TAD,Rapel,beban,885600296.0,1037636521.0
cm_2025_06_mpo_tad_upah_gaji_tunjangan_beban,snapshot_istantoro_2022_mar_2026,2025-06,monthly,2025,6.0,MPO - TAD,"Upah, Gaji & Tunjangan",beban,191190865631.0,228285092806.0
cm_2025_06_mpo_tad_insentif_bonus_beban,snapshot_istantoro_2022_mar_2026,2025-06,monthly,2025,6.0,MPO - TAD,Insentif & Bonus,beban,1463995251.0,1752858646.0
cm_2025_06_mpo_tad_seragam_reliver_beban,snapshot_istantoro_2022_mar_2026,2025-06,monthly,2025,6.0,MPO - TAD,Seragam & Reliver,beban,2814750230.0,3121454107.0
cm_2025_06_mpo_tad_rekrutmen_pendidikan_pembinaan_hubungan_beban,snapshot_istantoro_2022_mar_2026,2025-06,monthly,2025,6.0,MPO - TAD,"Rekrutmen, Pendidikan, Pembinaan & Hubungan",beban,448251976.0,529806043.0
cm_2025_06_mpo_tad_pesangon_dplk_kompensasi_beban,snapshot_istantoro_2022_mar_2026,2025-06,monthly,2025,6.0,MPO - TAD,"Pesangon, DPLK, Kompensasi",beban,11116051273.0,12157915102.0
cm_2025_06_mpo_tad_thr_hari_keagamaan_beban,snapshot_istantoro_2022_mar_2026,2025-06,monthly,2025,6.0,MPO - TAD,THR & Hari Keagamaan,beban,2431357478.0,2806090132.0
cm_2025_06_mpo_tad_pengganti_sementara_beban,snapshot_istantoro_2022_mar_2026,2025-06,monthly,2025,6.0,MPO - TAD,Pengganti Sementara,beban,19708159685.0,22192059875.0
cm_2025_06_mpo_tad_operasional_tenaga_kerja_beban,snapshot_istantoro_2022_mar_2026,2025-06,monthly,2025,6.0,MPO - TAD,Operasional Tenaga Kerja,beban,941974884.0,1129728706.0
cm_2025_06_mpo_tad_bahan_alat_beban,snapshot_istantoro_2022_mar_2026,2025-06,monthly,2025,6.0,MPO - TAD,Bahan & Alat,beban,1243387392.0,1512741223.0
cm_2025_06_mpo_tad_medical_pengobatan_beban,snapshot_istantoro_2022_mar_2026,2025-06,monthly,2025,6.0,MPO - TAD,Medical & Pengobatan,beban,84690741.0,93469243.0
cm_2025_06_mpo_tad_tender_koreksi_lainnya_beban,snapshot_istantoro_2022_mar_2026,2025-06,monthly,2025,6.0,MPO - TAD,"Tender, Koreksi & Lainnya",beban,550481.0,618043.0
cm_2025_06_mpo_tad_rapel_beban,snapshot_istantoro_2022_mar_2026,2025-06,monthly,2025,6.0,MPO - TAD,Rapel,beban,906084192.0,988804480.0
cm_2025_07_mpo_tad_upah_gaji_tunjangan_beban,snapshot_istantoro_2022_mar_2026,2025-07,monthly,2025,7.0,MPO - TAD,"Upah, Gaji & Tunjangan",beban,196158903078.0,236296974602.0
cm_2025_07_mpo_tad_insentif_bonus_beban,snapshot_istantoro_2022_mar_2026,2025-07,monthly,2025,7.0,MPO - TAD,Insentif & Bonus,beban,1024517773.0,1305996563.0
cm_2025_07_mpo_tad_seragam_reliver_beban,snapshot_istantoro_2022_mar_2026,2025-07,monthly,2025,7.0,MPO - TAD,Seragam & Reliver,beban,2080495081.0,2426692188.0
cm_2025_07_mpo_tad_rekrutmen_pendidikan_pembinaan_hubungan_beban,snapshot_istantoro_2022_mar_2026,2025-07,monthly,2025,7.0,MPO - TAD,"Rekrutmen, Pendidikan, Pembinaan & Hubungan",beban,577650512.0,699409098.0
cm_2025_07_mpo_tad_pesangon_dplk_kompensasi_beban,snapshot_istantoro_2022_mar_2026,2025-07,monthly,2025,7.0,MPO - TAD,"Pesangon, DPLK, Kompensasi",beban,2776330127.0,3480681549.0
cm_2025_07_mpo_tad_thr_hari_keagamaan_beban,snapshot_istantoro_2022_mar_2026,2025-07,monthly,2025,7.0,MPO - TAD,THR & Hari Keagamaan,beban,2466418405.0,2856631389.0
cm_2025_07_mpo_tad_pengganti_sementara_beban,snapshot_istantoro_2022_mar_2026,2025-07,monthly,2025,7.0,MPO - TAD,Pengganti Sementara,beban,20174699004.0,24719277944.0
cm_2025_07_mpo_tad_operasional_tenaga_kerja_beban,snapshot_istantoro_2022_mar_2026,2025-07,monthly,2025,7.0,MPO - TAD,Operasional Tenaga Kerja,beban,73878576.0,91447790.0
cm_2025_07_mpo_tad_bahan_alat_beban,snapshot_istantoro_2022_mar_2026,2025-07,monthly,2025,7.0,MPO - TAD,Bahan & Alat,beban,1332870950.0,1535131638.0
cm_2025_07_mpo_tad_medical_pengobatan_beban,snapshot_istantoro_2022_mar_2026,2025-07,monthly,2025,7.0,MPO - TAD,Medical & Pengobatan,beban,87080557.0,105588940.0
cm_2025_07_mpo_tad_tender_koreksi_lainnya_beban,snapshot_istantoro_2022_mar_2026,2025-07,monthly,2025,7.0,MPO - TAD,"Tender, Koreksi & Lainnya",beban,2756945.0,3216622.0
cm_2025_07_mpo_tad_rapel_beban,snapshot_istantoro_2022_mar_2026,2025-07,monthly,2025,7.0,MPO - TAD,Rapel,beban,774643788.0,996123425.0
cm_2025_08_mpo_tad_upah_gaji_tunjangan_beban,snapshot_istantoro_2022_mar_2026,2025-08,monthly,2025,8.0,MPO - TAD,"Upah, Gaji & Tunjangan",beban,189032229654.0,231053794334.0
cm_2025_08_mpo_tad_insentif_bonus_beban,snapshot_istantoro_2022_mar_2026,2025-08,monthly,2025,8.0,MPO - TAD,Insentif & Bonus,beban,1286810960.0,1470538013.0
cm_2025_08_mpo_tad_seragam_reliver_beban,snapshot_istantoro_2022_mar_2026,2025-08,monthly,2025,8.0,MPO - TAD,Seragam & Reliver,beban,5343290933.0,6671511144.0
cm_2025_08_mpo_tad_rekrutmen_pendidikan_pembinaan_hubungan_beban,snapshot_istantoro_2022_mar_2026,2025-08,monthly,2025,8.0,MPO - TAD,"Rekrutmen, Pendidikan, Pembinaan & Hubungan",beban,652529355.0,812419837.0
cm_2025_08_mpo_tad_pesangon_dplk_kompensasi_beban,snapshot_istantoro_2022_mar_2026,2025-08,monthly,2025,8.0,MPO - TAD,"Pesangon, DPLK, Kompensasi",beban,2705806780.0,3296107391.0
cm_2025_08_mpo_tad_thr_hari_keagamaan_beban,snapshot_istantoro_2022_mar_2026,2025-08,monthly,2025,8.0,MPO - TAD,THR & Hari Keagamaan,beban,2496134754.0,2978520703.0
cm_2025_08_mpo_tad_pengganti_sementara_beban,snapshot_istantoro_2022_mar_2026,2025-08,monthly,2025,8.0,MPO - TAD,Pengganti Sementara,beban,19497858605.0,23634772235.0
cm_2025_08_mpo_tad_operasional_tenaga_kerja_beban,snapshot_istantoro_2022_mar_2026,2025-08,monthly,2025,8.0,MPO - TAD,Operasional Tenaga Kerja,beban,314947088.0,376381413.0
cm_2025_08_mpo_tad_bahan_alat_beban,snapshot_istantoro_2022_mar_2026,2025-08,monthly,2025,8.0,MPO - TAD,Bahan & Alat,beban,1192263697.0,1481107309.0
cm_2025_08_mpo_tad_medical_pengobatan_beban,snapshot_istantoro_2022_mar_2026,2025-08,monthly,2025,8.0,MPO - TAD,Medical & Pengobatan,beban,71773454.0,89355967.0
cm_2025_08_mpo_tad_tender_koreksi_lainnya_beban,snapshot_istantoro_2022_mar_2026,2025-08,monthly,2025,8.0,MPO - TAD,"Tender, Koreksi & Lainnya",beban,626781.0,784904.0
cm_2025_08_mpo_tad_rapel_beban,snapshot_istantoro_2022_mar_2026,2025-08,monthly,2025,8.0,MPO - TAD,Rapel,beban,343639360.0,392231795.0
cm_2025_09_mpo_tad_upah_gaji_tunjangan_beban,snapshot_istantoro_2022_mar_2026,2025-09,monthly,2025,9.0,MPO - TAD,"Upah, Gaji & Tunjangan",beban,215815539203.0,243286762697.0
cm_2025_09_mpo_tad_insentif_bonus_beban,snapshot_istantoro_2022_mar_2026,2025-09,monthly,2025,9.0,MPO - TAD,Insentif & Bonus,beban,856916407.0,1001865748.0
cm_2025_09_mpo_tad_seragam_reliver_beban,snapshot_istantoro_2022_mar_2026,2025-09,monthly,2025,9.0,MPO - TAD,Seragam & Reliver,beban,1140918219.0,1247622267.0
cm_2025_09_mpo_tad_rekrutmen_pendidikan_pembinaan_hubungan_beban,snapshot_istantoro_2022_mar_2026,2025-09,monthly,2025,9.0,MPO - TAD,"Rekrutmen, Pendidikan, Pembinaan & Hubungan",beban,353610740.0,379589461.0
cm_2025_09_mpo_tad_pesangon_dplk_kompensasi_beban,snapshot_istantoro_2022_mar_2026,2025-09,monthly,2025,9.0,MPO - TAD,"Pesangon, DPLK, Kompensasi",beban,4271590572.0,4716158963.0
cm_2025_09_mpo_tad_thr_hari_keagamaan_beban,snapshot_istantoro_2022_mar_2026,2025-09,monthly,2025,9.0,MPO - TAD,THR & Hari Keagamaan,beban,1911364170.0,2065350648.0
cm_2025_09_mpo_tad_pengganti_sementara_beban,snapshot_istantoro_2022_mar_2026,2025-09,monthly,2025,9.0,MPO - TAD,Pengganti Sementara,beban,19859268630.0,23298101332.0
cm_2025_09_mpo_tad_operasional_tenaga_kerja_beban,snapshot_istantoro_2022_mar_2026,2025-09,monthly,2025,9.0,MPO - TAD,Operasional Tenaga Kerja,beban,382326550.0,421657409.0
cm_2025_09_mpo_tad_bahan_alat_beban,snapshot_istantoro_2022_mar_2026,2025-09,monthly,2025,9.0,MPO - TAD,Bahan & Alat,beban,506250920.0,580072174.0
cm_2025_09_mpo_tad_medical_pengobatan_beban,snapshot_istantoro_2022_mar_2026,2025-09,monthly,2025,9.0,MPO - TAD,Medical & Pengobatan,beban,42838747.0,46756683.0
cm_2025_09_mpo_tad_tender_koreksi_lainnya_beban,snapshot_istantoro_2022_mar_2026,2025-09,monthly,2025,9.0,MPO - TAD,"Tender, Koreksi & Lainnya",beban,18082962.0,19736293.0
cm_2025_09_mpo_tad_rapel_beban,snapshot_istantoro_2022_mar_2026,2025-09,monthly,2025,9.0,MPO - TAD,Rapel,beban,3179670088.0,3567481311.0
cm_2025_10_mpo_tad_upah_gaji_tunjangan_beban,snapshot_istantoro_2022_mar_2026,2025-10,monthly,2025,10.0,MPO - TAD,"Upah, Gaji & Tunjangan",beban,206811697264.0,237784789789.0
cm_2025_10_mpo_tad_insentif_bonus_beban,snapshot_istantoro_2022_mar_2026,2025-10,monthly,2025,10.0,MPO - TAD,Insentif & Bonus,beban,1056024589.0,1279123305.0
cm_2025_10_mpo_tad_seragam_reliver_beban,snapshot_istantoro_2022_mar_2026,2025-10,monthly,2025,10.0,MPO - TAD,Seragam & Reliver,beban,1905865031.0,2173023404.0
cm_2025_10_mpo_tad_rekrutmen_pendidikan_pembinaan_hubungan_beban,snapshot_istantoro_2022_mar_2026,2025-10,monthly,2025,10.0,MPO - TAD,"Rekrutmen, Pendidikan, Pembinaan & Hubungan",beban,570842559.0,638987039.0
cm_2025_10_mpo_tad_pesangon_dplk_kompensasi_beban,snapshot_istantoro_2022_mar_2026,2025-10,monthly,2025,10.0,MPO - TAD,"Pesangon, DPLK, Kompensasi",beban,4696685062.0,5264172516.0
cm_2025_10_mpo_tad_thr_hari_keagamaan_beban,snapshot_istantoro_2022_mar_2026,2025-10,monthly,2025,10.0,MPO - TAD,THR & Hari Keagamaan,beban,2592536273.0,3104627988.0
cm_2025_10_mpo_tad_pengganti_sementara_beban,snapshot_istantoro_2022_mar_2026,2025-10,monthly,2025,10.0,MPO - TAD,Pengganti Sementara,beban,18132753798.0,21276898190.0
cm_2025_10_mpo_tad_operasional_tenaga_kerja_beban,snapshot_istantoro_2022_mar_2026,2025-10,monthly,2025,10.0,MPO - TAD,Operasional Tenaga Kerja,beban,376497508.0,458181255.0
cm_2025_10_mpo_tad_bahan_alat_beban,snapshot_istantoro_2022_mar_2026,2025-10,monthly,2025,10.0,MPO - TAD,Bahan & Alat,beban,1584752209.0,1833759683.0
cm_2025_10_mpo_tad_medical_pengobatan_beban,snapshot_istantoro_2022_mar_2026,2025-10,monthly,2025,10.0,MPO - TAD,Medical & Pengobatan,beban,43123617.0,48753592.0
cm_2025_10_mpo_tad_tender_koreksi_lainnya_beban,snapshot_istantoro_2022_mar_2026,2025-10,monthly,2025,10.0,MPO - TAD,"Tender, Koreksi & Lainnya",beban,15756767.0,18585778.0
cm_2025_10_mpo_tad_rapel_beban,snapshot_istantoro_2022_mar_2026,2025-10,monthly,2025,10.0,MPO - TAD,Rapel,beban,1262296462.0,1484203579.0
cm_2025_11_mpo_tad_upah_gaji_tunjangan_beban,snapshot_istantoro_2022_mar_2026,2025-11,monthly,2025,11.0,MPO - TAD,"Upah, Gaji & Tunjangan",beban,197822408131.0,191532464674.0
cm_2025_11_mpo_tad_insentif_bonus_beban,snapshot_istantoro_2022_mar_2026,2025-11,monthly,2025,11.0,MPO - TAD,Insentif & Bonus,beban,38048226154.0,38055739532.0
cm_2025_11_mpo_tad_seragam_reliver_beban,snapshot_istantoro_2022_mar_2026,2025-11,monthly,2025,11.0,MPO - TAD,Seragam & Reliver,beban,2663792929.0,2669358735.0
cm_2025_11_mpo_tad_rekrutmen_pendidikan_pembinaan_hubungan_beban,snapshot_istantoro_2022_mar_2026,2025-11,monthly,2025,11.0,MPO - TAD,"Rekrutmen, Pendidikan, Pembinaan & Hubungan",beban,1333962794.0,1332094778.0
cm_2025_11_mpo_tad_pesangon_dplk_kompensasi_beban,snapshot_istantoro_2022_mar_2026,2025-11,monthly,2025,11.0,MPO - TAD,"Pesangon, DPLK, Kompensasi",beban,11490832474.0,11581359348.0
cm_2025_11_mpo_tad_thr_hari_keagamaan_beban,snapshot_istantoro_2022_mar_2026,2025-11,monthly,2025,11.0,MPO - TAD,THR & Hari Keagamaan,beban,1914946797.0,1993772931.0
cm_2025_11_mpo_tad_pengganti_sementara_beban,snapshot_istantoro_2022_mar_2026,2025-11,monthly,2025,11.0,MPO - TAD,Pengganti Sementara,beban,18467362666.0,18337174784.0
cm_2025_11_mpo_tad_operasional_tenaga_kerja_beban,snapshot_istantoro_2022_mar_2026,2025-11,monthly,2025,11.0,MPO - TAD,Operasional Tenaga Kerja,beban,223491658.0,223903980.0
cm_2025_11_mpo_tad_bahan_alat_beban,snapshot_istantoro_2022_mar_2026,2025-11,monthly,2025,11.0,MPO - TAD,Bahan & Alat,beban,1563182292.0,1548799940.0
cm_2025_11_mpo_tad_medical_pengobatan_beban,snapshot_istantoro_2022_mar_2026,2025-11,monthly,2025,11.0,MPO - TAD,Medical & Pengobatan,beban,40810839.0,41310413.0
cm_2025_11_mpo_tad_tender_koreksi_lainnya_beban,snapshot_istantoro_2022_mar_2026,2025-11,monthly,2025,11.0,MPO - TAD,"Tender, Koreksi & Lainnya",beban,31423709.0,31231733.0
cm_2025_11_mpo_tad_rapel_beban,snapshot_istantoro_2022_mar_2026,2025-11,monthly,2025,11.0,MPO - TAD,Rapel,beban,2002926199.0,2172860721.0
cm_2025_12_mpo_tad_upah_gaji_tunjangan_beban,snapshot_istantoro_2022_mar_2026,2025-12,monthly,2025,12.0,MPO - TAD,"Upah, Gaji & Tunjangan",beban,216876398835.0,221672808057.0
cm_2025_12_mpo_tad_insentif_bonus_beban,snapshot_istantoro_2022_mar_2026,2025-12,monthly,2025,12.0,MPO - TAD,Insentif & Bonus,beban,3851702166.0,4215219664.0
cm_2025_12_mpo_tad_seragam_reliver_beban,snapshot_istantoro_2022_mar_2026,2025-12,monthly,2025,12.0,MPO - TAD,Seragam & Reliver,beban,2865270862.0,2977921965.0
cm_2025_12_mpo_tad_rekrutmen_pendidikan_pembinaan_hubungan_beban,snapshot_istantoro_2022_mar_2026,2025-12,monthly,2025,12.0,MPO - TAD,"Rekrutmen, Pendidikan, Pembinaan & Hubungan",beban,1133173096.0,1123101435.0
cm_2025_12_mpo_tad_pesangon_dplk_kompensasi_beban,snapshot_istantoro_2022_mar_2026,2025-12,monthly,2025,12.0,MPO - TAD,"Pesangon, DPLK, Kompensasi",beban,6239088993.0,6213844379.0
cm_2025_12_mpo_tad_thr_hari_keagamaan_beban,snapshot_istantoro_2022_mar_2026,2025-12,monthly,2025,12.0,MPO - TAD,THR & Hari Keagamaan,beban,9109872484.0,9912066903.0
cm_2025_12_mpo_tad_pengganti_sementara_beban,snapshot_istantoro_2022_mar_2026,2025-12,monthly,2025,12.0,MPO - TAD,Pengganti Sementara,beban,19467880386.0,20918359936.0
cm_2025_12_mpo_tad_operasional_tenaga_kerja_beban,snapshot_istantoro_2022_mar_2026,2025-12,monthly,2025,12.0,MPO - TAD,Operasional Tenaga Kerja,beban,267731277.0,271352246.0
cm_2025_12_mpo_tad_bahan_alat_beban,snapshot_istantoro_2022_mar_2026,2025-12,monthly,2025,12.0,MPO - TAD,Bahan & Alat,beban,1199986774.0,1321940661.0
cm_2025_12_mpo_tad_medical_pengobatan_beban,snapshot_istantoro_2022_mar_2026,2025-12,monthly,2025,12.0,MPO - TAD,Medical & Pengobatan,beban,40876275.0,41146466.0
cm_2025_12_mpo_tad_tender_koreksi_lainnya_beban,snapshot_istantoro_2022_mar_2026,2025-12,monthly,2025,12.0,MPO - TAD,"Tender, Koreksi & Lainnya",beban,6317316.0,6267471.0
cm_2025_12_mpo_tad_rapel_beban,snapshot_istantoro_2022_mar_2026,2025-12,monthly,2025,12.0,MPO - TAD,Rapel,beban,2271826356.0,2272426871.0
cm_2026_01_mpo_tad_upah_gaji_tunjangan_beban,snapshot_istantoro_2022_mar_2026,2026-01,monthly,2026,1.0,MPO - TAD,"Upah, Gaji & Tunjangan",beban,203997109595.0,181465095962.0
cm_2026_01_mpo_tad_insentif_bonus_beban,snapshot_istantoro_2022_mar_2026,2026-01,monthly,2026,1.0,MPO - TAD,Insentif & Bonus,beban,819043579.0,731797981.0
cm_2026_01_mpo_tad_seragam_reliver_beban,snapshot_istantoro_2022_mar_2026,2026-01,monthly,2026,1.0,MPO - TAD,Seragam & Reliver,beban,1863273215.0,1605401878.0
cm_2026_01_mpo_tad_rekrutmen_pendidikan_pembinaan_hubungan_beban,snapshot_istantoro_2022_mar_2026,2026-01,monthly,2026,1.0,MPO - TAD,"Rekrutmen, Pendidikan, Pembinaan & Hubungan",beban,810066226.0,688414724.0
cm_2026_01_mpo_tad_pesangon_dplk_kompensasi_beban,snapshot_istantoro_2022_mar_2026,2026-01,monthly,2026,1.0,MPO - TAD,"Pesangon, DPLK, Kompensasi",beban,15587075936.0,14789515274.0
cm_2026_01_mpo_tad_thr_hari_keagamaan_beban,snapshot_istantoro_2022_mar_2026,2026-01,monthly,2026,1.0,MPO - TAD,THR & Hari Keagamaan,beban,2702684956.0,2361106461.0
cm_2026_01_mpo_tad_pengganti_sementara_beban,snapshot_istantoro_2022_mar_2026,2026-01,monthly,2026,1.0,MPO - TAD,Pengganti Sementara,beban,17067962585.0,15530952627.0
cm_2026_01_mpo_tad_operasional_tenaga_kerja_beban,snapshot_istantoro_2022_mar_2026,2026-01,monthly,2026,1.0,MPO - TAD,Operasional Tenaga Kerja,beban,320769744.0,268024418.0
cm_2026_01_mpo_tad_bahan_alat_beban,snapshot_istantoro_2022_mar_2026,2026-01,monthly,2026,1.0,MPO - TAD,Bahan & Alat,beban,1308020426.0,1160719124.0
cm_2026_01_mpo_tad_medical_pengobatan_beban,snapshot_istantoro_2022_mar_2026,2026-01,monthly,2026,1.0,MPO - TAD,Medical & Pengobatan,beban,48675706.0,39968042.0
cm_2026_01_mpo_tad_tender_koreksi_lainnya_beban,snapshot_istantoro_2022_mar_2026,2026-01,monthly,2026,1.0,MPO - TAD,"Tender, Koreksi & Lainnya",beban,15563200.0,13540263.0
cm_2026_01_mpo_tad_rapel_beban,snapshot_istantoro_2022_mar_2026,2026-01,monthly,2026,1.0,MPO - TAD,Rapel,beban,1698945825.0,1520297918.0
cm_2026_02_mpo_tad_upah_gaji_tunjangan_beban,snapshot_istantoro_2022_mar_2026,2026-02,monthly,2026,2.0,MPO - TAD,"Upah, Gaji & Tunjangan",beban,206179694407.0,185243321099.0
cm_2026_02_mpo_tad_insentif_bonus_beban,snapshot_istantoro_2022_mar_2026,2026-02,monthly,2026,2.0,MPO - TAD,Insentif & Bonus,beban,1095121740.0,974817332.0
cm_2026_02_mpo_tad_seragam_reliver_beban,snapshot_istantoro_2022_mar_2026,2026-02,monthly,2026,2.0,MPO - TAD,Seragam & Reliver,beban,2715027367.0,2371025501.0
cm_2026_02_mpo_tad_rekrutmen_pendidikan_pembinaan_hubungan_beban,snapshot_istantoro_2022_mar_2026,2026-02,monthly,2026,2.0,MPO - TAD,"Rekrutmen, Pendidikan, Pembinaan & Hubungan",beban,631103777.0,535164298.0
cm_2026_02_mpo_tad_pesangon_dplk_kompensasi_beban,snapshot_istantoro_2022_mar_2026,2026-02,monthly,2026,2.0,MPO - TAD,"Pesangon, DPLK, Kompensasi",beban,8919038389.0,8170853456.0
cm_2026_02_mpo_tad_thr_hari_keagamaan_beban,snapshot_istantoro_2022_mar_2026,2026-02,monthly,2026,2.0,MPO - TAD,THR & Hari Keagamaan,beban,2834869593.0,2454724464.0
cm_2026_02_mpo_tad_pengganti_sementara_beban,snapshot_istantoro_2022_mar_2026,2026-02,monthly,2026,2.0,MPO - TAD,Pengganti Sementara,beban,19784206177.0,16917852314.0
cm_2026_02_mpo_tad_operasional_tenaga_kerja_beban,snapshot_istantoro_2022_mar_2026,2026-02,monthly,2026,2.0,MPO - TAD,Operasional Tenaga Kerja,beban,119530732.0,101646983.0
cm_2026_02_mpo_tad_bahan_alat_beban,snapshot_istantoro_2022_mar_2026,2026-02,monthly,2026,2.0,MPO - TAD,Bahan & Alat,beban,1248146680.0,1061010954.0
cm_2026_02_mpo_tad_medical_pengobatan_beban,snapshot_istantoro_2022_mar_2026,2026-02,monthly,2026,2.0,MPO - TAD,Medical & Pengobatan,beban,45984715.0,39708364.0
cm_2026_02_mpo_tad_tender_koreksi_lainnya_beban,snapshot_istantoro_2022_mar_2026,2026-02,monthly,2026,2.0,MPO - TAD,"Tender, Koreksi & Lainnya",beban,26774249.0,24021211.0
cm_2026_02_mpo_tad_rapel_beban,snapshot_istantoro_2022_mar_2026,2026-02,monthly,2026,2.0,MPO - TAD,Rapel,beban,3212912065.0,2797774460.0
cm_2026_03_mpo_tad_upah_gaji_tunjangan_beban,snapshot_istantoro_2022_mar_2026,2026-03,monthly,2026,3.0,MPO - TAD,"Upah, Gaji & Tunjangan",beban,193830575294.0,134973790318.0
cm_2026_03_mpo_tad_insentif_bonus_beban,snapshot_istantoro_2022_mar_2026,2026-03,monthly,2026,3.0,MPO - TAD,Insentif & Bonus,beban,2060673374.0,1353957643.0
cm_2026_03_mpo_tad_seragam_reliver_beban,snapshot_istantoro_2022_mar_2026,2026-03,monthly,2026,3.0,MPO - TAD,Seragam & Reliver,beban,3013662242.0,2024118800.0
cm_2026_03_mpo_tad_rekrutmen_pendidikan_pembinaan_hubungan_beban,snapshot_istantoro_2022_mar_2026,2026-03,monthly,2026,3.0,MPO - TAD,"Rekrutmen, Pendidikan, Pembinaan & Hubungan",beban,932102410.0,585215744.0
cm_2026_03_mpo_tad_pesangon_dplk_kompensasi_beban,snapshot_istantoro_2022_mar_2026,2026-03,monthly,2026,3.0,MPO - TAD,"Pesangon, DPLK, Kompensasi",beban,4520306965.0,3104069883.0
cm_2026_03_mpo_tad_thr_hari_keagamaan_beban,snapshot_istantoro_2022_mar_2026,2026-03,monthly,2026,3.0,MPO - TAD,THR & Hari Keagamaan,beban,102296018531.0,66157125107.0
cm_2026_03_mpo_tad_pengganti_sementara_beban,snapshot_istantoro_2022_mar_2026,2026-03,monthly,2026,3.0,MPO - TAD,Pengganti Sementara,beban,16443832434.0,10697114713.0
cm_2026_03_mpo_tad_operasional_tenaga_kerja_beban,snapshot_istantoro_2022_mar_2026,2026-03,monthly,2026,3.0,MPO - TAD,Operasional Tenaga Kerja,beban,251279246.0,169351381.0
cm_2026_03_mpo_tad_bahan_alat_beban,snapshot_istantoro_2022_mar_2026,2026-03,monthly,2026,3.0,MPO - TAD,Bahan & Alat,beban,1256297847.0,879071959.0
cm_2026_03_mpo_tad_medical_pengobatan_beban,snapshot_istantoro_2022_mar_2026,2026-03,monthly,2026,3.0,MPO - TAD,Medical & Pengobatan,beban,46412764.0,31054468.0
cm_2026_03_mpo_tad_tender_koreksi_lainnya_beban,snapshot_istantoro_2022_mar_2026,2026-03,monthly,2026,3.0,MPO - TAD,"Tender, Koreksi & Lainnya",beban,12500097.0,8174139.0
cm_2026_03_mpo_tad_rapel_beban,snapshot_istantoro_2022_mar_2026,2026-03,monthly,2026,3.0,MPO - TAD,Rapel,beban,1708815688.0,1122804613.0
cm_2022_mpo_rab_jasa_layanan_dan_ops_rekrutmen_beban,snapshot_istantoro_2022_mar_2026,2022,annual,2022,,MPO - RAB,Jasa Layanan dan Ops Rekrutmen,beban,292011643.0,184979905.0
cm_2022_mpo_rab_jasa_head_hunter_bri_beban,snapshot_istantoro_2022_mar_2026,2022,annual,2022,,MPO - RAB,Jasa Head Hunter Klien,beban,3388280192.0,2112791171.0
cm_2022_mpo_rab_jasa_assessment_dan_psikotest_bri_beban,snapshot_istantoro_2022_mar_2026,2022,annual,2022,,MPO - RAB,Jasa Assessment dan Psikotest Klien,beban,154953246.0,95898851.0
cm_2022_mpo_rab_jasa_head_hunter_non_captive_beban,snapshot_istantoro_2022_mar_2026,2022,annual,2022,,MPO - RAB,Jasa Head Hunter Non Captive,beban,54865643.0,37170940.0
cm_2022_mpo_rab_jasa_assessment_dan_psikotest_non_captive_beban,snapshot_istantoro_2022_mar_2026,2022,annual,2022,,MPO - RAB,Jasa Assessment dan Psikotest Non Captive,beban,2088060211.0,1329102171.0
cm_2022_mpo_rab_bflp_bbop_bri_beban,snapshot_istantoro_2022_mar_2026,2022,annual,2022,,MPO - RAB,BFLP - BBOP Klien,beban,1193280060.0,778296022.0
cm_2023_mpo_rab_jasa_layanan_dan_ops_rekrutmen_beban,snapshot_istantoro_2022_mar_2026,2023,annual,2023,,MPO - RAB,Jasa Layanan dan Ops Rekrutmen,beban,14054333.0,11086338.0
cm_2023_mpo_rab_jasa_head_hunter_bri_beban,snapshot_istantoro_2022_mar_2026,2023,annual,2023,,MPO - RAB,Jasa Head Hunter Klien,beban,9112631517.0,7395742753.0
cm_2023_mpo_rab_jasa_assessment_dan_psikotest_bri_beban,snapshot_istantoro_2022_mar_2026,2023,annual,2023,,MPO - RAB,Jasa Assessment dan Psikotest Klien,beban,581539477.0,435932578.0
cm_2023_mpo_rab_jasa_head_hunter_non_captive_beban,snapshot_istantoro_2022_mar_2026,2023,annual,2023,,MPO - RAB,Jasa Head Hunter Non Captive,beban,993199498.0,721009740.0
cm_2023_mpo_rab_jasa_assessment_dan_psikotest_non_captive_beban,snapshot_istantoro_2022_mar_2026,2023,annual,2023,,MPO - RAB,Jasa Assessment dan Psikotest Non Captive,beban,402049062.0,295313681.0
cm_2023_mpo_rab_bflp_bbop_bri_beban,snapshot_istantoro_2022_mar_2026,2023,annual,2023,,MPO - RAB,BFLP - BBOP Klien,beban,1551441627.0,1160207864.0
cm_2024_mpo_rab_jasa_layanan_dan_ops_rekrutmen_beban,snapshot_istantoro_2022_mar_2026,2024,annual,2024,,MPO - RAB,Jasa Layanan dan Ops Rekrutmen,beban,70910359.0,46911820.0
cm_2024_mpo_rab_jasa_head_hunter_bri_beban,snapshot_istantoro_2022_mar_2026,2024,annual,2024,,MPO - RAB,Jasa Head Hunter Klien,beban,12658401403.0,8069511766.0
cm_2024_mpo_rab_jasa_assessment_dan_psikotest_bri_beban,snapshot_istantoro_2022_mar_2026,2024,annual,2024,,MPO - RAB,Jasa Assessment dan Psikotest Klien,beban,769176242.0,524726499.0
cm_2024_mpo_rab_jasa_head_hunter_non_captive_beban,snapshot_istantoro_2022_mar_2026,2024,annual,2024,,MPO - RAB,Jasa Head Hunter Non Captive,beban,424610199.0,283610168.0
cm_2024_mpo_rab_jasa_assessment_dan_psikotest_non_captive_beban,snapshot_istantoro_2022_mar_2026,2024,annual,2024,,MPO - RAB,Jasa Assessment dan Psikotest Non Captive,beban,665115469.0,423849285.0
cm_2024_mpo_rab_bflp_bbop_bri_beban,snapshot_istantoro_2022_mar_2026,2024,annual,2024,,MPO - RAB,BFLP - BBOP Klien,beban,560168924.0,373772030.0
cm_2025_mpo_rab_jasa_layanan_dan_ops_rekrutmen_beban,snapshot_istantoro_2022_mar_2026,2025,annual,2025,,MPO - RAB,Jasa Layanan dan Ops Rekrutmen,beban,130621078.0,174863965.0
cm_2025_mpo_rab_jasa_head_hunter_bri_beban,snapshot_istantoro_2022_mar_2026,2025,annual,2025,,MPO - RAB,Jasa Head Hunter Klien,beban,16721504032.0,22287273796.0
cm_2025_mpo_rab_jasa_assessment_dan_psikotest_bri_beban,snapshot_istantoro_2022_mar_2026,2025,annual,2025,,MPO - RAB,Jasa Assessment dan Psikotest Klien,beban,232864754.0,291966289.0
cm_2025_mpo_rab_jasa_head_hunter_non_captive_beban,snapshot_istantoro_2022_mar_2026,2025,annual,2025,,MPO - RAB,Jasa Head Hunter Non Captive,beban,446156140.0,566021508.0
cm_2025_mpo_rab_jasa_assessment_dan_psikotest_non_captive_beban,snapshot_istantoro_2022_mar_2026,2025,annual,2025,,MPO - RAB,Jasa Assessment dan Psikotest Non Captive,beban,262752398.0,326235605.0
cm_2025_mpo_rab_bflp_bbop_bri_beban,snapshot_istantoro_2022_mar_2026,2025,annual,2025,,MPO - RAB,BFLP - BBOP Klien,beban,418104293.0,546829903.0
cm_2025_01_mpo_rab_jasa_layanan_dan_ops_rekrutmen_beban,snapshot_istantoro_2022_mar_2026,2025-01,monthly,2025,1.0,MPO - RAB,Jasa Layanan dan Ops Rekrutmen,beban,132561353.0,79444884.0
cm_2025_01_mpo_rab_jasa_head_hunter_bri_beban,snapshot_istantoro_2022_mar_2026,2025-01,monthly,2025,1.0,MPO - RAB,Jasa Head Hunter Klien,beban,3107597678.0,1840315723.0
cm_2025_01_mpo_rab_jasa_assessment_dan_psikotest_bri_beban,snapshot_istantoro_2022_mar_2026,2025-01,monthly,2025,1.0,MPO - RAB,Jasa Assessment dan Psikotest Klien,beban,10421031.0,6173981.0
cm_2025_01_mpo_rab_jasa_head_hunter_non_captive_beban,snapshot_istantoro_2022_mar_2026,2025-01,monthly,2025,1.0,MPO - RAB,Jasa Head Hunter Non Captive,beban,6775156.0,4285272.0
cm_2025_01_mpo_rab_jasa_assessment_dan_psikotest_non_captive_beban,snapshot_istantoro_2022_mar_2026,2025-01,monthly,2025,1.0,MPO - RAB,Jasa Assessment dan Psikotest Non Captive,beban,69456343.0,42794877.0
cm_2025_01_mpo_rab_bflp_bbop_bri_beban,snapshot_istantoro_2022_mar_2026,2025-01,monthly,2025,1.0,MPO - RAB,BFLP - BBOP Klien,beban,0.0,0.0
cm_2025_02_mpo_rab_jasa_layanan_dan_ops_rekrutmen_beban,snapshot_istantoro_2022_mar_2026,2025-02,monthly,2025,2.0,MPO - RAB,Jasa Layanan dan Ops Rekrutmen,beban,0.0,0.0
cm_2025_02_mpo_rab_jasa_head_hunter_bri_beban,snapshot_istantoro_2022_mar_2026,2025-02,monthly,2025,2.0,MPO - RAB,Jasa Head Hunter Klien,beban,990844348.0,1720343788.0
cm_2025_02_mpo_rab_jasa_assessment_dan_psikotest_bri_beban,snapshot_istantoro_2022_mar_2026,2025-02,monthly,2025,2.0,MPO - RAB,Jasa Assessment dan Psikotest Klien,beban,27624768.0,52131562.0
cm_2025_02_mpo_rab_jasa_head_hunter_non_captive_beban,snapshot_istantoro_2022_mar_2026,2025-02,monthly,2025,2.0,MPO - RAB,Jasa Head Hunter Non Captive,beban,11617451.0,20809828.0
cm_2025_02_mpo_rab_jasa_assessment_dan_psikotest_non_captive_beban,snapshot_istantoro_2022_mar_2026,2025-02,monthly,2025,2.0,MPO - RAB,Jasa Assessment dan Psikotest Non Captive,beban,29486804.0,53627203.0
cm_2025_02_mpo_rab_bflp_bbop_bri_beban,snapshot_istantoro_2022_mar_2026,2025-02,monthly,2025,2.0,MPO - RAB,BFLP - BBOP Klien,beban,36725774.0,70131124.0
cm_2025_03_mpo_rab_jasa_layanan_dan_ops_rekrutmen_beban,snapshot_istantoro_2022_mar_2026,2025-03,monthly,2025,3.0,MPO - RAB,Jasa Layanan dan Ops Rekrutmen,beban,0.0,0.0
cm_2025_03_mpo_rab_jasa_head_hunter_bri_beban,snapshot_istantoro_2022_mar_2026,2025-03,monthly,2025,3.0,MPO - RAB,Jasa Head Hunter Klien,beban,325413431.0,1381182524.0
cm_2025_03_mpo_rab_jasa_assessment_dan_psikotest_bri_beban,snapshot_istantoro_2022_mar_2026,2025-03,monthly,2025,3.0,MPO - RAB,Jasa Assessment dan Psikotest Klien,beban,16966430.0,72724575.0
cm_2025_03_mpo_rab_jasa_head_hunter_non_captive_beban,snapshot_istantoro_2022_mar_2026,2025-03,monthly,2025,3.0,MPO - RAB,Jasa Head Hunter Non Captive,beban,67438042.0,306949915.0
cm_2025_03_mpo_rab_jasa_assessment_dan_psikotest_non_captive_beban,snapshot_istantoro_2022_mar_2026,2025-03,monthly,2025,3.0,MPO - RAB,Jasa Assessment dan Psikotest Non Captive,beban,1146094.0,4955800.0
cm_2025_03_mpo_rab_bflp_bbop_bri_beban,snapshot_istantoro_2022_mar_2026,2025-03,monthly,2025,3.0,MPO - RAB,BFLP - BBOP Klien,beban,48732946.0,200692830.0
cm_2025_04_mpo_rab_jasa_layanan_dan_ops_rekrutmen_beban,snapshot_istantoro_2022_mar_2026,2025-04,monthly,2025,4.0,MPO - RAB,Jasa Layanan dan Ops Rekrutmen,beban,0.0,0.0
cm_2025_04_mpo_rab_jasa_head_hunter_bri_beban,snapshot_istantoro_2022_mar_2026,2025-04,monthly,2025,4.0,MPO - RAB,Jasa Head Hunter Klien,beban,202987433.0,1690461824.0
cm_2025_04_mpo_rab_jasa_assessment_dan_psikotest_bri_beban,snapshot_istantoro_2022_mar_2026,2025-04,monthly,2025,4.0,MPO - RAB,Jasa Assessment dan Psikotest Klien,beban,8115245.0,64883332.0
cm_2025_04_mpo_rab_jasa_head_hunter_non_captive_beban,snapshot_istantoro_2022_mar_2026,2025-04,monthly,2025,4.0,MPO - RAB,Jasa Head Hunter Non Captive,beban,258833.0,2119100.0
cm_2025_04_mpo_rab_jasa_assessment_dan_psikotest_non_captive_beban,snapshot_istantoro_2022_mar_2026,2025-04,monthly,2025,4.0,MPO - RAB,Jasa Assessment dan Psikotest Non Captive,beban,9042988.0,72848553.0
cm_2025_04_mpo_rab_bflp_bbop_bri_beban,snapshot_istantoro_2022_mar_2026,2025-04,monthly,2025,4.0,MPO - RAB,BFLP - BBOP Klien,beban,14674313.0,125952135.0
cm_2025_05_mpo_rab_jasa_layanan_dan_ops_rekrutmen_beban,snapshot_istantoro_2022_mar_2026,2025-05,monthly,2025,5.0,MPO - RAB,Jasa Layanan dan Ops Rekrutmen,beban,0.0,0.0
cm_2025_05_mpo_rab_jasa_head_hunter_bri_beban,snapshot_istantoro_2022_mar_2026,2025-05,monthly,2025,5.0,MPO - RAB,Jasa Head Hunter Klien,beban,1949322104.0,1893262368.0
cm_2025_05_mpo_rab_jasa_assessment_dan_psikotest_bri_beban,snapshot_istantoro_2022_mar_2026,2025-05,monthly,2025,5.0,MPO - RAB,Jasa Assessment dan Psikotest Klien,beban,17340881.0,16202550.0
cm_2025_05_mpo_rab_jasa_head_hunter_non_captive_beban,snapshot_istantoro_2022_mar_2026,2025-05,monthly,2025,5.0,MPO - RAB,Jasa Head Hunter Non Captive,beban,84710757.0,75761963.0
cm_2025_05_mpo_rab_jasa_assessment_dan_psikotest_non_captive_beban,snapshot_istantoro_2022_mar_2026,2025-05,monthly,2025,5.0,MPO - RAB,Jasa Assessment dan Psikotest Non Captive,beban,4822646.0,4646601.0
cm_2025_05_mpo_rab_bflp_bbop_bri_beban,snapshot_istantoro_2022_mar_2026,2025-05,monthly,2025,5.0,MPO - RAB,BFLP - BBOP Klien,beban,19703249.0,18186902.0
cm_2025_06_mpo_rab_jasa_layanan_dan_ops_rekrutmen_beban,snapshot_istantoro_2022_mar_2026,2025-06,monthly,2025,6.0,MPO - RAB,Jasa Layanan dan Ops Rekrutmen,beban,235572.0,576652.0
cm_2025_06_mpo_rab_jasa_head_hunter_bri_beban,snapshot_istantoro_2022_mar_2026,2025-06,monthly,2025,6.0,MPO - RAB,Jasa Head Hunter Klien,beban,545712754.0,1327288709.0
cm_2025_06_mpo_rab_jasa_assessment_dan_psikotest_bri_beban,snapshot_istantoro_2022_mar_2026,2025-06,monthly,2025,6.0,MPO - RAB,Jasa Assessment dan Psikotest Klien,beban,12632941.0,31724376.0
cm_2025_06_mpo_rab_jasa_head_hunter_non_captive_beban,snapshot_istantoro_2022_mar_2026,2025-06,monthly,2025,6.0,MPO - RAB,Jasa Head Hunter Non Captive,beban,106655953.0,273163075.0
cm_2025_06_mpo_rab_jasa_assessment_dan_psikotest_non_captive_beban,snapshot_istantoro_2022_mar_2026,2025-06,monthly,2025,6.0,MPO - RAB,Jasa Assessment dan Psikotest Non Captive,beban,27525744.0,65964317.0
cm_2025_06_mpo_rab_bflp_bbop_bri_beban,snapshot_istantoro_2022_mar_2026,2025-06,monthly,2025,6.0,MPO - RAB,BFLP - BBOP Klien,beban,106507509.0,254691419.0
cm_2025_07_mpo_rab_jasa_layanan_dan_ops_rekrutmen_beban,snapshot_istantoro_2022_mar_2026,2025-07,monthly,2025,7.0,MPO - RAB,Jasa Layanan dan Ops Rekrutmen,beban,0.0,0.0
cm_2025_07_mpo_rab_jasa_head_hunter_bri_beban,snapshot_istantoro_2022_mar_2026,2025-07,monthly,2025,7.0,MPO - RAB,Jasa Head Hunter Klien,beban,1987982181.0,1857379928.0
cm_2025_07_mpo_rab_jasa_assessment_dan_psikotest_bri_beban,snapshot_istantoro_2022_mar_2026,2025-07,monthly,2025,7.0,MPO - RAB,Jasa Assessment dan Psikotest Klien,beban,28747603.0,26218754.0
cm_2025_07_mpo_rab_jasa_head_hunter_non_captive_beban,snapshot_istantoro_2022_mar_2026,2025-07,monthly,2025,7.0,MPO - RAB,Jasa Head Hunter Non Captive,beban,22112385.0,20116695.0
cm_2025_07_mpo_rab_jasa_assessment_dan_psikotest_non_captive_beban,snapshot_istantoro_2022_mar_2026,2025-07,monthly,2025,7.0,MPO - RAB,Jasa Assessment dan Psikotest Non Captive,beban,30314893.0,28680165.0
cm_2025_07_mpo_rab_bflp_bbop_bri_beban,snapshot_istantoro_2022_mar_2026,2025-07,monthly,2025,7.0,MPO - RAB,BFLP - BBOP Klien,beban,30198756.0,28181873.0
cm_2025_08_mpo_rab_jasa_layanan_dan_ops_rekrutmen_beban,snapshot_istantoro_2022_mar_2026,2025-08,monthly,2025,8.0,MPO - RAB,Jasa Layanan dan Ops Rekrutmen,beban,0.0,0.0
cm_2025_08_mpo_rab_jasa_head_hunter_bri_beban,snapshot_istantoro_2022_mar_2026,2025-08,monthly,2025,8.0,MPO - RAB,Jasa Head Hunter Klien,beban,1771459816.0,1728716514.0
cm_2025_08_mpo_rab_jasa_assessment_dan_psikotest_bri_beban,snapshot_istantoro_2022_mar_2026,2025-08,monthly,2025,8.0,MPO - RAB,Jasa Assessment dan Psikotest Klien,beban,68630240.0,64231207.0
cm_2025_08_mpo_rab_jasa_head_hunter_non_captive_beban,snapshot_istantoro_2022_mar_2026,2025-08,monthly,2025,8.0,MPO - RAB,Jasa Head Hunter Non Captive,beban,5455351.0,5285818.0
cm_2025_08_mpo_rab_jasa_assessment_dan_psikotest_non_captive_beban,snapshot_istantoro_2022_mar_2026,2025-08,monthly,2025,8.0,MPO - RAB,Jasa Assessment dan Psikotest Non Captive,beban,14915420.0,13858560.0
cm_2025_08_mpo_rab_bflp_bbop_bri_beban,snapshot_istantoro_2022_mar_2026,2025-08,monthly,2025,8.0,MPO - RAB,BFLP - BBOP Klien,beban,99321770.0,99020072.0
cm_2025_09_mpo_rab_jasa_layanan_dan_ops_rekrutmen_beban,snapshot_istantoro_2022_mar_2026,2025-09,monthly,2025,9.0,MPO - RAB,Jasa Layanan dan Ops Rekrutmen,beban,0.0,0.0
cm_2025_09_mpo_rab_jasa_head_hunter_bri_beban,snapshot_istantoro_2022_mar_2026,2025-09,monthly,2025,9.0,MPO - RAB,Jasa Head Hunter Klien,beban,1747733932.0,1883304005.0
cm_2025_09_mpo_rab_jasa_assessment_dan_psikotest_bri_beban,snapshot_istantoro_2022_mar_2026,2025-09,monthly,2025,9.0,MPO - RAB,Jasa Assessment dan Psikotest Klien,beban,14315165.0,14956554.0
cm_2025_09_mpo_rab_jasa_head_hunter_non_captive_beban,snapshot_istantoro_2022_mar_2026,2025-09,monthly,2025,9.0,MPO - RAB,Jasa Head Hunter Non Captive,beban,15005105.0,15925152.0
cm_2025_09_mpo_rab_jasa_assessment_dan_psikotest_non_captive_beban,snapshot_istantoro_2022_mar_2026,2025-09,monthly,2025,9.0,MPO - RAB,Jasa Assessment dan Psikotest Non Captive,beban,19387567.0,20533045.0
cm_2025_09_mpo_rab_bflp_bbop_bri_beban,snapshot_istantoro_2022_mar_2026,2025-09,monthly,2025,9.0,MPO - RAB,BFLP - BBOP Klien,beban,52492233.0,51686719.0
cm_2025_10_mpo_rab_jasa_layanan_dan_ops_rekrutmen_beban,snapshot_istantoro_2022_mar_2026,2025-10,monthly,2025,10.0,MPO - RAB,Jasa Layanan dan Ops Rekrutmen,beban,0.0,0.0
cm_2025_10_mpo_rab_jasa_head_hunter_bri_beban,snapshot_istantoro_2022_mar_2026,2025-10,monthly,2025,10.0,MPO - RAB,Jasa Head Hunter Klien,beban,2790720894.0,1912119296.0
cm_2025_10_mpo_rab_jasa_assessment_dan_psikotest_bri_beban,snapshot_istantoro_2022_mar_2026,2025-10,monthly,2025,10.0,MPO - RAB,Jasa Assessment dan Psikotest Klien,beban,5971615.0,3995182.0
cm_2025_10_mpo_rab_jasa_head_hunter_non_captive_beban,snapshot_istantoro_2022_mar_2026,2025-10,monthly,2025,10.0,MPO - RAB,Jasa Head Hunter Non Captive,beban,38251893.0,24567340.0
cm_2025_10_mpo_rab_jasa_assessment_dan_psikotest_non_captive_beban,snapshot_istantoro_2022_mar_2026,2025-10,monthly,2025,10.0,MPO - RAB,Jasa Assessment dan Psikotest Non Captive,beban,11370288.0,7602172.0
cm_2025_10_mpo_rab_bflp_bbop_bri_beban,snapshot_istantoro_2022_mar_2026,2025-10,monthly,2025,10.0,MPO - RAB,BFLP - BBOP Klien,beban,20819119.0,13623203.0
cm_2025_11_mpo_rab_jasa_layanan_dan_ops_rekrutmen_beban,snapshot_istantoro_2022_mar_2026,2025-11,monthly,2025,11.0,MPO - RAB,Jasa Layanan dan Ops Rekrutmen,beban,0.0,0.0
cm_2025_11_mpo_rab_jasa_head_hunter_bri_beban,snapshot_istantoro_2022_mar_2026,2025-11,monthly,2025,11.0,MPO - RAB,Jasa Head Hunter Klien,beban,2229204606.0,1928679674.0
cm_2025_11_mpo_rab_jasa_assessment_dan_psikotest_bri_beban,snapshot_istantoro_2022_mar_2026,2025-11,monthly,2025,11.0,MPO - RAB,Jasa Assessment dan Psikotest Klien,beban,2081260.0,1701243.0
cm_2025_11_mpo_rab_jasa_head_hunter_non_captive_beban,snapshot_istantoro_2022_mar_2026,2025-11,monthly,2025,11.0,MPO - RAB,Jasa Head Hunter Non Captive,beban,17595592.0,14809705.0
cm_2025_11_mpo_rab_jasa_assessment_dan_psikotest_non_captive_beban,snapshot_istantoro_2022_mar_2026,2025-11,monthly,2025,11.0,MPO - RAB,Jasa Assessment dan Psikotest Non Captive,beban,5501012.0,4755771.0
cm_2025_11_mpo_rab_bflp_bbop_bri_beban,snapshot_istantoro_2022_mar_2026,2025-11,monthly,2025,11.0,MPO - RAB,BFLP - BBOP Klien,beban,18665068.0,14640634.0
cm_2025_12_mpo_rab_jasa_layanan_dan_ops_rekrutmen_beban,snapshot_istantoro_2022_mar_2026,2025-12,monthly,2025,12.0,MPO - RAB,Jasa Layanan dan Ops Rekrutmen,beban,506271.0,395892.0
cm_2025_12_mpo_rab_jasa_head_hunter_bri_beban,snapshot_istantoro_2022_mar_2026,2025-12,monthly,2025,12.0,MPO - RAB,Jasa Head Hunter Klien,beban,2561069041.0,1843301136.0
cm_2025_12_mpo_rab_jasa_assessment_dan_psikotest_bri_beban,snapshot_istantoro_2022_mar_2026,2025-12,monthly,2025,12.0,MPO - RAB,Jasa Assessment dan Psikotest Klien,beban,16214245.0,12222107.0
cm_2025_12_mpo_rab_jasa_head_hunter_non_captive_beban,snapshot_istantoro_2022_mar_2026,2025-12,monthly,2025,12.0,MPO - RAB,Jasa Head Hunter Non Captive,beban,43410733.0,33635532.0
cm_2025_12_mpo_rab_jasa_assessment_dan_psikotest_non_captive_beban,snapshot_istantoro_2022_mar_2026,2025-12,monthly,2025,12.0,MPO - RAB,Jasa Assessment dan Psikotest Non Captive,beban,29171564.0,20442378.0
cm_2025_12_mpo_rab_bflp_bbop_bri_beban,snapshot_istantoro_2022_mar_2026,2025-12,monthly,2025,12.0,MPO - RAB,BFLP - BBOP Klien,beban,0.0,0.0
cm_2026_01_mpo_rab_jasa_layanan_dan_ops_rekrutmen_beban,snapshot_istantoro_2022_mar_2026,2026-01,monthly,2026,1.0,MPO - RAB,Jasa Layanan dan Ops Rekrutmen,beban,290644.0,163132.0
cm_2026_01_mpo_rab_jasa_head_hunter_bri_beban,snapshot_istantoro_2022_mar_2026,2026-01,monthly,2026,1.0,MPO - RAB,Jasa Head Hunter Klien,beban,2576504449.0,1323835396.0
cm_2026_01_mpo_rab_jasa_assessment_dan_psikotest_bri_beban,snapshot_istantoro_2022_mar_2026,2026-01,monthly,2026,1.0,MPO - RAB,Jasa Assessment dan Psikotest Klien,beban,859882.0,443268.0
cm_2026_01_mpo_rab_jasa_head_hunter_non_captive_beban,snapshot_istantoro_2022_mar_2026,2026-01,monthly,2026,1.0,MPO - RAB,Jasa Head Hunter Non Captive,beban,10793742.0,5761287.0
cm_2026_01_mpo_rab_jasa_assessment_dan_psikotest_non_captive_beban,snapshot_istantoro_2022_mar_2026,2026-01,monthly,2026,1.0,MPO - RAB,Jasa Assessment dan Psikotest Non Captive,beban,11656602.0,5945948.0
cm_2026_01_mpo_rab_bflp_bbop_bri_beban,snapshot_istantoro_2022_mar_2026,2026-01,monthly,2026,1.0,MPO - RAB,BFLP - BBOP Klien,beban,0.0,0.0
cm_2026_02_mpo_rab_jasa_layanan_dan_ops_rekrutmen_beban,snapshot_istantoro_2022_mar_2026,2026-02,monthly,2026,2.0,MPO - RAB,Jasa Layanan dan Ops Rekrutmen,beban,0.0,0.0
cm_2026_02_mpo_rab_jasa_head_hunter_bri_beban,snapshot_istantoro_2022_mar_2026,2026-02,monthly,2026,2.0,MPO - RAB,Jasa Head Hunter Klien,beban,373451898.0,1148284466.0
cm_2026_02_mpo_rab_jasa_assessment_dan_psikotest_bri_beban,snapshot_istantoro_2022_mar_2026,2026-02,monthly,2026,2.0,MPO - RAB,Jasa Assessment dan Psikotest Klien,beban,0.0,0.0
cm_2026_02_mpo_rab_jasa_head_hunter_non_captive_beban,snapshot_istantoro_2022_mar_2026,2026-02,monthly,2026,2.0,MPO - RAB,Jasa Head Hunter Non Captive,beban,61297508.0,185592721.0
cm_2026_02_mpo_rab_jasa_assessment_dan_psikotest_non_captive_beban,snapshot_istantoro_2022_mar_2026,2026-02,monthly,2026,2.0,MPO - RAB,Jasa Assessment dan Psikotest Non Captive,beban,13754407.0,40584702.0
cm_2026_02_mpo_rab_bflp_bbop_bri_beban,snapshot_istantoro_2022_mar_2026,2026-02,monthly,2026,2.0,MPO - RAB,BFLP - BBOP Klien,beban,0.0,0.0
cm_2026_03_mpo_rab_jasa_layanan_dan_ops_rekrutmen_beban,snapshot_istantoro_2022_mar_2026,2026-03,monthly,2026,3.0,MPO - RAB,Jasa Layanan dan Ops Rekrutmen,beban,0.0,0.0
cm_2026_03_mpo_rab_jasa_head_hunter_bri_beban,snapshot_istantoro_2022_mar_2026,2026-03,monthly,2026,3.0,MPO - RAB,Jasa Head Hunter Klien,beban,264606478.0,1205969949.0
cm_2026_03_mpo_rab_jasa_assessment_dan_psikotest_bri_beban,snapshot_istantoro_2022_mar_2026,2026-03,monthly,2026,3.0,MPO - RAB,Jasa Assessment dan Psikotest Klien,beban,4011444.0,18770596.0
cm_2026_03_mpo_rab_jasa_head_hunter_non_captive_beban,snapshot_istantoro_2022_mar_2026,2026-03,monthly,2026,3.0,MPO - RAB,Jasa Head Hunter Non Captive,beban,4659555.0,23031537.0
cm_2026_03_mpo_rab_jasa_assessment_dan_psikotest_non_captive_beban,snapshot_istantoro_2022_mar_2026,2026-03,monthly,2026,3.0,MPO - RAB,Jasa Assessment dan Psikotest Non Captive,beban,18318287.0,88628099.0
cm_2026_03_mpo_rab_bflp_bbop_bri_beban,snapshot_istantoro_2022_mar_2026,2026-03,monthly,2026,3.0,MPO - RAB,BFLP - BBOP Klien,beban,0.0,0.0
cm_2022_bpo_other_managed_services_qa_e_arsip_eo_beban,snapshot_istantoro_2022_mar_2026,2022,annual,2022,,BPO,"Other Managed Services (QA, E-Arsip, EO)",beban,5967184622.0,4675303902.0
cm_2022_bpo_managed_services_collection_beban,snapshot_istantoro_2022_mar_2026,2022,annual,2022,,BPO,Managed Services Collection,beban,19563615620.0,14956740547.0
cm_2022_bpo_managed_services_sales_kpr_beban,snapshot_istantoro_2022_mar_2026,2022,annual,2022,,BPO,Managed Services Sales - KPR,beban,7264360987.0,5484515786.0
cm_2022_bpo_managed_services_sales_briguna_beban,snapshot_istantoro_2022_mar_2026,2022,annual,2022,,BPO,Managed Services Sales - Klien Pinjaman,beban,8421826901.0,6166617026.0
cm_2022_bpo_managed_services_sales_funding_beban,snapshot_istantoro_2022_mar_2026,2022,annual,2022,,BPO,Managed Services Sales - Funding,beban,710826459.0,544396681.0
cm_2022_bpo_managed_services_sales_lainnya_beban,snapshot_istantoro_2022_mar_2026,2022,annual,2022,,BPO,Managed Services Sales - Lainnya,beban,717529486.0,552724434.0
cm_2022_bpo_borongan_lainnya_beban,snapshot_istantoro_2022_mar_2026,2022,annual,2022,,BPO,Borongan Lainnya,beban,1227436427.0,946019208.0
cm_2022_bpo_perawatan_atm_beban,snapshot_istantoro_2022_mar_2026,2022,annual,2022,,BPO,Perawatan ATM,beban,0.0,0.0
cm_2022_bpo_borongan_bri_beban,snapshot_istantoro_2022_mar_2026,2022,annual,2022,,BPO,Borongan Klien,beban,0.0,0.0
cm_2022_bpo_tenaga_kerja_borongan_beban,snapshot_istantoro_2022_mar_2026,2022,annual,2022,,BPO,Tenaga Kerja Borongan,beban,60898908493.0,47007525279.0
cm_2022_bpo_facility_services_beban,snapshot_istantoro_2022_mar_2026,2022,annual,2022,,BPO,Facility Services,beban,6442630632.0,4914089532.0
cm_2022_bpo_borongan_kendaraan_beban,snapshot_istantoro_2022_mar_2026,2022,annual,2022,,BPO,Borongan Kendaraan,beban,753420399.0,574845128.0
cm_2023_bpo_other_managed_services_qa_e_arsip_eo_beban,snapshot_istantoro_2022_mar_2026,2023,annual,2023,,BPO,"Other Managed Services (QA, E-Arsip, EO)",beban,3556566191.0,1626721056.0
cm_2023_bpo_managed_services_collection_beban,snapshot_istantoro_2022_mar_2026,2023,annual,2023,,BPO,Managed Services Collection,beban,22916226707.0,10945835300.0
cm_2023_bpo_managed_services_sales_kpr_beban,snapshot_istantoro_2022_mar_2026,2023,annual,2023,,BPO,Managed Services Sales - KPR,beban,25191687610.0,12101848099.0
cm_2023_bpo_managed_services_sales_briguna_beban,snapshot_istantoro_2022_mar_2026,2023,annual,2023,,BPO,Managed Services Sales - Klien Pinjaman,beban,23355068969.0,11583641349.0
cm_2023_bpo_managed_services_sales_funding_beban,snapshot_istantoro_2022_mar_2026,2023,annual,2023,,BPO,Managed Services Sales - Funding,beban,16023908348.0,7459716950.0
cm_2023_bpo_managed_services_sales_lainnya_beban,snapshot_istantoro_2022_mar_2026,2023,annual,2023,,BPO,Managed Services Sales - Lainnya,beban,243722749.0,111328278.0
cm_2023_bpo_borongan_lainnya_beban,snapshot_istantoro_2022_mar_2026,2023,annual,2023,,BPO,Borongan Lainnya,beban,5887090392.0,2874355821.0
cm_2023_bpo_perawatan_atm_beban,snapshot_istantoro_2022_mar_2026,2023,annual,2023,,BPO,Perawatan ATM,beban,0.0,0.0
cm_2023_bpo_borongan_bri_beban,snapshot_istantoro_2022_mar_2026,2023,annual,2023,,BPO,Borongan Klien,beban,0.0,0.0
cm_2023_bpo_tenaga_kerja_borongan_beban,snapshot_istantoro_2022_mar_2026,2023,annual,2023,,BPO,Tenaga Kerja Borongan,beban,163564126576.0,75238481379.0
cm_2023_bpo_facility_services_beban,snapshot_istantoro_2022_mar_2026,2023,annual,2023,,BPO,Facility Services,beban,12309819214.0,5877031500.0
cm_2023_bpo_borongan_kendaraan_beban,snapshot_istantoro_2022_mar_2026,2023,annual,2023,,BPO,Borongan Kendaraan,beban,756661710.0,371760291.0
cm_2024_bpo_other_managed_services_qa_e_arsip_eo_beban,snapshot_istantoro_2022_mar_2026,2024,annual,2024,,BPO,"Other Managed Services (QA, E-Arsip, EO)",beban,13773403984.0,6841359818.0
cm_2024_bpo_managed_services_collection_beban,snapshot_istantoro_2022_mar_2026,2024,annual,2024,,BPO,Managed Services Collection,beban,35209194749.0,17566544417.0
cm_2024_bpo_managed_services_sales_kpr_beban,snapshot_istantoro_2022_mar_2026,2024,annual,2024,,BPO,Managed Services Sales - KPR,beban,23908665005.0,12628175057.0
cm_2024_bpo_managed_services_sales_briguna_beban,snapshot_istantoro_2022_mar_2026,2024,annual,2024,,BPO,Managed Services Sales - Klien Pinjaman,beban,32377401395.0,15080613106.0
cm_2024_bpo_managed_services_sales_funding_beban,snapshot_istantoro_2022_mar_2026,2024,annual,2024,,BPO,Managed Services Sales - Funding,beban,9601881386.0,4690970086.0
cm_2024_bpo_managed_services_sales_lainnya_beban,snapshot_istantoro_2022_mar_2026,2024,annual,2024,,BPO,Managed Services Sales - Lainnya,beban,0.0,0.0
cm_2024_bpo_borongan_lainnya_beban,snapshot_istantoro_2022_mar_2026,2024,annual,2024,,BPO,Borongan Lainnya,beban,10040972183.0,4998566402.0
cm_2024_bpo_perawatan_atm_beban,snapshot_istantoro_2022_mar_2026,2024,annual,2024,,BPO,Perawatan ATM,beban,0.0,0.0
cm_2024_bpo_borongan_bri_beban,snapshot_istantoro_2022_mar_2026,2024,annual,2024,,BPO,Borongan Klien,beban,0.0,0.0
cm_2024_bpo_tenaga_kerja_borongan_beban,snapshot_istantoro_2022_mar_2026,2024,annual,2024,,BPO,Tenaga Kerja Borongan,beban,129200256997.0,66158834131.0
cm_2024_bpo_facility_services_beban,snapshot_istantoro_2022_mar_2026,2024,annual,2024,,BPO,Facility Services,beban,3137566936.0,1627590396.0
cm_2024_bpo_borongan_kendaraan_beban,snapshot_istantoro_2022_mar_2026,2024,annual,2024,,BPO,Borongan Kendaraan,beban,1995819977.0,956966124.0
cm_2025_bpo_other_managed_services_qa_e_arsip_eo_beban,snapshot_istantoro_2022_mar_2026,2025,annual,2025,,BPO,"Other Managed Services (QA, E-Arsip, EO)",beban,36611847262.0,63464918829.0
cm_2025_bpo_managed_services_collection_beban,snapshot_istantoro_2022_mar_2026,2025,annual,2025,,BPO,Managed Services Collection,beban,21016063442.0,39988531256.0
cm_2025_bpo_managed_services_sales_kpr_beban,snapshot_istantoro_2022_mar_2026,2025,annual,2025,,BPO,Managed Services Sales - KPR,beban,19907334820.0,35268381500.0
cm_2025_bpo_managed_services_sales_briguna_beban,snapshot_istantoro_2022_mar_2026,2025,annual,2025,,BPO,Managed Services Sales - Klien Pinjaman,beban,15360678042.0,26606048524.0
cm_2025_bpo_managed_services_sales_funding_beban,snapshot_istantoro_2022_mar_2026,2025,annual,2025,,BPO,Managed Services Sales - Funding,beban,28725022.0,51791556.0
cm_2025_bpo_managed_services_sales_lainnya_beban,snapshot_istantoro_2022_mar_2026,2025,annual,2025,,BPO,Managed Services Sales - Lainnya,beban,89730121.0,168843519.0
cm_2025_bpo_borongan_lainnya_beban,snapshot_istantoro_2022_mar_2026,2025,annual,2025,,BPO,Borongan Lainnya,beban,3966462789.0,7034760739.0
cm_2025_bpo_perawatan_atm_beban,snapshot_istantoro_2022_mar_2026,2025,annual,2025,,BPO,Perawatan ATM,beban,0.0,0.0
cm_2025_bpo_borongan_bri_beban,snapshot_istantoro_2022_mar_2026,2025,annual,2025,,BPO,Borongan Klien,beban,0.0,0.0
cm_2025_bpo_tenaga_kerja_borongan_beban,snapshot_istantoro_2022_mar_2026,2025,annual,2025,,BPO,Tenaga Kerja Borongan,beban,108550667161.0,204907124557.0
cm_2025_bpo_facility_services_beban,snapshot_istantoro_2022_mar_2026,2025,annual,2025,,BPO,Facility Services,beban,676887717.0,1249754560.0
cm_2025_bpo_borongan_kendaraan_beban,snapshot_istantoro_2022_mar_2026,2025,annual,2025,,BPO,Borongan Kendaraan,beban,220335272.0,400232597.0
cm_2025_01_bpo_other_managed_services_qa_e_arsip_eo_beban,snapshot_istantoro_2022_mar_2026,2025-01,monthly,2025,1.0,BPO,"Other Managed Services (QA, E-Arsip, EO)",beban,2894503491.0,4520227580.0
cm_2025_01_bpo_managed_services_collection_beban,snapshot_istantoro_2022_mar_2026,2025-01,monthly,2025,1.0,BPO,Managed Services Collection,beban,4144070704.0,5900300479.0
cm_2025_01_bpo_managed_services_sales_kpr_beban,snapshot_istantoro_2022_mar_2026,2025-01,monthly,2025,1.0,BPO,Managed Services Sales - KPR,beban,1746742453.0,2574471272.0
cm_2025_01_bpo_managed_services_sales_briguna_beban,snapshot_istantoro_2022_mar_2026,2025-01,monthly,2025,1.0,BPO,Managed Services Sales - Klien Pinjaman,beban,1871057192.0,2962750589.0
cm_2025_01_bpo_managed_services_sales_funding_beban,snapshot_istantoro_2022_mar_2026,2025-01,monthly,2025,1.0,BPO,Managed Services Sales - Funding,beban,6493870.0,9254690.0
cm_2025_01_bpo_managed_services_sales_lainnya_beban,snapshot_istantoro_2022_mar_2026,2025-01,monthly,2025,1.0,BPO,Managed Services Sales - Lainnya,beban,51157170.0,72736201.0
cm_2025_01_bpo_borongan_lainnya_beban,snapshot_istantoro_2022_mar_2026,2025-01,monthly,2025,1.0,BPO,Borongan Lainnya,beban,1047425580.0,1483035474.0
cm_2025_01_bpo_perawatan_atm_beban,snapshot_istantoro_2022_mar_2026,2025-01,monthly,2025,1.0,BPO,Perawatan ATM,beban,0.0,0.0
cm_2025_01_bpo_borongan_bri_beban,snapshot_istantoro_2022_mar_2026,2025-01,monthly,2025,1.0,BPO,Borongan Klien,beban,0.0,0.0
cm_2025_01_bpo_tenaga_kerja_borongan_beban,snapshot_istantoro_2022_mar_2026,2025-01,monthly,2025,1.0,BPO,Tenaga Kerja Borongan,beban,8603507141.0,13545445837.0
cm_2025_01_bpo_facility_services_beban,snapshot_istantoro_2022_mar_2026,2025-01,monthly,2025,1.0,BPO,Facility Services,beban,82102707.0,123835925.0
cm_2025_01_bpo_borongan_kendaraan_beban,snapshot_istantoro_2022_mar_2026,2025-01,monthly,2025,1.0,BPO,Borongan Kendaraan,beban,99910448.0,144524440.0
cm_2025_02_bpo_other_managed_services_qa_e_arsip_eo_beban,snapshot_istantoro_2022_mar_2026,2025-02,monthly,2025,2.0,BPO,"Other Managed Services (QA, E-Arsip, EO)",beban,3170375010.0,4071652921.0
cm_2025_02_bpo_managed_services_collection_beban,snapshot_istantoro_2022_mar_2026,2025-02,monthly,2025,2.0,BPO,Managed Services Collection,beban,5891796918.0,8416376306.0
cm_2025_02_bpo_managed_services_sales_kpr_beban,snapshot_istantoro_2022_mar_2026,2025-02,monthly,2025,2.0,BPO,Managed Services Sales - KPR,beban,2349829792.0,3343749528.0
cm_2025_02_bpo_managed_services_sales_briguna_beban,snapshot_istantoro_2022_mar_2026,2025-02,monthly,2025,2.0,BPO,Managed Services Sales - Klien Pinjaman,beban,954978807.0,1270050084.0
cm_2025_02_bpo_managed_services_sales_funding_beban,snapshot_istantoro_2022_mar_2026,2025-02,monthly,2025,2.0,BPO,Managed Services Sales - Funding,beban,0.0,0.0
cm_2025_02_bpo_managed_services_sales_lainnya_beban,snapshot_istantoro_2022_mar_2026,2025-02,monthly,2025,2.0,BPO,Managed Services Sales - Lainnya,beban,0.0,0.0
cm_2025_02_bpo_borongan_lainnya_beban,snapshot_istantoro_2022_mar_2026,2025-02,monthly,2025,2.0,BPO,Borongan Lainnya,beban,1044477638.0,1337568556.0
cm_2025_02_bpo_perawatan_atm_beban,snapshot_istantoro_2022_mar_2026,2025-02,monthly,2025,2.0,BPO,Perawatan ATM,beban,0.0,0.0
cm_2025_02_bpo_borongan_bri_beban,snapshot_istantoro_2022_mar_2026,2025-02,monthly,2025,2.0,BPO,Borongan Klien,beban,0.0,0.0
cm_2025_02_bpo_tenaga_kerja_borongan_beban,snapshot_istantoro_2022_mar_2026,2025-02,monthly,2025,2.0,BPO,Tenaga Kerja Borongan,beban,9385572770.0,12311771186.0
cm_2025_02_bpo_facility_services_beban,snapshot_istantoro_2022_mar_2026,2025-02,monthly,2025,2.0,BPO,Facility Services,beban,170810743.0,235517292.0
cm_2025_02_bpo_borongan_kendaraan_beban,snapshot_istantoro_2022_mar_2026,2025-02,monthly,2025,2.0,BPO,Borongan Kendaraan,beban,10817400.0,15224760.0
cm_2025_03_bpo_other_managed_services_qa_e_arsip_eo_beban,snapshot_istantoro_2022_mar_2026,2025-03,monthly,2025,3.0,BPO,"Other Managed Services (QA, E-Arsip, EO)",beban,4156539520.0,6119095365.0
cm_2025_03_bpo_managed_services_collection_beban,snapshot_istantoro_2022_mar_2026,2025-03,monthly,2025,3.0,BPO,Managed Services Collection,beban,1480386568.0,2065315575.0
cm_2025_03_bpo_managed_services_sales_kpr_beban,snapshot_istantoro_2022_mar_2026,2025-03,monthly,2025,3.0,BPO,Managed Services Sales - KPR,beban,1790271302.0,2685101396.0
cm_2025_03_bpo_managed_services_sales_briguna_beban,snapshot_istantoro_2022_mar_2026,2025-03,monthly,2025,3.0,BPO,Managed Services Sales - Klien Pinjaman,beban,1040101917.0,1498561059.0
cm_2025_03_bpo_managed_services_sales_funding_beban,snapshot_istantoro_2022_mar_2026,2025-03,monthly,2025,3.0,BPO,Managed Services Sales - Funding,beban,0.0,0.0
cm_2025_03_bpo_managed_services_sales_lainnya_beban,snapshot_istantoro_2022_mar_2026,2025-03,monthly,2025,3.0,BPO,Managed Services Sales - Lainnya,beban,13299670.0,18733641.0
cm_2025_03_bpo_borongan_lainnya_beban,snapshot_istantoro_2022_mar_2026,2025-03,monthly,2025,3.0,BPO,Borongan Lainnya,beban,986750854.0,1523237043.0
cm_2025_03_bpo_perawatan_atm_beban,snapshot_istantoro_2022_mar_2026,2025-03,monthly,2025,3.0,BPO,Perawatan ATM,beban,0.0,0.0
cm_2025_03_bpo_borongan_bri_beban,snapshot_istantoro_2022_mar_2026,2025-03,monthly,2025,3.0,BPO,Borongan Klien,beban,0.0,0.0
cm_2025_03_bpo_tenaga_kerja_borongan_beban,snapshot_istantoro_2022_mar_2026,2025-03,monthly,2025,3.0,BPO,Tenaga Kerja Borongan,beban,11752561897.0,16977400441.0
cm_2025_03_bpo_facility_services_beban,snapshot_istantoro_2022_mar_2026,2025-03,monthly,2025,3.0,BPO,Facility Services,beban,223944912.0,326052768.0
cm_2025_03_bpo_borongan_kendaraan_beban,snapshot_istantoro_2022_mar_2026,2025-03,monthly,2025,3.0,BPO,Borongan Kendaraan,beban,21780342.0,31153982.0
cm_2025_04_bpo_other_managed_services_qa_e_arsip_eo_beban,snapshot_istantoro_2022_mar_2026,2025-04,monthly,2025,4.0,BPO,"Other Managed Services (QA, E-Arsip, EO)",beban,3110471875.0,6341211011.0
cm_2025_04_bpo_managed_services_collection_beban,snapshot_istantoro_2022_mar_2026,2025-04,monthly,2025,4.0,BPO,Managed Services Collection,beban,924768175.0,1857576634.0
cm_2025_04_bpo_managed_services_sales_kpr_beban,snapshot_istantoro_2022_mar_2026,2025-04,monthly,2025,4.0,BPO,Managed Services Sales - KPR,beban,1686289845.0,3260194667.0
cm_2025_04_bpo_managed_services_sales_briguna_beban,snapshot_istantoro_2022_mar_2026,2025-04,monthly,2025,4.0,BPO,Managed Services Sales - Klien Pinjaman,beban,727455441.0,1490157978.0
cm_2025_04_bpo_managed_services_sales_funding_beban,snapshot_istantoro_2022_mar_2026,2025-04,monthly,2025,4.0,BPO,Managed Services Sales - Funding,beban,0.0,0.0
cm_2025_04_bpo_managed_services_sales_lainnya_beban,snapshot_istantoro_2022_mar_2026,2025-04,monthly,2025,4.0,BPO,Managed Services Sales - Lainnya,beban,5400849.0,10390718.0
cm_2025_04_bpo_borongan_lainnya_beban,snapshot_istantoro_2022_mar_2026,2025-04,monthly,2025,4.0,BPO,Borongan Lainnya,beban,88074743.0,177130503.0
cm_2025_04_bpo_perawatan_atm_beban,snapshot_istantoro_2022_mar_2026,2025-04,monthly,2025,4.0,BPO,Perawatan ATM,beban,0.0,0.0
cm_2025_04_bpo_borongan_bri_beban,snapshot_istantoro_2022_mar_2026,2025-04,monthly,2025,4.0,BPO,Borongan Klien,beban,0.0,0.0
cm_2025_04_bpo_tenaga_kerja_borongan_beban,snapshot_istantoro_2022_mar_2026,2025-04,monthly,2025,4.0,BPO,Tenaga Kerja Borongan,beban,8573449741.0,18147061640.0
cm_2025_04_bpo_facility_services_beban,snapshot_istantoro_2022_mar_2026,2025-04,monthly,2025,4.0,BPO,Facility Services,beban,3658586.0,7379027.0
cm_2025_04_bpo_borongan_kendaraan_beban,snapshot_istantoro_2022_mar_2026,2025-04,monthly,2025,4.0,BPO,Borongan Kendaraan,beban,10915225.0,21145290.0
cm_2025_05_bpo_other_managed_services_qa_e_arsip_eo_beban,snapshot_istantoro_2022_mar_2026,2025-05,monthly,2025,5.0,BPO,"Other Managed Services (QA, E-Arsip, EO)",beban,8643937958.0,13466196570.0
cm_2025_05_bpo_managed_services_collection_beban,snapshot_istantoro_2022_mar_2026,2025-05,monthly,2025,5.0,BPO,Managed Services Collection,beban,1091103109.0,1597874753.0
cm_2025_05_bpo_managed_services_sales_kpr_beban,snapshot_istantoro_2022_mar_2026,2025-05,monthly,2025,5.0,BPO,Managed Services Sales - KPR,beban,929049912.0,1348341844.0
cm_2025_05_bpo_managed_services_sales_briguna_beban,snapshot_istantoro_2022_mar_2026,2025-05,monthly,2025,5.0,BPO,Managed Services Sales - Klien Pinjaman,beban,837565796.0,1340032973.0
cm_2025_05_bpo_managed_services_sales_funding_beban,snapshot_istantoro_2022_mar_2026,2025-05,monthly,2025,5.0,BPO,Managed Services Sales - Funding,beban,0.0,0.0
cm_2025_05_bpo_managed_services_sales_lainnya_beban,snapshot_istantoro_2022_mar_2026,2025-05,monthly,2025,5.0,BPO,Managed Services Sales - Lainnya,beban,1355201.0,2037077.0
cm_2025_05_bpo_borongan_lainnya_beban,snapshot_istantoro_2022_mar_2026,2025-05,monthly,2025,5.0,BPO,Borongan Lainnya,beban,111992964.0,177281151.0
cm_2025_05_bpo_perawatan_atm_beban,snapshot_istantoro_2022_mar_2026,2025-05,monthly,2025,5.0,BPO,Perawatan ATM,beban,0.0,0.0
cm_2025_05_bpo_borongan_bri_beban,snapshot_istantoro_2022_mar_2026,2025-05,monthly,2025,5.0,BPO,Borongan Klien,beban,0.0,0.0
cm_2025_05_bpo_tenaga_kerja_borongan_beban,snapshot_istantoro_2022_mar_2026,2025-05,monthly,2025,5.0,BPO,Tenaga Kerja Borongan,beban,8214622045.0,13219044946.0
cm_2025_05_bpo_facility_services_beban,snapshot_istantoro_2022_mar_2026,2025-05,monthly,2025,5.0,BPO,Facility Services,beban,28225496.0,45896102.0
cm_2025_05_bpo_borongan_kendaraan_beban,snapshot_istantoro_2022_mar_2026,2025-05,monthly,2025,5.0,BPO,Borongan Kendaraan,beban,12012435.0,18144758.0
cm_2025_06_bpo_other_managed_services_qa_e_arsip_eo_beban,snapshot_istantoro_2022_mar_2026,2025-06,monthly,2025,6.0,BPO,"Other Managed Services (QA, E-Arsip, EO)",beban,2070391573.0,3998135203.0
cm_2025_06_bpo_managed_services_collection_beban,snapshot_istantoro_2022_mar_2026,2025-06,monthly,2025,6.0,BPO,Managed Services Collection,beban,1124673106.0,2392951083.0
cm_2025_06_bpo_managed_services_sales_kpr_beban,snapshot_istantoro_2022_mar_2026,2025-06,monthly,2025,6.0,BPO,Managed Services Sales - KPR,beban,1424812788.0,2844011036.0
cm_2025_06_bpo_managed_services_sales_briguna_beban,snapshot_istantoro_2022_mar_2026,2025-06,monthly,2025,6.0,BPO,Managed Services Sales - Klien Pinjaman,beban,1018272743.0,1992854304.0
cm_2025_06_bpo_managed_services_sales_funding_beban,snapshot_istantoro_2022_mar_2026,2025-06,monthly,2025,6.0,BPO,Managed Services Sales - Funding,beban,0.0,0.0
cm_2025_06_bpo_managed_services_sales_lainnya_beban,snapshot_istantoro_2022_mar_2026,2025-06,monthly,2025,6.0,BPO,Managed Services Sales - Lainnya,beban,0.0,0.0
cm_2025_06_bpo_borongan_lainnya_beban,snapshot_istantoro_2022_mar_2026,2025-06,monthly,2025,6.0,BPO,Borongan Lainnya,beban,88730453.0,180216800.0
cm_2025_06_bpo_perawatan_atm_beban,snapshot_istantoro_2022_mar_2026,2025-06,monthly,2025,6.0,BPO,Perawatan ATM,beban,0.0,0.0
cm_2025_06_bpo_borongan_bri_beban,snapshot_istantoro_2022_mar_2026,2025-06,monthly,2025,6.0,BPO,Borongan Klien,beban,0.0,0.0
cm_2025_06_bpo_tenaga_kerja_borongan_beban,snapshot_istantoro_2022_mar_2026,2025-06,monthly,2025,6.0,BPO,Tenaga Kerja Borongan,beban,10181831662.0,19586935787.0
cm_2025_06_bpo_facility_services_beban,snapshot_istantoro_2022_mar_2026,2025-06,monthly,2025,6.0,BPO,Facility Services,beban,6668301.0,12633273.0
cm_2025_06_bpo_borongan_kendaraan_beban,snapshot_istantoro_2022_mar_2026,2025-06,monthly,2025,6.0,BPO,Borongan Kendaraan,beban,18341259.0,36091101.0
cm_2025_07_bpo_other_managed_services_qa_e_arsip_eo_beban,snapshot_istantoro_2022_mar_2026,2025-07,monthly,2025,7.0,BPO,"Other Managed Services (QA, E-Arsip, EO)",beban,2810677195.0,5234344232.0
cm_2025_07_bpo_managed_services_collection_beban,snapshot_istantoro_2022_mar_2026,2025-07,monthly,2025,7.0,BPO,Managed Services Collection,beban,1138345546.0,2304142564.0
cm_2025_07_bpo_managed_services_sales_kpr_beban,snapshot_istantoro_2022_mar_2026,2025-07,monthly,2025,7.0,BPO,Managed Services Sales - KPR,beban,1515279194.0,2912809436.0
cm_2025_07_bpo_managed_services_sales_briguna_beban,snapshot_istantoro_2022_mar_2026,2025-07,monthly,2025,7.0,BPO,Managed Services Sales - Klien Pinjaman,beban,1054711142.0,2020219811.0
cm_2025_07_bpo_managed_services_sales_funding_beban,snapshot_istantoro_2022_mar_2026,2025-07,monthly,2025,7.0,BPO,Managed Services Sales - Funding,beban,0.0,0.0
cm_2025_07_bpo_managed_services_sales_lainnya_beban,snapshot_istantoro_2022_mar_2026,2025-07,monthly,2025,7.0,BPO,Managed Services Sales - Lainnya,beban,0.0,0.0
cm_2025_07_bpo_borongan_lainnya_beban,snapshot_istantoro_2022_mar_2026,2025-07,monthly,2025,7.0,BPO,Borongan Lainnya,beban,119755057.0,237906933.0
cm_2025_07_bpo_perawatan_atm_beban,snapshot_istantoro_2022_mar_2026,2025-07,monthly,2025,7.0,BPO,Perawatan ATM,beban,0.0,0.0
cm_2025_07_bpo_borongan_bri_beban,snapshot_istantoro_2022_mar_2026,2025-07,monthly,2025,7.0,BPO,Borongan Klien,beban,0.0,0.0
cm_2025_07_bpo_tenaga_kerja_borongan_beban,snapshot_istantoro_2022_mar_2026,2025-07,monthly,2025,7.0,BPO,Tenaga Kerja Borongan,beban,8971273823.0,18685074021.0
cm_2025_07_bpo_facility_services_beban,snapshot_istantoro_2022_mar_2026,2025-07,monthly,2025,7.0,BPO,Facility Services,beban,69072261.0,133211863.0
cm_2025_07_bpo_borongan_kendaraan_beban,snapshot_istantoro_2022_mar_2026,2025-07,monthly,2025,7.0,BPO,Borongan Kendaraan,beban,7769494.0,15098133.0
cm_2025_08_bpo_other_managed_services_qa_e_arsip_eo_beban,snapshot_istantoro_2022_mar_2026,2025-08,monthly,2025,8.0,BPO,"Other Managed Services (QA, E-Arsip, EO)",beban,2352725366.0,4796375415.0
cm_2025_08_bpo_managed_services_collection_beban,snapshot_istantoro_2022_mar_2026,2025-08,monthly,2025,8.0,BPO,Managed Services Collection,beban,1265540070.0,2660165675.0
cm_2025_08_bpo_managed_services_sales_kpr_beban,snapshot_istantoro_2022_mar_2026,2025-08,monthly,2025,8.0,BPO,Managed Services Sales - KPR,beban,1629623977.0,3189472656.0
cm_2025_08_bpo_managed_services_sales_briguna_beban,snapshot_istantoro_2022_mar_2026,2025-08,monthly,2025,8.0,BPO,Managed Services Sales - Klien Pinjaman,beban,1493175960.0,2870786329.0
cm_2025_08_bpo_managed_services_sales_funding_beban,snapshot_istantoro_2022_mar_2026,2025-08,monthly,2025,8.0,BPO,Managed Services Sales - Funding,beban,0.0,0.0
cm_2025_08_bpo_managed_services_sales_lainnya_beban,snapshot_istantoro_2022_mar_2026,2025-08,monthly,2025,8.0,BPO,Managed Services Sales - Lainnya,beban,0.0,0.0
cm_2025_08_bpo_borongan_lainnya_beban,snapshot_istantoro_2022_mar_2026,2025-08,monthly,2025,8.0,BPO,Borongan Lainnya,beban,72534826.0,138237679.0
cm_2025_08_bpo_perawatan_atm_beban,snapshot_istantoro_2022_mar_2026,2025-08,monthly,2025,8.0,BPO,Perawatan ATM,beban,0.0,0.0
cm_2025_08_bpo_borongan_bri_beban,snapshot_istantoro_2022_mar_2026,2025-08,monthly,2025,8.0,BPO,Borongan Klien,beban,0.0,0.0
cm_2025_08_bpo_tenaga_kerja_borongan_beban,snapshot_istantoro_2022_mar_2026,2025-08,monthly,2025,8.0,BPO,Tenaga Kerja Borongan,beban,9378117354.0,17732022359.0
cm_2025_08_bpo_facility_services_beban,snapshot_istantoro_2022_mar_2026,2025-08,monthly,2025,8.0,BPO,Facility Services,beban,558843.0,1136881.0
cm_2025_08_bpo_borongan_kendaraan_beban,snapshot_istantoro_2022_mar_2026,2025-08,monthly,2025,8.0,BPO,Borongan Kendaraan,beban,7517909.0,13983900.0
cm_2025_09_bpo_other_managed_services_qa_e_arsip_eo_beban,snapshot_istantoro_2022_mar_2026,2025-09,monthly,2025,9.0,BPO,"Other Managed Services (QA, E-Arsip, EO)",beban,2207854719.0,4608449069.0
cm_2025_09_bpo_managed_services_collection_beban,snapshot_istantoro_2022_mar_2026,2025-09,monthly,2025,9.0,BPO,Managed Services Collection,beban,1413299746.0,2841038479.0
cm_2025_09_bpo_managed_services_sales_kpr_beban,snapshot_istantoro_2022_mar_2026,2025-09,monthly,2025,9.0,BPO,Managed Services Sales - KPR,beban,1597089684.0,3233874277.0
cm_2025_09_bpo_managed_services_sales_briguna_beban,snapshot_istantoro_2022_mar_2026,2025-09,monthly,2025,9.0,BPO,Managed Services Sales - Klien Pinjaman,beban,1251523281.0,2493632657.0
cm_2025_09_bpo_managed_services_sales_funding_beban,snapshot_istantoro_2022_mar_2026,2025-09,monthly,2025,9.0,BPO,Managed Services Sales - Funding,beban,2496037.0,5135266.0
cm_2025_09_bpo_managed_services_sales_lainnya_beban,snapshot_istantoro_2022_mar_2026,2025-09,monthly,2025,9.0,BPO,Managed Services Sales - Lainnya,beban,0.0,0.0
cm_2025_09_bpo_borongan_lainnya_beban,snapshot_istantoro_2022_mar_2026,2025-09,monthly,2025,9.0,BPO,Borongan Lainnya,beban,55755421.0,114989733.0
cm_2025_09_bpo_perawatan_atm_beban,snapshot_istantoro_2022_mar_2026,2025-09,monthly,2025,9.0,BPO,Perawatan ATM,beban,0.0,0.0
cm_2025_09_bpo_borongan_bri_beban,snapshot_istantoro_2022_mar_2026,2025-09,monthly,2025,9.0,BPO,Borongan Klien,beban,0.0,0.0
cm_2025_09_bpo_tenaga_kerja_borongan_beban,snapshot_istantoro_2022_mar_2026,2025-09,monthly,2025,9.0,BPO,Tenaga Kerja Borongan,beban,8660373871.0,17935633770.0
cm_2025_09_bpo_facility_services_beban,snapshot_istantoro_2022_mar_2026,2025-09,monthly,2025,9.0,BPO,Facility Services,beban,35644993.0,71693521.0
cm_2025_09_bpo_borongan_kendaraan_beban,snapshot_istantoro_2022_mar_2026,2025-09,monthly,2025,9.0,BPO,Borongan Kendaraan,beban,0.0,0.0
cm_2025_10_bpo_other_managed_services_qa_e_arsip_eo_beban,snapshot_istantoro_2022_mar_2026,2025-10,monthly,2025,10.0,BPO,"Other Managed Services (QA, E-Arsip, EO)",beban,1823305137.0,3446433424.0
cm_2025_10_bpo_managed_services_collection_beban,snapshot_istantoro_2022_mar_2026,2025-10,monthly,2025,10.0,BPO,Managed Services Collection,beban,1052293145.0,2025367243.0
cm_2025_10_bpo_managed_services_sales_kpr_beban,snapshot_istantoro_2022_mar_2026,2025-10,monthly,2025,10.0,BPO,Managed Services Sales - KPR,beban,1347730444.0,2463975542.0
cm_2025_10_bpo_managed_services_sales_briguna_beban,snapshot_istantoro_2022_mar_2026,2025-10,monthly,2025,10.0,BPO,Managed Services Sales - Klien Pinjaman,beban,1617227041.0,2955775526.0
cm_2025_10_bpo_managed_services_sales_funding_beban,snapshot_istantoro_2022_mar_2026,2025-10,monthly,2025,10.0,BPO,Managed Services Sales - Funding,beban,0.0,0.0
cm_2025_10_bpo_managed_services_sales_lainnya_beban,snapshot_istantoro_2022_mar_2026,2025-10,monthly,2025,10.0,BPO,Managed Services Sales - Lainnya,beban,2641147.0,4852755.0
cm_2025_10_bpo_borongan_lainnya_beban,snapshot_istantoro_2022_mar_2026,2025-10,monthly,2025,10.0,BPO,Borongan Lainnya,beban,130399600.0,252159623.0
cm_2025_10_bpo_perawatan_atm_beban,snapshot_istantoro_2022_mar_2026,2025-10,monthly,2025,10.0,BPO,Perawatan ATM,beban,0.0,0.0
cm_2025_10_bpo_borongan_bri_beban,snapshot_istantoro_2022_mar_2026,2025-10,monthly,2025,10.0,BPO,Borongan Klien,beban,0.0,0.0
cm_2025_10_bpo_tenaga_kerja_borongan_beban,snapshot_istantoro_2022_mar_2026,2025-10,monthly,2025,10.0,BPO,Tenaga Kerja Borongan,beban,11069755438.0,20322215032.0
cm_2025_10_bpo_facility_services_beban,snapshot_istantoro_2022_mar_2026,2025-10,monthly,2025,10.0,BPO,Facility Services,beban,16843209.0,30463833.0
cm_2025_10_bpo_borongan_kendaraan_beban,snapshot_istantoro_2022_mar_2026,2025-10,monthly,2025,10.0,BPO,Borongan Kendaraan,beban,32951490.0,62482274.0
cm_2025_11_bpo_other_managed_services_qa_e_arsip_eo_beban,snapshot_istantoro_2022_mar_2026,2025-11,monthly,2025,11.0,BPO,"Other Managed Services (QA, E-Arsip, EO)",beban,1418005820.0,3415469650.0
cm_2025_11_bpo_managed_services_collection_beban,snapshot_istantoro_2022_mar_2026,2025-11,monthly,2025,11.0,BPO,Managed Services Collection,beban,962582208.0,2245270298.0
cm_2025_11_bpo_managed_services_sales_kpr_beban,snapshot_istantoro_2022_mar_2026,2025-11,monthly,2025,11.0,BPO,Managed Services Sales - KPR,beban,2626303788.0,5955551601.0
cm_2025_11_bpo_managed_services_sales_briguna_beban,snapshot_istantoro_2022_mar_2026,2025-11,monthly,2025,11.0,BPO,Managed Services Sales - Klien Pinjaman,beban,834770779.0,1950163999.0
cm_2025_11_bpo_managed_services_sales_funding_beban,snapshot_istantoro_2022_mar_2026,2025-11,monthly,2025,11.0,BPO,Managed Services Sales - Funding,beban,0.0,0.0
cm_2025_11_bpo_managed_services_sales_lainnya_beban,snapshot_istantoro_2022_mar_2026,2025-11,monthly,2025,11.0,BPO,Managed Services Sales - Lainnya,beban,0.0,0.0
cm_2025_11_bpo_borongan_lainnya_beban,snapshot_istantoro_2022_mar_2026,2025-11,monthly,2025,11.0,BPO,Borongan Lainnya,beban,67451767.0,150796755.0
cm_2025_11_bpo_perawatan_atm_beban,snapshot_istantoro_2022_mar_2026,2025-11,monthly,2025,11.0,BPO,Perawatan ATM,beban,0.0,0.0
cm_2025_11_bpo_borongan_bri_beban,snapshot_istantoro_2022_mar_2026,2025-11,monthly,2025,11.0,BPO,Borongan Klien,beban,0.0,0.0
cm_2025_11_bpo_tenaga_kerja_borongan_beban,snapshot_istantoro_2022_mar_2026,2025-11,monthly,2025,11.0,BPO,Tenaga Kerja Borongan,beban,7630494694.0,17609725665.0
cm_2025_11_bpo_facility_services_beban,snapshot_istantoro_2022_mar_2026,2025-11,monthly,2025,11.0,BPO,Facility Services,beban,10756221.0,24216011.0
cm_2025_11_bpo_borongan_kendaraan_beban,snapshot_istantoro_2022_mar_2026,2025-11,monthly,2025,11.0,BPO,Borongan Kendaraan,beban,8758367.0,19992333.0
cm_2025_12_bpo_other_managed_services_qa_e_arsip_eo_beban,snapshot_istantoro_2022_mar_2026,2025-12,monthly,2025,12.0,BPO,"Other Managed Services (QA, E-Arsip, EO)",beban,1764540786.0,3354752070.0
cm_2025_12_bpo_managed_services_collection_beban,snapshot_istantoro_2022_mar_2026,2025-12,monthly,2025,12.0,BPO,Managed Services Collection,beban,1276131118.0,2473700724.0
cm_2025_12_bpo_managed_services_sales_kpr_beban,snapshot_istantoro_2022_mar_2026,2025-12,monthly,2025,12.0,BPO,Managed Services Sales - KPR,beban,1339795863.0,2418074180.0
cm_2025_12_bpo_managed_services_sales_briguna_beban,snapshot_istantoro_2022_mar_2026,2025-12,monthly,2025,12.0,BPO,Managed Services Sales - Klien Pinjaman,beban,2259285285.0,4353310213.0
cm_2025_12_bpo_managed_services_sales_funding_beban,snapshot_istantoro_2022_mar_2026,2025-12,monthly,2025,12.0,BPO,Managed Services Sales - Funding,beban,19387779.0,38840984.0
cm_2025_12_bpo_managed_services_sales_lainnya_beban,snapshot_istantoro_2022_mar_2026,2025-12,monthly,2025,12.0,BPO,Managed Services Sales - Lainnya,beban,23180925.0,44175986.0
cm_2025_12_bpo_borongan_lainnya_beban,snapshot_istantoro_2022_mar_2026,2025-12,monthly,2025,12.0,BPO,Borongan Lainnya,beban,81236986.0,158974338.0
cm_2025_12_bpo_perawatan_atm_beban,snapshot_istantoro_2022_mar_2026,2025-12,monthly,2025,12.0,BPO,Perawatan ATM,beban,0.0,0.0
cm_2025_12_bpo_borongan_bri_beban,snapshot_istantoro_2022_mar_2026,2025-12,monthly,2025,12.0,BPO,Borongan Klien,beban,0.0,0.0
cm_2025_12_bpo_tenaga_kerja_borongan_beban,snapshot_istantoro_2022_mar_2026,2025-12,monthly,2025,12.0,BPO,Tenaga Kerja Borongan,beban,9659782824.0,18636409104.0
cm_2025_12_bpo_facility_services_beban,snapshot_istantoro_2022_mar_2026,2025-12,monthly,2025,12.0,BPO,Facility Services,beban,41788561.0,85821494.0
cm_2025_12_bpo_borongan_kendaraan_beban,snapshot_istantoro_2022_mar_2026,2025-12,monthly,2025,12.0,BPO,Borongan Kendaraan,beban,1343841.0,2710534.0
cm_2026_01_bpo_other_managed_services_qa_e_arsip_eo_beban,snapshot_istantoro_2022_mar_2026,2026-01,monthly,2026,1.0,BPO,"Other Managed Services (QA, E-Arsip, EO)",beban,1536568284.0,2185682585.0
cm_2026_01_bpo_managed_services_collection_beban,snapshot_istantoro_2022_mar_2026,2026-01,monthly,2026,1.0,BPO,Managed Services Collection,beban,856872477.0,1356103040.0
cm_2026_01_bpo_managed_services_sales_kpr_beban,snapshot_istantoro_2022_mar_2026,2026-01,monthly,2026,1.0,BPO,Managed Services Sales - KPR,beban,1590726793.0,2345606158.0
cm_2026_01_bpo_managed_services_sales_briguna_beban,snapshot_istantoro_2022_mar_2026,2026-01,monthly,2026,1.0,BPO,Managed Services Sales - Klien Pinjaman,beban,2318980847.0,3620066801.0
cm_2026_01_bpo_managed_services_sales_funding_beban,snapshot_istantoro_2022_mar_2026,2026-01,monthly,2026,1.0,BPO,Managed Services Sales - Funding,beban,0.0,0.0
cm_2026_01_bpo_managed_services_sales_lainnya_beban,snapshot_istantoro_2022_mar_2026,2026-01,monthly,2026,1.0,BPO,Managed Services Sales - Lainnya,beban,845308.0,1247069.0
cm_2026_01_bpo_borongan_lainnya_beban,snapshot_istantoro_2022_mar_2026,2026-01,monthly,2026,1.0,BPO,Borongan Lainnya,beban,26297899.0,39807474.0
cm_2026_01_bpo_perawatan_atm_beban,snapshot_istantoro_2022_mar_2026,2026-01,monthly,2026,1.0,BPO,Perawatan ATM,beban,20991170.0,32058483.0
cm_2026_01_bpo_borongan_bri_beban,snapshot_istantoro_2022_mar_2026,2026-01,monthly,2026,1.0,BPO,Borongan Klien,beban,0.0,0.0
cm_2026_01_bpo_tenaga_kerja_borongan_beban,snapshot_istantoro_2022_mar_2026,2026-01,monthly,2026,1.0,BPO,Tenaga Kerja Borongan,beban,7538430647.0,11329941482.0
cm_2026_01_bpo_facility_services_beban,snapshot_istantoro_2022_mar_2026,2026-01,monthly,2026,1.0,BPO,Facility Services,beban,9353665.0,14449633.0
cm_2026_01_bpo_borongan_kendaraan_beban,snapshot_istantoro_2022_mar_2026,2026-01,monthly,2026,1.0,BPO,Borongan Kendaraan,beban,6857607.0,11104777.0
cm_2026_02_bpo_other_managed_services_qa_e_arsip_eo_beban,snapshot_istantoro_2022_mar_2026,2026-02,monthly,2026,2.0,BPO,"Other Managed Services (QA, E-Arsip, EO)",beban,1196468392.0,2076354513.0
cm_2026_02_bpo_managed_services_collection_beban,snapshot_istantoro_2022_mar_2026,2026-02,monthly,2026,2.0,BPO,Managed Services Collection,beban,757798747.0,1341454649.0
cm_2026_02_bpo_managed_services_sales_kpr_beban,snapshot_istantoro_2022_mar_2026,2026-02,monthly,2026,2.0,BPO,Managed Services Sales - KPR,beban,973745316.0,1649006990.0
cm_2026_02_bpo_managed_services_sales_briguna_beban,snapshot_istantoro_2022_mar_2026,2026-02,monthly,2026,2.0,BPO,Managed Services Sales - Klien Pinjaman,beban,1742619406.0,2961738591.0
cm_2026_02_bpo_managed_services_sales_funding_beban,snapshot_istantoro_2022_mar_2026,2026-02,monthly,2026,2.0,BPO,Managed Services Sales - Funding,beban,0.0,0.0
cm_2026_02_bpo_managed_services_sales_lainnya_beban,snapshot_istantoro_2022_mar_2026,2026-02,monthly,2026,2.0,BPO,Managed Services Sales - Lainnya,beban,0.0,0.0
cm_2026_02_bpo_borongan_lainnya_beban,snapshot_istantoro_2022_mar_2026,2026-02,monthly,2026,2.0,BPO,Borongan Lainnya,beban,30181397.0,50708242.0
cm_2026_02_bpo_perawatan_atm_beban,snapshot_istantoro_2022_mar_2026,2026-02,monthly,2026,2.0,BPO,Perawatan ATM,beban,0.0,0.0
cm_2026_02_bpo_borongan_bri_beban,snapshot_istantoro_2022_mar_2026,2026-02,monthly,2026,2.0,BPO,Borongan Klien,beban,0.0,0.0
cm_2026_02_bpo_tenaga_kerja_borongan_beban,snapshot_istantoro_2022_mar_2026,2026-02,monthly,2026,2.0,BPO,Tenaga Kerja Borongan,beban,7656224187.0,12818361482.0
cm_2026_02_bpo_facility_services_beban,snapshot_istantoro_2022_mar_2026,2026-02,monthly,2026,2.0,BPO,Facility Services,beban,41655770.0,73570001.0
cm_2026_02_bpo_borongan_kendaraan_beban,snapshot_istantoro_2022_mar_2026,2026-02,monthly,2026,2.0,BPO,Borongan Kendaraan,beban,9361135.0,16570696.0
cm_2026_03_bpo_other_managed_services_qa_e_arsip_eo_beban,snapshot_istantoro_2022_mar_2026,2026-03,monthly,2026,3.0,BPO,"Other Managed Services (QA, E-Arsip, EO)",beban,1304963761.0,1602965197.0
cm_2026_03_bpo_managed_services_collection_beban,snapshot_istantoro_2022_mar_2026,2026-03,monthly,2026,3.0,BPO,Managed Services Collection,beban,940886479.0,1155926014.0
cm_2026_03_bpo_managed_services_sales_kpr_beban,snapshot_istantoro_2022_mar_2026,2026-03,monthly,2026,3.0,BPO,Managed Services Sales - KPR,beban,1344852988.0,1644725351.0
cm_2026_03_bpo_managed_services_sales_briguna_beban,snapshot_istantoro_2022_mar_2026,2026-03,monthly,2026,3.0,BPO,Managed Services Sales - Klien Pinjaman,beban,1486349369.0,1887779611.0
cm_2026_03_bpo_managed_services_sales_funding_beban,snapshot_istantoro_2022_mar_2026,2026-03,monthly,2026,3.0,BPO,Managed Services Sales - Funding,beban,0.0,0.0
cm_2026_03_bpo_managed_services_sales_lainnya_beban,snapshot_istantoro_2022_mar_2026,2026-03,monthly,2026,3.0,BPO,Managed Services Sales - Lainnya,beban,0.0,0.0
cm_2026_03_bpo_borongan_lainnya_beban,snapshot_istantoro_2022_mar_2026,2026-03,monthly,2026,3.0,BPO,Borongan Lainnya,beban,34401681.0,43608970.0
cm_2026_03_bpo_perawatan_atm_beban,snapshot_istantoro_2022_mar_2026,2026-03,monthly,2026,3.0,BPO,Perawatan ATM,beban,0.0,0.0
cm_2026_03_bpo_borongan_bri_beban,snapshot_istantoro_2022_mar_2026,2026-03,monthly,2026,3.0,BPO,Borongan Klien,beban,0.0,0.0
cm_2026_03_bpo_tenaga_kerja_borongan_beban,snapshot_istantoro_2022_mar_2026,2026-03,monthly,2026,3.0,BPO,Tenaga Kerja Borongan,beban,11645625000.0,15123449756.0
cm_2026_03_bpo_facility_services_beban,snapshot_istantoro_2022_mar_2026,2026-03,monthly,2026,3.0,BPO,Facility Services,beban,35851302.0,43158809.0
cm_2026_03_bpo_borongan_kendaraan_beban,snapshot_istantoro_2022_mar_2026,2026-03,monthly,2026,3.0,BPO,Borongan Kendaraan,beban,5679666.0,7048607.0
cm_2022_kpo_training_training_corporate_beban,snapshot_istantoro_2022_mar_2026,2022,annual,2022,,KPO - TRAINING,Training Corporate,beban,736209901.0,230059490.0
cm_2022_kpo_training_training_webinar_reguler_beban,snapshot_istantoro_2022_mar_2026,2022,annual,2022,,KPO - TRAINING,Training Webinar/Reguler,beban,105179939.0,31328098.0
cm_2022_kpo_training_training_universitas_beban,snapshot_istantoro_2022_mar_2026,2022,annual,2022,,KPO - TRAINING,Training Universitas,beban,147022691.0,47508826.0
cm_2023_kpo_training_training_corporate_beban,snapshot_istantoro_2022_mar_2026,2023,annual,2023,,KPO - TRAINING,Training Corporate,beban,6489285325.0,1420607646.0
cm_2023_kpo_training_training_webinar_reguler_beban,snapshot_istantoro_2022_mar_2026,2023,annual,2023,,KPO - TRAINING,Training Webinar/Reguler,beban,180201223.0,40121115.0
cm_2023_kpo_training_training_universitas_beban,snapshot_istantoro_2022_mar_2026,2023,annual,2023,,KPO - TRAINING,Training Universitas,beban,131878494.0,27364792.0
cm_2024_kpo_training_training_corporate_beban,snapshot_istantoro_2022_mar_2026,2024,annual,2024,,KPO - TRAINING,Training Corporate,beban,2903883146.0,1163648180.0
cm_2024_kpo_training_training_webinar_reguler_beban,snapshot_istantoro_2022_mar_2026,2024,annual,2024,,KPO - TRAINING,Training Webinar/Reguler,beban,500651049.0,224777060.0
cm_2024_kpo_training_training_universitas_beban,snapshot_istantoro_2022_mar_2026,2024,annual,2024,,KPO - TRAINING,Training Universitas,beban,117727194.0,47772625.0
cm_2025_kpo_training_training_corporate_beban,snapshot_istantoro_2022_mar_2026,2025,annual,2025,,KPO - TRAINING,Training Corporate,beban,6062191657.0,4879485820.0
cm_2025_kpo_training_training_webinar_reguler_beban,snapshot_istantoro_2022_mar_2026,2025,annual,2025,,KPO - TRAINING,Training Webinar/Reguler,beban,1754246604.0,1376339926.0
cm_2025_kpo_training_training_universitas_beban,snapshot_istantoro_2022_mar_2026,2025,annual,2025,,KPO - TRAINING,Training Universitas,beban,41577085.0,32985849.0
cm_2025_01_kpo_training_training_corporate_beban,snapshot_istantoro_2022_mar_2026,2025-01,monthly,2025,1.0,KPO - TRAINING,Training Corporate,beban,125730739.0,376666984.0
cm_2025_01_kpo_training_training_webinar_reguler_beban,snapshot_istantoro_2022_mar_2026,2025-01,monthly,2025,1.0,KPO - TRAINING,Training Webinar/Reguler,beban,47553117.0,154304170.0
cm_2025_01_kpo_training_training_universitas_beban,snapshot_istantoro_2022_mar_2026,2025-01,monthly,2025,1.0,KPO - TRAINING,Training Universitas,beban,0.0,0.0
cm_2025_02_kpo_training_training_corporate_beban,snapshot_istantoro_2022_mar_2026,2025-02,monthly,2025,2.0,KPO - TRAINING,Training Corporate,beban,613422278.0,462198706.0
cm_2025_02_kpo_training_training_webinar_reguler_beban,snapshot_istantoro_2022_mar_2026,2025-02,monthly,2025,2.0,KPO - TRAINING,Training Webinar/Reguler,beban,104492734.0,77750243.0
cm_2025_02_kpo_training_training_universitas_beban,snapshot_istantoro_2022_mar_2026,2025-02,monthly,2025,2.0,KPO - TRAINING,Training Universitas,beban,0.0,0.0
cm_2025_03_kpo_training_training_corporate_beban,snapshot_istantoro_2022_mar_2026,2025-03,monthly,2025,3.0,KPO - TRAINING,Training Corporate,beban,482729203.0,481493427.0
cm_2025_03_kpo_training_training_webinar_reguler_beban,snapshot_istantoro_2022_mar_2026,2025-03,monthly,2025,3.0,KPO - TRAINING,Training Webinar/Reguler,beban,65889370.0,61752816.0
cm_2025_03_kpo_training_training_universitas_beban,snapshot_istantoro_2022_mar_2026,2025-03,monthly,2025,3.0,KPO - TRAINING,Training Universitas,beban,0.0,0.0
cm_2025_04_kpo_training_training_corporate_beban,snapshot_istantoro_2022_mar_2026,2025-04,monthly,2025,4.0,KPO - TRAINING,Training Corporate,beban,532924778.0,524787563.0
cm_2025_04_kpo_training_training_webinar_reguler_beban,snapshot_istantoro_2022_mar_2026,2025-04,monthly,2025,4.0,KPO - TRAINING,Training Webinar/Reguler,beban,6720295.0,6255180.0
cm_2025_04_kpo_training_training_universitas_beban,snapshot_istantoro_2022_mar_2026,2025-04,monthly,2025,4.0,KPO - TRAINING,Training Universitas,beban,0.0,0.0
cm_2025_05_kpo_training_training_corporate_beban,snapshot_istantoro_2022_mar_2026,2025-05,monthly,2025,5.0,KPO - TRAINING,Training Corporate,beban,685829629.0,387711423.0
cm_2025_05_kpo_training_training_webinar_reguler_beban,snapshot_istantoro_2022_mar_2026,2025-05,monthly,2025,5.0,KPO - TRAINING,Training Webinar/Reguler,beban,218369782.0,119805311.0
cm_2025_05_kpo_training_training_universitas_beban,snapshot_istantoro_2022_mar_2026,2025-05,monthly,2025,5.0,KPO - TRAINING,Training Universitas,beban,40321776.0,22163144.0
cm_2025_06_kpo_training_training_corporate_beban,snapshot_istantoro_2022_mar_2026,2025-06,monthly,2025,6.0,KPO - TRAINING,Training Corporate,beban,540755595.0,501971347.0
cm_2025_06_kpo_training_training_webinar_reguler_beban,snapshot_istantoro_2022_mar_2026,2025-06,monthly,2025,6.0,KPO - TRAINING,Training Webinar/Reguler,beban,28340499.0,26347868.0
cm_2025_06_kpo_training_training_universitas_beban,snapshot_istantoro_2022_mar_2026,2025-06,monthly,2025,6.0,KPO - TRAINING,Training Universitas,beban,0.0,0.0
cm_2025_07_kpo_training_training_corporate_beban,snapshot_istantoro_2022_mar_2026,2025-07,monthly,2025,7.0,KPO - TRAINING,Training Corporate,beban,631358583.0,545320460.0
cm_2025_07_kpo_training_training_webinar_reguler_beban,snapshot_istantoro_2022_mar_2026,2025-07,monthly,2025,7.0,KPO - TRAINING,Training Webinar/Reguler,beban,5064473.0,4037749.0
cm_2025_07_kpo_training_training_universitas_beban,snapshot_istantoro_2022_mar_2026,2025-07,monthly,2025,7.0,KPO - TRAINING,Training Universitas,beban,0.0,0.0
cm_2025_08_kpo_training_training_corporate_beban,snapshot_istantoro_2022_mar_2026,2025-08,monthly,2025,8.0,KPO - TRAINING,Training Corporate,beban,441537742.0,482636948.0
cm_2025_08_kpo_training_training_webinar_reguler_beban,snapshot_istantoro_2022_mar_2026,2025-08,monthly,2025,8.0,KPO - TRAINING,Training Webinar/Reguler,beban,60753564.0,62283403.0
cm_2025_08_kpo_training_training_universitas_beban,snapshot_istantoro_2022_mar_2026,2025-08,monthly,2025,8.0,KPO - TRAINING,Training Universitas,beban,0.0,0.0
cm_2025_09_kpo_training_training_corporate_beban,snapshot_istantoro_2022_mar_2026,2025-09,monthly,2025,9.0,KPO - TRAINING,Training Corporate,beban,345725427.0,313584832.0
cm_2025_09_kpo_training_training_webinar_reguler_beban,snapshot_istantoro_2022_mar_2026,2025-09,monthly,2025,9.0,KPO - TRAINING,Training Webinar/Reguler,beban,226934771.0,207677956.0
cm_2025_09_kpo_training_training_universitas_beban,snapshot_istantoro_2022_mar_2026,2025-09,monthly,2025,9.0,KPO - TRAINING,Training Universitas,beban,0.0,0.0
cm_2025_10_kpo_training_training_corporate_beban,snapshot_istantoro_2022_mar_2026,2025-10,monthly,2025,10.0,KPO - TRAINING,Training Corporate,beban,333447125.0,217331165.0
cm_2025_10_kpo_training_training_webinar_reguler_beban,snapshot_istantoro_2022_mar_2026,2025-10,monthly,2025,10.0,KPO - TRAINING,Training Webinar/Reguler,beban,448256749.0,309666566.0
cm_2025_10_kpo_training_training_universitas_beban,snapshot_istantoro_2022_mar_2026,2025-10,monthly,2025,10.0,KPO - TRAINING,Training Universitas,beban,404673.0,253152.0
cm_2025_11_kpo_training_training_corporate_beban,snapshot_istantoro_2022_mar_2026,2025-11,monthly,2025,11.0,KPO - TRAINING,Training Corporate,beban,1009377591.0,398041325.0
cm_2025_11_kpo_training_training_webinar_reguler_beban,snapshot_istantoro_2022_mar_2026,2025-11,monthly,2025,11.0,KPO - TRAINING,Training Webinar/Reguler,beban,370782913.0,148248507.0
cm_2025_11_kpo_training_training_universitas_beban,snapshot_istantoro_2022_mar_2026,2025-11,monthly,2025,11.0,KPO - TRAINING,Training Universitas,beban,0.0,0.0
cm_2025_12_kpo_training_training_corporate_beban,snapshot_istantoro_2022_mar_2026,2025-12,monthly,2025,12.0,KPO - TRAINING,Training Corporate,beban,404477413.0,355868601.0
cm_2025_12_kpo_training_training_webinar_reguler_beban,snapshot_istantoro_2022_mar_2026,2025-12,monthly,2025,12.0,KPO - TRAINING,Training Webinar/Reguler,beban,217098647.0,179208671.0
cm_2025_12_kpo_training_training_universitas_beban,snapshot_istantoro_2022_mar_2026,2025-12,monthly,2025,12.0,KPO - TRAINING,Training Universitas,beban,0.0,0.0
cm_2026_01_kpo_training_training_corporate_beban,snapshot_istantoro_2022_mar_2026,2026-01,monthly,2026,1.0,KPO - TRAINING,Training Corporate,beban,94284241.0,135711862.0
cm_2026_01_kpo_training_training_webinar_reguler_beban,snapshot_istantoro_2022_mar_2026,2026-01,monthly,2026,1.0,KPO - TRAINING,Training Webinar/Reguler,beban,43612401.0,63266711.0
cm_2026_01_kpo_training_training_universitas_beban,snapshot_istantoro_2022_mar_2026,2026-01,monthly,2026,1.0,KPO - TRAINING,Training Universitas,beban,0.0,0.0
cm_2026_02_kpo_training_training_corporate_beban,snapshot_istantoro_2022_mar_2026,2026-02,monthly,2026,2.0,KPO - TRAINING,Training Corporate,beban,113163480.0,61736146.0
cm_2026_02_kpo_training_training_webinar_reguler_beban,snapshot_istantoro_2022_mar_2026,2026-02,monthly,2026,2.0,KPO - TRAINING,Training Webinar/Reguler,beban,280607103.0,146586526.0
cm_2026_02_kpo_training_training_universitas_beban,snapshot_istantoro_2022_mar_2026,2026-02,monthly,2026,2.0,KPO - TRAINING,Training Universitas,beban,0.0,0.0
cm_2026_03_kpo_training_training_corporate_beban,snapshot_istantoro_2022_mar_2026,2026-03,monthly,2026,3.0,KPO - TRAINING,Training Corporate,beban,230605895.0,131519192.0
cm_2026_03_kpo_training_training_webinar_reguler_beban,snapshot_istantoro_2022_mar_2026,2026-03,monthly,2026,3.0,KPO - TRAINING,Training Webinar/Reguler,beban,125436821.0,69283571.0
cm_2026_03_kpo_training_training_universitas_beban,snapshot_istantoro_2022_mar_2026,2026-03,monthly,2026,3.0,KPO - TRAINING,Training Universitas,beban,0.0,0.0
cm_2022_kpo_diklat_kpo_diklat_satpam_beban,snapshot_istantoro_2022_mar_2026,2022,annual,2022,,KPO - DIKLAT,KPO Diklat Satpam,beban,14776753218.0,10424582700.0
cm_2023_kpo_diklat_kpo_diklat_satpam_beban,snapshot_istantoro_2022_mar_2026,2023,annual,2023,,KPO - DIKLAT,KPO Diklat Satpam,beban,15996884230.0,14306042291.0
cm_2024_kpo_diklat_kpo_diklat_satpam_beban,snapshot_istantoro_2022_mar_2026,2024,annual,2024,,KPO - DIKLAT,KPO Diklat Satpam,beban,18204241128.0,14519234732.0
cm_2025_kpo_diklat_kpo_diklat_satpam_beban,snapshot_istantoro_2022_mar_2026,2025,annual,2025,,KPO - DIKLAT,KPO Diklat Satpam,beban,14390490978.0,22839319514.0
cm_2025_01_kpo_diklat_kpo_diklat_satpam_beban,snapshot_istantoro_2022_mar_2026,2025-01,monthly,2025,1.0,KPO - DIKLAT,KPO Diklat Satpam,beban,1046748559.0,1834731541.0
cm_2025_02_kpo_diklat_kpo_diklat_satpam_beban,snapshot_istantoro_2022_mar_2026,2025-02,monthly,2025,2.0,KPO - DIKLAT,KPO Diklat Satpam,beban,2737650182.0,1826276229.0
cm_2025_03_kpo_diklat_kpo_diklat_satpam_beban,snapshot_istantoro_2022_mar_2026,2025-03,monthly,2025,3.0,KPO - DIKLAT,KPO Diklat Satpam,beban,801146502.0,1934342915.0
cm_2025_04_kpo_diklat_kpo_diklat_satpam_beban,snapshot_istantoro_2022_mar_2026,2025-04,monthly,2025,4.0,KPO - DIKLAT,KPO Diklat Satpam,beban,631936091.0,1848497125.0
cm_2025_05_kpo_diklat_kpo_diklat_satpam_beban,snapshot_istantoro_2022_mar_2026,2025-05,monthly,2025,5.0,KPO - DIKLAT,KPO Diklat Satpam,beban,1825327838.0,1828332228.0
cm_2025_06_kpo_diklat_kpo_diklat_satpam_beban,snapshot_istantoro_2022_mar_2026,2025-06,monthly,2025,6.0,KPO - DIKLAT,KPO Diklat Satpam,beban,1344718375.0,1843666844.0
cm_2025_07_kpo_diklat_kpo_diklat_satpam_beban,snapshot_istantoro_2022_mar_2026,2025-07,monthly,2025,7.0,KPO - DIKLAT,KPO Diklat Satpam,beban,1963772795.0,1826655818.0
cm_2025_08_kpo_diklat_kpo_diklat_satpam_beban,snapshot_istantoro_2022_mar_2026,2025-08,monthly,2025,8.0,KPO - DIKLAT,KPO Diklat Satpam,beban,1119608081.0,1866428495.0
cm_2025_09_kpo_diklat_kpo_diklat_satpam_beban,snapshot_istantoro_2022_mar_2026,2025-09,monthly,2025,9.0,KPO - DIKLAT,KPO Diklat Satpam,beban,644630212.0,1912709232.0
cm_2025_10_kpo_diklat_kpo_diklat_satpam_beban,snapshot_istantoro_2022_mar_2026,2025-10,monthly,2025,10.0,KPO - DIKLAT,KPO Diklat Satpam,beban,1383294770.0,1860728777.0
cm_2025_11_kpo_diklat_kpo_diklat_satpam_beban,snapshot_istantoro_2022_mar_2026,2025-11,monthly,2025,11.0,KPO - DIKLAT,KPO Diklat Satpam,beban,554152062.0,1872331789.0
cm_2025_12_kpo_diklat_kpo_diklat_satpam_beban,snapshot_istantoro_2022_mar_2026,2025-12,monthly,2025,12.0,KPO - DIKLAT,KPO Diklat Satpam,beban,1174571984.0,1898414974.0
cm_2026_01_kpo_diklat_kpo_diklat_satpam_beban,snapshot_istantoro_2022_mar_2026,2026-01,monthly,2026,1.0,KPO - DIKLAT,KPO Diklat Satpam,beban,970267370.0,1415618062.0
cm_2026_02_kpo_diklat_kpo_diklat_satpam_beban,snapshot_istantoro_2022_mar_2026,2026-02,monthly,2026,2.0,KPO - DIKLAT,KPO Diklat Satpam,beban,623954481.0,1445546797.0
cm_2026_03_kpo_diklat_kpo_diklat_satpam_beban,snapshot_istantoro_2022_mar_2026,2026-03,monthly,2026,3.0,KPO - DIKLAT,KPO Diklat Satpam,beban,382409846.0,1445936449.0
cm_2022_biaya_pemasaran_biaya_pemasaran_beban,snapshot_istantoro_2022_mar_2026,2022,annual,2022,,Biaya Pemasaran,Biaya Pemasaran,beban,2093197113.0,500281361.0
cm_2023_biaya_pemasaran_biaya_pemasaran_beban,snapshot_istantoro_2022_mar_2026,2023,annual,2023,,Biaya Pemasaran,Biaya Pemasaran,beban,2857741959.0,2541706946.0
cm_2024_biaya_pemasaran_biaya_pemasaran_beban,snapshot_istantoro_2022_mar_2026,2024,annual,2024,,Biaya Pemasaran,Biaya Pemasaran,beban,3395839862.0,3548792357.0
cm_2025_biaya_pemasaran_biaya_pemasaran_beban,snapshot_istantoro_2022_mar_2026,2025,annual,2025,,Biaya Pemasaran,Biaya Pemasaran,beban,4682937320.0,4208461734.0
cm_2025_01_biaya_pemasaran_biaya_pemasaran_beban,snapshot_istantoro_2022_mar_2026,2025-01,monthly,2025,1.0,Biaya Pemasaran,Biaya Pemasaran,beban,289701880.0,340369135.0
cm_2025_02_biaya_pemasaran_biaya_pemasaran_beban,snapshot_istantoro_2022_mar_2026,2025-02,monthly,2025,2.0,Biaya Pemasaran,Biaya Pemasaran,beban,266249252.0,350665392.0
cm_2025_03_biaya_pemasaran_biaya_pemasaran_beban,snapshot_istantoro_2022_mar_2026,2025-03,monthly,2025,3.0,Biaya Pemasaran,Biaya Pemasaran,beban,855355670.0,345916006.0
cm_2025_04_biaya_pemasaran_biaya_pemasaran_beban,snapshot_istantoro_2022_mar_2026,2025-04,monthly,2025,4.0,Biaya Pemasaran,Biaya Pemasaran,beban,275679609.0,335572718.0
cm_2025_05_biaya_pemasaran_biaya_pemasaran_beban,snapshot_istantoro_2022_mar_2026,2025-05,monthly,2025,5.0,Biaya Pemasaran,Biaya Pemasaran,beban,264805265.0,341496814.0
cm_2025_06_biaya_pemasaran_biaya_pemasaran_beban,snapshot_istantoro_2022_mar_2026,2025-06,monthly,2025,6.0,Biaya Pemasaran,Biaya Pemasaran,beban,113238018.0,350772505.0
cm_2025_07_biaya_pemasaran_biaya_pemasaran_beban,snapshot_istantoro_2022_mar_2026,2025-07,monthly,2025,7.0,Biaya Pemasaran,Biaya Pemasaran,beban,224667542.0,348020813.0
cm_2025_08_biaya_pemasaran_biaya_pemasaran_beban,snapshot_istantoro_2022_mar_2026,2025-08,monthly,2025,8.0,Biaya Pemasaran,Biaya Pemasaran,beban,303643308.0,332481003.0
cm_2025_09_biaya_pemasaran_biaya_pemasaran_beban,snapshot_istantoro_2022_mar_2026,2025-09,monthly,2025,9.0,Biaya Pemasaran,Biaya Pemasaran,beban,313254977.0,344930721.0
cm_2025_10_biaya_pemasaran_biaya_pemasaran_beban,snapshot_istantoro_2022_mar_2026,2025-10,monthly,2025,10.0,Biaya Pemasaran,Biaya Pemasaran,beban,538694724.0,337555144.0
cm_2025_11_biaya_pemasaran_biaya_pemasaran_beban,snapshot_istantoro_2022_mar_2026,2025-11,monthly,2025,11.0,Biaya Pemasaran,Biaya Pemasaran,beban,478963555.0,330633296.0
cm_2025_12_biaya_pemasaran_biaya_pemasaran_beban,snapshot_istantoro_2022_mar_2026,2025-12,monthly,2025,12.0,Biaya Pemasaran,Biaya Pemasaran,beban,705931066.0,338738806.0
cm_2026_01_biaya_pemasaran_biaya_pemasaran_beban,snapshot_istantoro_2022_mar_2026,2026-01,monthly,2026,1.0,Biaya Pemasaran,Biaya Pemasaran,beban,233658671.0,294897551.0
cm_2026_02_biaya_pemasaran_biaya_pemasaran_beban,snapshot_istantoro_2022_mar_2026,2026-02,monthly,2026,2.0,Biaya Pemasaran,Biaya Pemasaran,beban,213253200.0,305399936.0
cm_2026_03_biaya_pemasaran_biaya_pemasaran_beban,snapshot_istantoro_2022_mar_2026,2026-03,monthly,2026,3.0,Biaya Pemasaran,Biaya Pemasaran,beban,206175080.0,296741871.0
cm_2022_biaya_pemasaran_biaya_iklan_reklame_pameran_beban,snapshot_istantoro_2022_mar_2026,2022,annual,2022,,Biaya Pemasaran,"Biaya Iklan, Reklame & Pameran",beban,166091292.0,133001292.0
cm_2023_biaya_pemasaran_biaya_iklan_reklame_pameran_beban,snapshot_istantoro_2022_mar_2026,2023,annual,2023,,Biaya Pemasaran,"Biaya Iklan, Reklame & Pameran",beban,196932497.0,202781150.0
cm_2024_biaya_pemasaran_biaya_iklan_reklame_pameran_beban,snapshot_istantoro_2022_mar_2026,2024,annual,2024,,Biaya Pemasaran,"Biaya Iklan, Reklame & Pameran",beban,123201802.0,244640184.0
cm_2025_biaya_pemasaran_biaya_iklan_reklame_pameran_beban,snapshot_istantoro_2022_mar_2026,2025,annual,2025,,Biaya Pemasaran,"Biaya Iklan, Reklame & Pameran",beban,299616809.0,347025644.0
cm_2025_01_biaya_pemasaran_biaya_iklan_reklame_pameran_beban,snapshot_istantoro_2022_mar_2026,2025-01,monthly,2025,1.0,Biaya Pemasaran,"Biaya Iklan, Reklame & Pameran",beban,22583620.0,28905412.0
cm_2025_02_biaya_pemasaran_biaya_iklan_reklame_pameran_beban,snapshot_istantoro_2022_mar_2026,2025-02,monthly,2025,2.0,Biaya Pemasaran,"Biaya Iklan, Reklame & Pameran",beban,600918.0,28613929.0
cm_2025_03_biaya_pemasaran_biaya_iklan_reklame_pameran_beban,snapshot_istantoro_2022_mar_2026,2025-03,monthly,2025,3.0,Biaya Pemasaran,"Biaya Iklan, Reklame & Pameran",beban,176964.0,28823557.0
cm_2025_04_biaya_pemasaran_biaya_iklan_reklame_pameran_beban,snapshot_istantoro_2022_mar_2026,2025-04,monthly,2025,4.0,Biaya Pemasaran,"Biaya Iklan, Reklame & Pameran",beban,1059594.0,29472906.0
cm_2025_05_biaya_pemasaran_biaya_iklan_reklame_pameran_beban,snapshot_istantoro_2022_mar_2026,2025-05,monthly,2025,5.0,Biaya Pemasaran,"Biaya Iklan, Reklame & Pameran",beban,58227471.0,29007274.0
cm_2025_06_biaya_pemasaran_biaya_iklan_reklame_pameran_beban,snapshot_istantoro_2022_mar_2026,2025-06,monthly,2025,6.0,Biaya Pemasaran,"Biaya Iklan, Reklame & Pameran",beban,2920448.0,29229408.0
cm_2025_07_biaya_pemasaran_biaya_iklan_reklame_pameran_beban,snapshot_istantoro_2022_mar_2026,2025-07,monthly,2025,7.0,Biaya Pemasaran,"Biaya Iklan, Reklame & Pameran",beban,775180.0,29157978.0
cm_2025_08_biaya_pemasaran_biaya_iklan_reklame_pameran_beban,snapshot_istantoro_2022_mar_2026,2025-08,monthly,2025,8.0,Biaya Pemasaran,"Biaya Iklan, Reklame & Pameran",beban,177199208.0,30037532.0
cm_2025_09_biaya_pemasaran_biaya_iklan_reklame_pameran_beban,snapshot_istantoro_2022_mar_2026,2025-09,monthly,2025,9.0,Biaya Pemasaran,"Biaya Iklan, Reklame & Pameran",beban,924530.0,30089339.0
cm_2025_10_biaya_pemasaran_biaya_iklan_reklame_pameran_beban,snapshot_istantoro_2022_mar_2026,2025-10,monthly,2025,10.0,Biaya Pemasaran,"Biaya Iklan, Reklame & Pameran",beban,18002009.0,29362587.0
cm_2025_11_biaya_pemasaran_biaya_iklan_reklame_pameran_beban,snapshot_istantoro_2022_mar_2026,2025-11,monthly,2025,11.0,Biaya Pemasaran,"Biaya Iklan, Reklame & Pameran",beban,7531519.0,29075650.0
cm_2025_12_biaya_pemasaran_biaya_iklan_reklame_pameran_beban,snapshot_istantoro_2022_mar_2026,2025-12,monthly,2025,12.0,Biaya Pemasaran,"Biaya Iklan, Reklame & Pameran",beban,11493771.0,28681986.0
cm_2026_01_biaya_pemasaran_biaya_iklan_reklame_pameran_beban,snapshot_istantoro_2022_mar_2026,2026-01,monthly,2026,1.0,Biaya Pemasaran,"Biaya Iklan, Reklame & Pameran",beban,248014.0,31348388.0
cm_2026_02_biaya_pemasaran_biaya_iklan_reklame_pameran_beban,snapshot_istantoro_2022_mar_2026,2026-02,monthly,2026,2.0,Biaya Pemasaran,"Biaya Iklan, Reklame & Pameran",beban,9680086.0,29712903.0
cm_2026_03_biaya_pemasaran_biaya_iklan_reklame_pameran_beban,snapshot_istantoro_2022_mar_2026,2026-03,monthly,2026,3.0,Biaya Pemasaran,"Biaya Iklan, Reklame & Pameran",beban,2683781.0,30147646.0
cm_2022_biaya_pemasaran_biaya_promosi_beban,snapshot_istantoro_2022_mar_2026,2022,annual,2022,,Biaya Pemasaran,Biaya Promosi,beban,257565.0,14818260.0
cm_2023_biaya_pemasaran_biaya_promosi_beban,snapshot_istantoro_2022_mar_2026,2023,annual,2023,,Biaya Pemasaran,Biaya Promosi,beban,0.0,306659.0
cm_2024_biaya_pemasaran_biaya_promosi_beban,snapshot_istantoro_2022_mar_2026,2024,annual,2024,,Biaya Pemasaran,Biaya Promosi,beban,692878575.0,768208053.0
cm_2025_biaya_pemasaran_biaya_promosi_beban,snapshot_istantoro_2022_mar_2026,2025,annual,2025,,Biaya Pemasaran,Biaya Promosi,beban,497887586.0,727147625.0
cm_2025_01_biaya_pemasaran_biaya_promosi_beban,snapshot_istantoro_2022_mar_2026,2025-01,monthly,2025,1.0,Biaya Pemasaran,Biaya Promosi,beban,43095113.0,58233763.0
cm_2025_02_biaya_pemasaran_biaya_promosi_beban,snapshot_istantoro_2022_mar_2026,2025-02,monthly,2025,2.0,Biaya Pemasaran,Biaya Promosi,beban,5899052.0,60065625.0
cm_2025_03_biaya_pemasaran_biaya_promosi_beban,snapshot_istantoro_2022_mar_2026,2025-03,monthly,2025,3.0,Biaya Pemasaran,Biaya Promosi,beban,115830317.0,58238583.0
cm_2025_04_biaya_pemasaran_biaya_promosi_beban,snapshot_istantoro_2022_mar_2026,2025-04,monthly,2025,4.0,Biaya Pemasaran,Biaya Promosi,beban,12325728.0,58047998.0
cm_2025_05_biaya_pemasaran_biaya_promosi_beban,snapshot_istantoro_2022_mar_2026,2025-05,monthly,2025,5.0,Biaya Pemasaran,Biaya Promosi,beban,31199344.0,61047044.0
cm_2025_06_biaya_pemasaran_biaya_promosi_beban,snapshot_istantoro_2022_mar_2026,2025-06,monthly,2025,6.0,Biaya Pemasaran,Biaya Promosi,beban,1012644.0,58475544.0
cm_2025_07_biaya_pemasaran_biaya_promosi_beban,snapshot_istantoro_2022_mar_2026,2025-07,monthly,2025,7.0,Biaya Pemasaran,Biaya Promosi,beban,77595436.0,60731803.0
cm_2025_08_biaya_pemasaran_biaya_promosi_beban,snapshot_istantoro_2022_mar_2026,2025-08,monthly,2025,8.0,Biaya Pemasaran,Biaya Promosi,beban,15361377.0,59742889.0
cm_2025_09_biaya_pemasaran_biaya_promosi_beban,snapshot_istantoro_2022_mar_2026,2025-09,monthly,2025,9.0,Biaya Pemasaran,Biaya Promosi,beban,0.0,58074170.0
cm_2025_10_biaya_pemasaran_biaya_promosi_beban,snapshot_istantoro_2022_mar_2026,2025-10,monthly,2025,10.0,Biaya Pemasaran,Biaya Promosi,beban,99190651.0,61211561.0
cm_2025_11_biaya_pemasaran_biaya_promosi_beban,snapshot_istantoro_2022_mar_2026,2025-11,monthly,2025,11.0,Biaya Pemasaran,Biaya Promosi,beban,27857011.0,58678720.0
cm_2025_12_biaya_pemasaran_biaya_promosi_beban,snapshot_istantoro_2022_mar_2026,2025-12,monthly,2025,12.0,Biaya Pemasaran,Biaya Promosi,beban,69540801.0,60869065.0
cm_2026_01_biaya_pemasaran_biaya_promosi_beban,snapshot_istantoro_2022_mar_2026,2026-01,monthly,2026,1.0,Biaya Pemasaran,Biaya Promosi,beban,15597431.0,33592846.0
cm_2026_02_biaya_pemasaran_biaya_promosi_beban,snapshot_istantoro_2022_mar_2026,2026-02,monthly,2026,2.0,Biaya Pemasaran,Biaya Promosi,beban,2046691.0,35001777.0
cm_2026_03_biaya_pemasaran_biaya_promosi_beban,snapshot_istantoro_2022_mar_2026,2026-03,monthly,2026,3.0,Biaya Pemasaran,Biaya Promosi,beban,295271.0,33272903.0
cm_2022_biaya_pemasaran_biaya_hubungan_relasi_beban,snapshot_istantoro_2022_mar_2026,2022,annual,2022,,Biaya Pemasaran,Biaya Hubungan Relasi,beban,1753733750.0,300212048.0
cm_2023_biaya_pemasaran_biaya_hubungan_relasi_beban,snapshot_istantoro_2022_mar_2026,2023,annual,2023,,Biaya Pemasaran,Biaya Hubungan Relasi,beban,2613553399.0,2235538984.0
cm_2024_biaya_pemasaran_biaya_hubungan_relasi_beban,snapshot_istantoro_2022_mar_2026,2024,annual,2024,,Biaya Pemasaran,Biaya Hubungan Relasi,beban,2491425890.0,2513399845.0
cm_2025_biaya_pemasaran_biaya_hubungan_relasi_beban,snapshot_istantoro_2022_mar_2026,2025,annual,2025,,Biaya Pemasaran,Biaya Hubungan Relasi,beban,3943425650.0,3073656385.0
cm_2025_01_biaya_pemasaran_biaya_hubungan_relasi_beban,snapshot_istantoro_2022_mar_2026,2025-01,monthly,2025,1.0,Biaya Pemasaran,Biaya Hubungan Relasi,beban,222657262.0,254794373.0
cm_2025_02_biaya_pemasaran_biaya_hubungan_relasi_beban,snapshot_istantoro_2022_mar_2026,2025-02,monthly,2025,2.0,Biaya Pemasaran,Biaya Hubungan Relasi,beban,255861946.0,255822870.0
cm_2025_03_biaya_pemasaran_biaya_hubungan_relasi_beban,snapshot_istantoro_2022_mar_2026,2025-03,monthly,2025,3.0,Biaya Pemasaran,Biaya Hubungan Relasi,beban,745031110.0,245488295.0
cm_2025_04_biaya_pemasaran_biaya_hubungan_relasi_beban,snapshot_istantoro_2022_mar_2026,2025-04,monthly,2025,4.0,Biaya Pemasaran,Biaya Hubungan Relasi,beban,268073839.0,246762764.0
cm_2025_05_biaya_pemasaran_biaya_hubungan_relasi_beban,snapshot_istantoro_2022_mar_2026,2025-05,monthly,2025,5.0,Biaya Pemasaran,Biaya Hubungan Relasi,beban,190872466.0,246834528.0
cm_2025_06_biaya_pemasaran_biaya_hubungan_relasi_beban,snapshot_istantoro_2022_mar_2026,2025-06,monthly,2025,6.0,Biaya Pemasaran,Biaya Hubungan Relasi,beban,112443572.0,248155809.0
cm_2025_07_biaya_pemasaran_biaya_hubungan_relasi_beban,snapshot_istantoro_2022_mar_2026,2025-07,monthly,2025,7.0,Biaya Pemasaran,Biaya Hubungan Relasi,beban,136364171.0,248399810.0
cm_2025_08_biaya_pemasaran_biaya_hubungan_relasi_beban,snapshot_istantoro_2022_mar_2026,2025-08,monthly,2025,8.0,Biaya Pemasaran,Biaya Hubungan Relasi,beban,98746213.0,250668330.0
cm_2025_09_biaya_pemasaran_biaya_hubungan_relasi_beban,snapshot_istantoro_2022_mar_2026,2025-09,monthly,2025,9.0,Biaya Pemasaran,Biaya Hubungan Relasi,beban,283101665.0,244898196.0
cm_2025_10_biaya_pemasaran_biaya_hubungan_relasi_beban,snapshot_istantoro_2022_mar_2026,2025-10,monthly,2025,10.0,Biaya Pemasaran,Biaya Hubungan Relasi,beban,406449826.0,252868700.0
cm_2025_11_biaya_pemasaran_biaya_hubungan_relasi_beban,snapshot_istantoro_2022_mar_2026,2025-11,monthly,2025,11.0,Biaya Pemasaran,Biaya Hubungan Relasi,beban,411056904.0,245013498.0
cm_2025_12_biaya_pemasaran_biaya_hubungan_relasi_beban,snapshot_istantoro_2022_mar_2026,2025-12,monthly,2025,12.0,Biaya Pemasaran,Biaya Hubungan Relasi,beban,629760316.0,247154627.0
cm_2026_01_biaya_pemasaran_biaya_hubungan_relasi_beban,snapshot_istantoro_2022_mar_2026,2026-01,monthly,2026,1.0,Biaya Pemasaran,Biaya Hubungan Relasi,beban,217039307.0,228670553.0
cm_2026_02_biaya_pemasaran_biaya_hubungan_relasi_beban,snapshot_istantoro_2022_mar_2026,2026-02,monthly,2026,2.0,Biaya Pemasaran,Biaya Hubungan Relasi,beban,199587923.0,232691084.0
cm_2026_03_biaya_pemasaran_biaya_hubungan_relasi_beban,snapshot_istantoro_2022_mar_2026,2026-03,monthly,2026,3.0,Biaya Pemasaran,Biaya Hubungan Relasi,beban,203338344.0,231909581.0
cm_2022_biaya_pemasaran_biaya_humas_beban,snapshot_istantoro_2022_mar_2026,2022,annual,2022,,Biaya Pemasaran,Biaya Humas,beban,72730606.0,70611244.0
cm_2023_biaya_pemasaran_biaya_humas_beban,snapshot_istantoro_2022_mar_2026,2023,annual,2023,,Biaya Pemasaran,Biaya Humas,beban,41838814.0,88799296.0
cm_2024_biaya_pemasaran_biaya_humas_beban,snapshot_istantoro_2022_mar_2026,2024,annual,2024,,Biaya Pemasaran,Biaya Humas,beban,27975824.0,76396038.0
cm_2025_biaya_pemasaran_biaya_humas_beban,snapshot_istantoro_2022_mar_2026,2025,annual,2025,,Biaya Pemasaran,Biaya Humas,beban,24994261.0,20522118.0
cm_2025_01_biaya_pemasaran_biaya_humas_beban,snapshot_istantoro_2022_mar_2026,2025-01,monthly,2025,1.0,Biaya Pemasaran,Biaya Humas,beban,2024608.0,1740680.0
cm_2025_02_biaya_pemasaran_biaya_humas_beban,snapshot_istantoro_2022_mar_2026,2025-02,monthly,2025,2.0,Biaya Pemasaran,Biaya Humas,beban,1533275.0,1744484.0
cm_2025_03_biaya_pemasaran_biaya_humas_beban,snapshot_istantoro_2022_mar_2026,2025-03,monthly,2025,3.0,Biaya Pemasaran,Biaya Humas,beban,1623841.0,1705165.0
cm_2025_04_biaya_pemasaran_biaya_humas_beban,snapshot_istantoro_2022_mar_2026,2025-04,monthly,2025,4.0,Biaya Pemasaran,Biaya Humas,beban,1729512.0,1729803.0
cm_2025_05_biaya_pemasaran_biaya_humas_beban,snapshot_istantoro_2022_mar_2026,2025-05,monthly,2025,5.0,Biaya Pemasaran,Biaya Humas,beban,2361918.0,1801524.0
cm_2025_06_biaya_pemasaran_biaya_humas_beban,snapshot_istantoro_2022_mar_2026,2025-06,monthly,2025,6.0,Biaya Pemasaran,Biaya Humas,beban,1703236.0,1801312.0
cm_2025_07_biaya_pemasaran_biaya_humas_beban,snapshot_istantoro_2022_mar_2026,2025-07,monthly,2025,7.0,Biaya Pemasaran,Biaya Humas,beban,1852009.0,1738046.0
cm_2025_08_biaya_pemasaran_biaya_humas_beban,snapshot_istantoro_2022_mar_2026,2025-08,monthly,2025,8.0,Biaya Pemasaran,Biaya Humas,beban,3722875.0,1705511.0
cm_2025_09_biaya_pemasaran_biaya_humas_beban,snapshot_istantoro_2022_mar_2026,2025-09,monthly,2025,9.0,Biaya Pemasaran,Biaya Humas,beban,2443675.0,1719819.0
cm_2025_10_biaya_pemasaran_biaya_humas_beban,snapshot_istantoro_2022_mar_2026,2025-10,monthly,2025,10.0,Biaya Pemasaran,Biaya Humas,beban,2119808.0,1742243.0
cm_2025_11_biaya_pemasaran_biaya_humas_beban,snapshot_istantoro_2022_mar_2026,2025-11,monthly,2025,11.0,Biaya Pemasaran,Biaya Humas,beban,1804225.0,1800696.0
cm_2025_12_biaya_pemasaran_biaya_humas_beban,snapshot_istantoro_2022_mar_2026,2025-12,monthly,2025,12.0,Biaya Pemasaran,Biaya Humas,beban,2301336.0,1715832.0
cm_2026_01_biaya_pemasaran_biaya_humas_beban,snapshot_istantoro_2022_mar_2026,2026-01,monthly,2026,1.0,Biaya Pemasaran,Biaya Humas,beban,2404770.0,6348818.0
cm_2026_02_biaya_pemasaran_biaya_humas_beban,snapshot_istantoro_2022_mar_2026,2026-02,monthly,2026,2.0,Biaya Pemasaran,Biaya Humas,beban,3135554.0,6103256.0
cm_2026_03_biaya_pemasaran_biaya_humas_beban,snapshot_istantoro_2022_mar_2026,2026-03,monthly,2026,3.0,Biaya Pemasaran,Biaya Humas,beban,2666923.0,6430472.0
cm_2022_biaya_remunerasi_pekerja_biaya_remunerasi_pekerja_beban,snapshot_istantoro_2022_mar_2026,2022,annual,2022,,Biaya Remunerasi Pekerja,Biaya Remunerasi Pekerja,beban,67011130706.0,72830443842.0
cm_2023_biaya_remunerasi_pekerja_biaya_remunerasi_pekerja_beban,snapshot_istantoro_2022_mar_2026,2023,annual,2023,,Biaya Remunerasi Pekerja,Biaya Remunerasi Pekerja,beban,69404715579.0,77702335689.0
cm_2024_biaya_remunerasi_pekerja_biaya_remunerasi_pekerja_beban,snapshot_istantoro_2022_mar_2026,2024,annual,2024,,Biaya Remunerasi Pekerja,Biaya Remunerasi Pekerja,beban,62998367631.0,70926939088.0
cm_2025_biaya_remunerasi_pekerja_biaya_remunerasi_pekerja_beban,snapshot_istantoro_2022_mar_2026,2025,annual,2025,,Biaya Remunerasi Pekerja,Biaya Remunerasi Pekerja,beban,72499504176.0,79152412811.0
cm_2025_01_biaya_remunerasi_pekerja_biaya_remunerasi_pekerja_beban,snapshot_istantoro_2022_mar_2026,2025-01,monthly,2025,1.0,Biaya Remunerasi Pekerja,Biaya Remunerasi Pekerja,beban,5057206930.0,6424930233.0
cm_2025_02_biaya_remunerasi_pekerja_biaya_remunerasi_pekerja_beban,snapshot_istantoro_2022_mar_2026,2025-02,monthly,2025,2.0,Biaya Remunerasi Pekerja,Biaya Remunerasi Pekerja,beban,5221843150.0,6406865509.0
cm_2025_03_biaya_remunerasi_pekerja_biaya_remunerasi_pekerja_beban,snapshot_istantoro_2022_mar_2026,2025-03,monthly,2025,3.0,Biaya Remunerasi Pekerja,Biaya Remunerasi Pekerja,beban,5482800948.0,6717943233.0
cm_2025_04_biaya_remunerasi_pekerja_biaya_remunerasi_pekerja_beban,snapshot_istantoro_2022_mar_2026,2025-04,monthly,2025,4.0,Biaya Remunerasi Pekerja,Biaya Remunerasi Pekerja,beban,5777946667.0,6709924439.0
cm_2025_05_biaya_remunerasi_pekerja_biaya_remunerasi_pekerja_beban,snapshot_istantoro_2022_mar_2026,2025-05,monthly,2025,5.0,Biaya Remunerasi Pekerja,Biaya Remunerasi Pekerja,beban,5819771770.0,6698071790.0
cm_2025_06_biaya_remunerasi_pekerja_biaya_remunerasi_pekerja_beban,snapshot_istantoro_2022_mar_2026,2025-06,monthly,2025,6.0,Biaya Remunerasi Pekerja,Biaya Remunerasi Pekerja,beban,5775589424.0,6595156429.0
cm_2025_07_biaya_remunerasi_pekerja_biaya_remunerasi_pekerja_beban,snapshot_istantoro_2022_mar_2026,2025-07,monthly,2025,7.0,Biaya Remunerasi Pekerja,Biaya Remunerasi Pekerja,beban,5799056038.0,6666965425.0
cm_2025_08_biaya_remunerasi_pekerja_biaya_remunerasi_pekerja_beban,snapshot_istantoro_2022_mar_2026,2025-08,monthly,2025,8.0,Biaya Remunerasi Pekerja,Biaya Remunerasi Pekerja,beban,6113388285.0,6376629740.0
cm_2025_09_biaya_remunerasi_pekerja_biaya_remunerasi_pekerja_beban,snapshot_istantoro_2022_mar_2026,2025-09,monthly,2025,9.0,Biaya Remunerasi Pekerja,Biaya Remunerasi Pekerja,beban,6671860000.0,6481004815.0
cm_2025_10_biaya_remunerasi_pekerja_biaya_remunerasi_pekerja_beban,snapshot_istantoro_2022_mar_2026,2025-10,monthly,2025,10.0,Biaya Remunerasi Pekerja,Biaya Remunerasi Pekerja,beban,6467574250.0,6472723246.0
cm_2025_11_biaya_remunerasi_pekerja_biaya_remunerasi_pekerja_beban,snapshot_istantoro_2022_mar_2026,2025-11,monthly,2025,11.0,Biaya Remunerasi Pekerja,Biaya Remunerasi Pekerja,beban,6467169794.0,6599167178.0
cm_2025_12_biaya_remunerasi_pekerja_biaya_remunerasi_pekerja_beban,snapshot_istantoro_2022_mar_2026,2025-12,monthly,2025,12.0,Biaya Remunerasi Pekerja,Biaya Remunerasi Pekerja,beban,6680415438.0,6489318909.0
cm_2026_01_biaya_remunerasi_pekerja_biaya_remunerasi_pekerja_beban,snapshot_istantoro_2022_mar_2026,2026-01,monthly,2026,1.0,Biaya Remunerasi Pekerja,Biaya Remunerasi Pekerja,beban,6369060701.0,6389209302.0
cm_2026_02_biaya_remunerasi_pekerja_biaya_remunerasi_pekerja_beban,snapshot_istantoro_2022_mar_2026,2026-02,monthly,2026,2.0,Biaya Remunerasi Pekerja,Biaya Remunerasi Pekerja,beban,6582139617.0,6564635698.0
cm_2026_03_biaya_remunerasi_pekerja_biaya_remunerasi_pekerja_beban,snapshot_istantoro_2022_mar_2026,2026-03,monthly,2026,3.0,Biaya Remunerasi Pekerja,Biaya Remunerasi Pekerja,beban,8333571315.0,6649974437.0
cm_2022_biaya_remunerasi_pekerja_upah_gaji_beban,snapshot_istantoro_2022_mar_2026,2022,annual,2022,,Biaya Remunerasi Pekerja,Upah / Gaji,beban,21473756982.0,21127367434.0
cm_2023_biaya_remunerasi_pekerja_upah_gaji_beban,snapshot_istantoro_2022_mar_2026,2023,annual,2023,,Biaya Remunerasi Pekerja,Upah / Gaji,beban,20031722686.0,22654000794.0
cm_2024_biaya_remunerasi_pekerja_upah_gaji_beban,snapshot_istantoro_2022_mar_2026,2024,annual,2024,,Biaya Remunerasi Pekerja,Upah / Gaji,beban,28778215719.0,31370436333.0
cm_2025_biaya_remunerasi_pekerja_upah_gaji_beban,snapshot_istantoro_2022_mar_2026,2025,annual,2025,,Biaya Remunerasi Pekerja,Upah / Gaji,beban,33056903565.0,35111025934.0
cm_2025_01_biaya_remunerasi_pekerja_upah_gaji_beban,snapshot_istantoro_2022_mar_2026,2025-01,monthly,2025,1.0,Biaya Remunerasi Pekerja,Upah / Gaji,beban,2309465908.0,2937051324.0
cm_2025_02_biaya_remunerasi_pekerja_upah_gaji_beban,snapshot_istantoro_2022_mar_2026,2025-02,monthly,2025,2.0,Biaya Remunerasi Pekerja,Upah / Gaji,beban,2457273293.0,2998212078.0
cm_2025_03_biaya_remunerasi_pekerja_upah_gaji_beban,snapshot_istantoro_2022_mar_2026,2025-03,monthly,2025,3.0,Biaya Remunerasi Pekerja,Upah / Gaji,beban,2529186597.0,2990747596.0
cm_2025_04_biaya_remunerasi_pekerja_upah_gaji_beban,snapshot_istantoro_2022_mar_2026,2025-04,monthly,2025,4.0,Biaya Remunerasi Pekerja,Upah / Gaji,beban,2574611371.0,3007716196.0
cm_2025_05_biaya_remunerasi_pekerja_upah_gaji_beban,snapshot_istantoro_2022_mar_2026,2025-05,monthly,2025,5.0,Biaya Remunerasi Pekerja,Upah / Gaji,beban,2641143630.0,2948217728.0
cm_2025_06_biaya_remunerasi_pekerja_upah_gaji_beban,snapshot_istantoro_2022_mar_2026,2025-06,monthly,2025,6.0,Biaya Remunerasi Pekerja,Upah / Gaji,beban,2544977091.0,3030532195.0
cm_2025_07_biaya_remunerasi_pekerja_upah_gaji_beban,snapshot_istantoro_2022_mar_2026,2025-07,monthly,2025,7.0,Biaya Remunerasi Pekerja,Upah / Gaji,beban,2671767184.0,2919962229.0
cm_2025_08_biaya_remunerasi_pekerja_upah_gaji_beban,snapshot_istantoro_2022_mar_2026,2025-08,monthly,2025,8.0,Biaya Remunerasi Pekerja,Upah / Gaji,beban,2891990401.0,2967220467.0
cm_2025_09_biaya_remunerasi_pekerja_upah_gaji_beban,snapshot_istantoro_2022_mar_2026,2025-09,monthly,2025,9.0,Biaya Remunerasi Pekerja,Upah / Gaji,beban,2897354498.0,3026419300.0
cm_2025_10_biaya_remunerasi_pekerja_upah_gaji_beban,snapshot_istantoro_2022_mar_2026,2025-10,monthly,2025,10.0,Biaya Remunerasi Pekerja,Upah / Gaji,beban,2993983027.0,2915694141.0
cm_2025_11_biaya_remunerasi_pekerja_upah_gaji_beban,snapshot_istantoro_2022_mar_2026,2025-11,monthly,2025,11.0,Biaya Remunerasi Pekerja,Upah / Gaji,beban,3042574609.0,2903155910.0
cm_2025_12_biaya_remunerasi_pekerja_upah_gaji_beban,snapshot_istantoro_2022_mar_2026,2025-12,monthly,2025,12.0,Biaya Remunerasi Pekerja,Upah / Gaji,beban,2971372676.0,3041178118.0
cm_2026_01_biaya_remunerasi_pekerja_upah_gaji_beban,snapshot_istantoro_2022_mar_2026,2026-01,monthly,2026,1.0,Biaya Remunerasi Pekerja,Upah / Gaji,beban,2871382837.0,2813004080.0
cm_2026_02_biaya_remunerasi_pekerja_upah_gaji_beban,snapshot_istantoro_2022_mar_2026,2026-02,monthly,2026,2.0,Biaya Remunerasi Pekerja,Upah / Gaji,beban,2838269565.0,2871095562.0
cm_2026_03_biaya_remunerasi_pekerja_upah_gaji_beban,snapshot_istantoro_2022_mar_2026,2026-03,monthly,2026,3.0,Biaya Remunerasi Pekerja,Upah / Gaji,beban,2898237130.0,2758892714.0
cm_2022_biaya_remunerasi_pekerja_tunjangan_kinerja_beban,snapshot_istantoro_2022_mar_2026,2022,annual,2022,,Biaya Remunerasi Pekerja,Tunjangan Kinerja,beban,11458071644.0,12825673919.0
cm_2023_biaya_remunerasi_pekerja_tunjangan_kinerja_beban,snapshot_istantoro_2022_mar_2026,2023,annual,2023,,Biaya Remunerasi Pekerja,Tunjangan Kinerja,beban,11765399992.0,12896535010.0
cm_2024_biaya_remunerasi_pekerja_tunjangan_kinerja_beban,snapshot_istantoro_2022_mar_2026,2024,annual,2024,,Biaya Remunerasi Pekerja,Tunjangan Kinerja,beban,0.0,0.0
cm_2025_biaya_remunerasi_pekerja_tunjangan_kinerja_beban,snapshot_istantoro_2022_mar_2026,2025,annual,2025,,Biaya Remunerasi Pekerja,Tunjangan Kinerja,beban,0.0,0.0
cm_2025_01_biaya_remunerasi_pekerja_tunjangan_kinerja_beban,snapshot_istantoro_2022_mar_2026,2025-01,monthly,2025,1.0,Biaya Remunerasi Pekerja,Tunjangan Kinerja,beban,0.0,0.0
cm_2025_02_biaya_remunerasi_pekerja_tunjangan_kinerja_beban,snapshot_istantoro_2022_mar_2026,2025-02,monthly,2025,2.0,Biaya Remunerasi Pekerja,Tunjangan Kinerja,beban,0.0,0.0
cm_2025_03_biaya_remunerasi_pekerja_tunjangan_kinerja_beban,snapshot_istantoro_2022_mar_2026,2025-03,monthly,2025,3.0,Biaya Remunerasi Pekerja,Tunjangan Kinerja,beban,0.0,0.0
cm_2025_04_biaya_remunerasi_pekerja_tunjangan_kinerja_beban,snapshot_istantoro_2022_mar_2026,2025-04,monthly,2025,4.0,Biaya Remunerasi Pekerja,Tunjangan Kinerja,beban,0.0,0.0
cm_2025_05_biaya_remunerasi_pekerja_tunjangan_kinerja_beban,snapshot_istantoro_2022_mar_2026,2025-05,monthly,2025,5.0,Biaya Remunerasi Pekerja,Tunjangan Kinerja,beban,0.0,0.0
cm_2025_06_biaya_remunerasi_pekerja_tunjangan_kinerja_beban,snapshot_istantoro_2022_mar_2026,2025-06,monthly,2025,6.0,Biaya Remunerasi Pekerja,Tunjangan Kinerja,beban,0.0,0.0
cm_2025_07_biaya_remunerasi_pekerja_tunjangan_kinerja_beban,snapshot_istantoro_2022_mar_2026,2025-07,monthly,2025,7.0,Biaya Remunerasi Pekerja,Tunjangan Kinerja,beban,0.0,0.0
cm_2025_08_biaya_remunerasi_pekerja_tunjangan_kinerja_beban,snapshot_istantoro_2022_mar_2026,2025-08,monthly,2025,8.0,Biaya Remunerasi Pekerja,Tunjangan Kinerja,beban,0.0,0.0
cm_2025_09_biaya_remunerasi_pekerja_tunjangan_kinerja_beban,snapshot_istantoro_2022_mar_2026,2025-09,monthly,2025,9.0,Biaya Remunerasi Pekerja,Tunjangan Kinerja,beban,0.0,0.0
cm_2025_10_biaya_remunerasi_pekerja_tunjangan_kinerja_beban,snapshot_istantoro_2022_mar_2026,2025-10,monthly,2025,10.0,Biaya Remunerasi Pekerja,Tunjangan Kinerja,beban,0.0,0.0
cm_2025_11_biaya_remunerasi_pekerja_tunjangan_kinerja_beban,snapshot_istantoro_2022_mar_2026,2025-11,monthly,2025,11.0,Biaya Remunerasi Pekerja,Tunjangan Kinerja,beban,0.0,0.0
cm_2025_12_biaya_remunerasi_pekerja_tunjangan_kinerja_beban,snapshot_istantoro_2022_mar_2026,2025-12,monthly,2025,12.0,Biaya Remunerasi Pekerja,Tunjangan Kinerja,beban,0.0,0.0
cm_2026_01_biaya_remunerasi_pekerja_tunjangan_kinerja_beban,snapshot_istantoro_2022_mar_2026,2026-01,monthly,2026,1.0,Biaya Remunerasi Pekerja,Tunjangan Kinerja,beban,0.0,0.0
cm_2026_02_biaya_remunerasi_pekerja_tunjangan_kinerja_beban,snapshot_istantoro_2022_mar_2026,2026-02,monthly,2026,2.0,Biaya Remunerasi Pekerja,Tunjangan Kinerja,beban,0.0,0.0
cm_2026_03_biaya_remunerasi_pekerja_tunjangan_kinerja_beban,snapshot_istantoro_2022_mar_2026,2026-03,monthly,2026,3.0,Biaya Remunerasi Pekerja,Tunjangan Kinerja,beban,0.0,0.0
cm_2022_biaya_remunerasi_pekerja_tunjangan_premium_beban,snapshot_istantoro_2022_mar_2026,2022,annual,2022,,Biaya Remunerasi Pekerja,Tunjangan Premium,beban,13198841169.0,13999680403.0
cm_2023_biaya_remunerasi_pekerja_tunjangan_premium_beban,snapshot_istantoro_2022_mar_2026,2023,annual,2023,,Biaya Remunerasi Pekerja,Tunjangan Premium,beban,11644735840.0,14808377277.0
cm_2024_biaya_remunerasi_pekerja_tunjangan_premium_beban,snapshot_istantoro_2022_mar_2026,2024,annual,2024,,Biaya Remunerasi Pekerja,Tunjangan Premium,beban,10224220717.0,11344269478.0
cm_2025_biaya_remunerasi_pekerja_tunjangan_premium_beban,snapshot_istantoro_2022_mar_2026,2025,annual,2025,,Biaya Remunerasi Pekerja,Tunjangan Premium,beban,11630023266.0,12407755689.0
cm_2025_01_biaya_remunerasi_pekerja_tunjangan_premium_beban,snapshot_istantoro_2022_mar_2026,2025-01,monthly,2025,1.0,Biaya Remunerasi Pekerja,Tunjangan Premium,beban,937631290.0,1014851819.0
cm_2025_02_biaya_remunerasi_pekerja_tunjangan_premium_beban,snapshot_istantoro_2022_mar_2026,2025-02,monthly,2025,2.0,Biaya Remunerasi Pekerja,Tunjangan Premium,beban,913399958.0,1019010758.0
cm_2025_03_biaya_remunerasi_pekerja_tunjangan_premium_beban,snapshot_istantoro_2022_mar_2026,2025-03,monthly,2025,3.0,Biaya Remunerasi Pekerja,Tunjangan Premium,beban,902325280.0,1028431052.0
cm_2025_04_biaya_remunerasi_pekerja_tunjangan_premium_beban,snapshot_istantoro_2022_mar_2026,2025-04,monthly,2025,4.0,Biaya Remunerasi Pekerja,Tunjangan Premium,beban,941147185.0,1015425148.0
cm_2025_05_biaya_remunerasi_pekerja_tunjangan_premium_beban,snapshot_istantoro_2022_mar_2026,2025-05,monthly,2025,5.0,Biaya Remunerasi Pekerja,Tunjangan Premium,beban,946639780.0,1066711441.0
cm_2025_06_biaya_remunerasi_pekerja_tunjangan_premium_beban,snapshot_istantoro_2022_mar_2026,2025-06,monthly,2025,6.0,Biaya Remunerasi Pekerja,Tunjangan Premium,beban,981944111.0,1010196216.0
cm_2025_07_biaya_remunerasi_pekerja_tunjangan_premium_beban,snapshot_istantoro_2022_mar_2026,2025-07,monthly,2025,7.0,Biaya Remunerasi Pekerja,Tunjangan Premium,beban,959930835.0,1040041861.0
cm_2025_08_biaya_remunerasi_pekerja_tunjangan_premium_beban,snapshot_istantoro_2022_mar_2026,2025-08,monthly,2025,8.0,Biaya Remunerasi Pekerja,Tunjangan Premium,beban,925274465.0,1017516906.0
cm_2025_09_biaya_remunerasi_pekerja_tunjangan_premium_beban,snapshot_istantoro_2022_mar_2026,2025-09,monthly,2025,9.0,Biaya Remunerasi Pekerja,Tunjangan Premium,beban,916146076.0,1029037059.0
cm_2025_10_biaya_remunerasi_pekerja_tunjangan_premium_beban,snapshot_istantoro_2022_mar_2026,2025-10,monthly,2025,10.0,Biaya Remunerasi Pekerja,Tunjangan Premium,beban,1004775810.0,1067662958.0
cm_2025_11_biaya_remunerasi_pekerja_tunjangan_premium_beban,snapshot_istantoro_2022_mar_2026,2025-11,monthly,2025,11.0,Biaya Remunerasi Pekerja,Tunjangan Premium,beban,981626146.0,1019918427.0
cm_2025_12_biaya_remunerasi_pekerja_tunjangan_premium_beban,snapshot_istantoro_2022_mar_2026,2025-12,monthly,2025,12.0,Biaya Remunerasi Pekerja,Tunjangan Premium,beban,1031851656.0,1070147284.0
cm_2026_01_biaya_remunerasi_pekerja_tunjangan_premium_beban,snapshot_istantoro_2022_mar_2026,2026-01,monthly,2026,1.0,Biaya Remunerasi Pekerja,Tunjangan Premium,beban,986569932.0,1067679538.0
cm_2026_02_biaya_remunerasi_pekerja_tunjangan_premium_beban,snapshot_istantoro_2022_mar_2026,2026-02,monthly,2026,2.0,Biaya Remunerasi Pekerja,Tunjangan Premium,beban,1030118426.0,1102618239.0
cm_2026_03_biaya_remunerasi_pekerja_tunjangan_premium_beban,snapshot_istantoro_2022_mar_2026,2026-03,monthly,2026,3.0,Biaya Remunerasi Pekerja,Tunjangan Premium,beban,986995639.0,1089909164.0
cm_2022_biaya_remunerasi_pekerja_tunjangan_jabatan_beban,snapshot_istantoro_2022_mar_2026,2022,annual,2022,,Biaya Remunerasi Pekerja,Tunjangan Jabatan,beban,4665939388.0,4969631009.0
cm_2023_biaya_remunerasi_pekerja_tunjangan_jabatan_beban,snapshot_istantoro_2022_mar_2026,2023,annual,2023,,Biaya Remunerasi Pekerja,Tunjangan Jabatan,beban,5802886247.0,5134296332.0
cm_2024_biaya_remunerasi_pekerja_tunjangan_jabatan_beban,snapshot_istantoro_2022_mar_2026,2024,annual,2024,,Biaya Remunerasi Pekerja,Tunjangan Jabatan,beban,10451642513.0,11834288248.0
cm_2025_biaya_remunerasi_pekerja_tunjangan_jabatan_beban,snapshot_istantoro_2022_mar_2026,2025,annual,2025,,Biaya Remunerasi Pekerja,Tunjangan Jabatan,beban,11806172969.0,12273458782.0
cm_2025_01_biaya_remunerasi_pekerja_tunjangan_jabatan_beban,snapshot_istantoro_2022_mar_2026,2025-01,monthly,2025,1.0,Biaya Remunerasi Pekerja,Tunjangan Jabatan,beban,850207875.0,1020961164.0
cm_2025_02_biaya_remunerasi_pekerja_tunjangan_jabatan_beban,snapshot_istantoro_2022_mar_2026,2025-02,monthly,2025,2.0,Biaya Remunerasi Pekerja,Tunjangan Jabatan,beban,887905215.0,1067859529.0
cm_2025_03_biaya_remunerasi_pekerja_tunjangan_jabatan_beban,snapshot_istantoro_2022_mar_2026,2025-03,monthly,2025,3.0,Biaya Remunerasi Pekerja,Tunjangan Jabatan,beban,865368033.0,1031063252.0
cm_2025_04_biaya_remunerasi_pekerja_tunjangan_jabatan_beban,snapshot_istantoro_2022_mar_2026,2025-04,monthly,2025,4.0,Biaya Remunerasi Pekerja,Tunjangan Jabatan,beban,955311257.0,1033828926.0
cm_2025_05_biaya_remunerasi_pekerja_tunjangan_jabatan_beban,snapshot_istantoro_2022_mar_2026,2025-05,monthly,2025,5.0,Biaya Remunerasi Pekerja,Tunjangan Jabatan,beban,1080072532.0,1058066447.0
cm_2025_06_biaya_remunerasi_pekerja_tunjangan_jabatan_beban,snapshot_istantoro_2022_mar_2026,2025-06,monthly,2025,6.0,Biaya Remunerasi Pekerja,Tunjangan Jabatan,beban,1048723005.0,1031749936.0
cm_2025_07_biaya_remunerasi_pekerja_tunjangan_jabatan_beban,snapshot_istantoro_2022_mar_2026,2025-07,monthly,2025,7.0,Biaya Remunerasi Pekerja,Tunjangan Jabatan,beban,1060164568.0,1070083198.0
cm_2025_08_biaya_remunerasi_pekerja_tunjangan_jabatan_beban,snapshot_istantoro_2022_mar_2026,2025-08,monthly,2025,8.0,Biaya Remunerasi Pekerja,Tunjangan Jabatan,beban,1132903966.0,1056697746.0
cm_2025_09_biaya_remunerasi_pekerja_tunjangan_jabatan_beban,snapshot_istantoro_2022_mar_2026,2025-09,monthly,2025,9.0,Biaya Remunerasi Pekerja,Tunjangan Jabatan,beban,1054223870.0,1047915253.0
cm_2025_10_biaya_remunerasi_pekerja_tunjangan_jabatan_beban,snapshot_istantoro_2022_mar_2026,2025-10,monthly,2025,10.0,Biaya Remunerasi Pekerja,Tunjangan Jabatan,beban,1154873282.0,1065634566.0
cm_2025_11_biaya_remunerasi_pekerja_tunjangan_jabatan_beban,snapshot_istantoro_2022_mar_2026,2025-11,monthly,2025,11.0,Biaya Remunerasi Pekerja,Tunjangan Jabatan,beban,1080689480.0,1013671091.0
cm_2025_12_biaya_remunerasi_pekerja_tunjangan_jabatan_beban,snapshot_istantoro_2022_mar_2026,2025-12,monthly,2025,12.0,Biaya Remunerasi Pekerja,Tunjangan Jabatan,beban,1150301163.0,1026639110.0
cm_2026_01_biaya_remunerasi_pekerja_tunjangan_jabatan_beban,snapshot_istantoro_2022_mar_2026,2026-01,monthly,2026,1.0,Biaya Remunerasi Pekerja,Tunjangan Jabatan,beban,1129664629.0,1105469050.0
cm_2026_02_biaya_remunerasi_pekerja_tunjangan_jabatan_beban,snapshot_istantoro_2022_mar_2026,2026-02,monthly,2026,2.0,Biaya Remunerasi Pekerja,Tunjangan Jabatan,beban,1184602418.0,1089645924.0
cm_2026_03_biaya_remunerasi_pekerja_tunjangan_jabatan_beban,snapshot_istantoro_2022_mar_2026,2026-03,monthly,2026,3.0,Biaya Remunerasi Pekerja,Tunjangan Jabatan,beban,1206578865.0,1124004788.0
cm_2022_biaya_remunerasi_pekerja_tunjangan_khusus_beban,snapshot_istantoro_2022_mar_2026,2022,annual,2022,,Biaya Remunerasi Pekerja,Tunjangan Khusus,beban,9444999889.0,10348630337.0
cm_2023_biaya_remunerasi_pekerja_tunjangan_khusus_beban,snapshot_istantoro_2022_mar_2026,2023,annual,2023,,Biaya Remunerasi Pekerja,Tunjangan Khusus,beban,9834846576.0,10540788097.0
cm_2024_biaya_remunerasi_pekerja_tunjangan_khusus_beban,snapshot_istantoro_2022_mar_2026,2024,annual,2024,,Biaya Remunerasi Pekerja,Tunjangan Khusus,beban,7148901360.0,7405296948.0
cm_2025_biaya_remunerasi_pekerja_tunjangan_khusus_beban,snapshot_istantoro_2022_mar_2026,2025,annual,2025,,Biaya Remunerasi Pekerja,Tunjangan Khusus,beban,7502279084.0,8538636985.0
cm_2025_01_biaya_remunerasi_pekerja_tunjangan_khusus_beban,snapshot_istantoro_2022_mar_2026,2025-01,monthly,2025,1.0,Biaya Remunerasi Pekerja,Tunjangan Khusus,beban,624508881.0,690088019.0
cm_2025_02_biaya_remunerasi_pekerja_tunjangan_khusus_beban,snapshot_istantoro_2022_mar_2026,2025-02,monthly,2025,2.0,Biaya Remunerasi Pekerja,Tunjangan Khusus,beban,600078499.0,691924041.0
cm_2025_03_biaya_remunerasi_pekerja_tunjangan_khusus_beban,snapshot_istantoro_2022_mar_2026,2025-03,monthly,2025,3.0,Biaya Remunerasi Pekerja,Tunjangan Khusus,beban,627710618.0,686216129.0
cm_2025_04_biaya_remunerasi_pekerja_tunjangan_khusus_beban,snapshot_istantoro_2022_mar_2026,2025-04,monthly,2025,4.0,Biaya Remunerasi Pekerja,Tunjangan Khusus,beban,681099398.0,709392766.0
cm_2025_05_biaya_remunerasi_pekerja_tunjangan_khusus_beban,snapshot_istantoro_2022_mar_2026,2025-05,monthly,2025,5.0,Biaya Remunerasi Pekerja,Tunjangan Khusus,beban,637877718.0,695243600.0
cm_2025_06_biaya_remunerasi_pekerja_tunjangan_khusus_beban,snapshot_istantoro_2022_mar_2026,2025-06,monthly,2025,6.0,Biaya Remunerasi Pekerja,Tunjangan Khusus,beban,634625264.0,703270451.0
cm_2025_07_biaya_remunerasi_pekerja_tunjangan_khusus_beban,snapshot_istantoro_2022_mar_2026,2025-07,monthly,2025,7.0,Biaya Remunerasi Pekerja,Tunjangan Khusus,beban,647637994.0,705332305.0
cm_2025_08_biaya_remunerasi_pekerja_tunjangan_khusus_beban,snapshot_istantoro_2022_mar_2026,2025-08,monthly,2025,8.0,Biaya Remunerasi Pekerja,Tunjangan Khusus,beban,623340045.0,685808976.0
cm_2025_09_biaya_remunerasi_pekerja_tunjangan_khusus_beban,snapshot_istantoro_2022_mar_2026,2025-09,monthly,2025,9.0,Biaya Remunerasi Pekerja,Tunjangan Khusus,beban,615090526.0,689624481.0
cm_2025_10_biaya_remunerasi_pekerja_tunjangan_khusus_beban,snapshot_istantoro_2022_mar_2026,2025-10,monthly,2025,10.0,Biaya Remunerasi Pekerja,Tunjangan Khusus,beban,615368184.0,706855472.0
cm_2025_11_biaya_remunerasi_pekerja_tunjangan_khusus_beban,snapshot_istantoro_2022_mar_2026,2025-11,monthly,2025,11.0,Biaya Remunerasi Pekerja,Tunjangan Khusus,beban,609641568.0,686698253.0
cm_2025_12_biaya_remunerasi_pekerja_tunjangan_khusus_beban,snapshot_istantoro_2022_mar_2026,2025-12,monthly,2025,12.0,Biaya Remunerasi Pekerja,Tunjangan Khusus,beban,606837587.0,704589871.0
cm_2026_01_biaya_remunerasi_pekerja_tunjangan_khusus_beban,snapshot_istantoro_2022_mar_2026,2026-01,monthly,2026,1.0,Biaya Remunerasi Pekerja,Tunjangan Khusus,beban,647376189.0,746929715.0
cm_2026_02_biaya_remunerasi_pekerja_tunjangan_khusus_beban,snapshot_istantoro_2022_mar_2026,2026-02,monthly,2026,2.0,Biaya Remunerasi Pekerja,Tunjangan Khusus,beban,618201862.0,733055182.0
cm_2026_03_biaya_remunerasi_pekerja_tunjangan_khusus_beban,snapshot_istantoro_2022_mar_2026,2026-03,monthly,2026,3.0,Biaya Remunerasi Pekerja,Tunjangan Khusus,beban,657567249.0,738225329.0
cm_2022_biaya_remunerasi_pekerja_tunjangan_uang_lembur_beban,snapshot_istantoro_2022_mar_2026,2022,annual,2022,,Biaya Remunerasi Pekerja,Tunjangan Uang Lembur,beban,1773044203.0,2443148899.0
cm_2023_biaya_remunerasi_pekerja_tunjangan_uang_lembur_beban,snapshot_istantoro_2022_mar_2026,2023,annual,2023,,Biaya Remunerasi Pekerja,Tunjangan Uang Lembur,beban,1115201632.0,1974666133.0
cm_2024_biaya_remunerasi_pekerja_tunjangan_uang_lembur_beban,snapshot_istantoro_2022_mar_2026,2024,annual,2024,,Biaya Remunerasi Pekerja,Tunjangan Uang Lembur,beban,195051440.0,127852835.0
cm_2025_biaya_remunerasi_pekerja_tunjangan_uang_lembur_beban,snapshot_istantoro_2022_mar_2026,2025,annual,2025,,Biaya Remunerasi Pekerja,Tunjangan Uang Lembur,beban,209630512.0,200318359.0
cm_2025_01_biaya_remunerasi_pekerja_tunjangan_uang_lembur_beban,snapshot_istantoro_2022_mar_2026,2025-01,monthly,2025,1.0,Biaya Remunerasi Pekerja,Tunjangan Uang Lembur,beban,42720694.0,17054084.0
cm_2025_02_biaya_remunerasi_pekerja_tunjangan_uang_lembur_beban,snapshot_istantoro_2022_mar_2026,2025-02,monthly,2025,2.0,Biaya Remunerasi Pekerja,Tunjangan Uang Lembur,beban,19832784.0,17333931.0
cm_2025_03_biaya_remunerasi_pekerja_tunjangan_uang_lembur_beban,snapshot_istantoro_2022_mar_2026,2025-03,monthly,2025,3.0,Biaya Remunerasi Pekerja,Tunjangan Uang Lembur,beban,8972405.0,17103979.0
cm_2025_04_biaya_remunerasi_pekerja_tunjangan_uang_lembur_beban,snapshot_istantoro_2022_mar_2026,2025-04,monthly,2025,4.0,Biaya Remunerasi Pekerja,Tunjangan Uang Lembur,beban,2575742.0,17411342.0
cm_2025_05_biaya_remunerasi_pekerja_tunjangan_uang_lembur_beban,snapshot_istantoro_2022_mar_2026,2025-05,monthly,2025,5.0,Biaya Remunerasi Pekerja,Tunjangan Uang Lembur,beban,20074561.0,17007875.0
cm_2025_06_biaya_remunerasi_pekerja_tunjangan_uang_lembur_beban,snapshot_istantoro_2022_mar_2026,2025-06,monthly,2025,6.0,Biaya Remunerasi Pekerja,Tunjangan Uang Lembur,beban,24696836.0,17293776.0
cm_2025_07_biaya_remunerasi_pekerja_tunjangan_uang_lembur_beban,snapshot_istantoro_2022_mar_2026,2025-07,monthly,2025,7.0,Biaya Remunerasi Pekerja,Tunjangan Uang Lembur,beban,15134204.0,16832314.0
cm_2025_08_biaya_remunerasi_pekerja_tunjangan_uang_lembur_beban,snapshot_istantoro_2022_mar_2026,2025-08,monthly,2025,8.0,Biaya Remunerasi Pekerja,Tunjangan Uang Lembur,beban,12505445.0,17411761.0
cm_2025_09_biaya_remunerasi_pekerja_tunjangan_uang_lembur_beban,snapshot_istantoro_2022_mar_2026,2025-09,monthly,2025,9.0,Biaya Remunerasi Pekerja,Tunjangan Uang Lembur,beban,17763397.0,17202118.0
cm_2025_10_biaya_remunerasi_pekerja_tunjangan_uang_lembur_beban,snapshot_istantoro_2022_mar_2026,2025-10,monthly,2025,10.0,Biaya Remunerasi Pekerja,Tunjangan Uang Lembur,beban,17979990.0,16850475.0
cm_2025_11_biaya_remunerasi_pekerja_tunjangan_uang_lembur_beban,snapshot_istantoro_2022_mar_2026,2025-11,monthly,2025,11.0,Biaya Remunerasi Pekerja,Tunjangan Uang Lembur,beban,19432032.0,16940896.0
cm_2025_12_biaya_remunerasi_pekerja_tunjangan_uang_lembur_beban,snapshot_istantoro_2022_mar_2026,2025-12,monthly,2025,12.0,Biaya Remunerasi Pekerja,Tunjangan Uang Lembur,beban,16534636.0,17410978.0
cm_2026_01_biaya_remunerasi_pekerja_tunjangan_uang_lembur_beban,snapshot_istantoro_2022_mar_2026,2026-01,monthly,2026,1.0,Biaya Remunerasi Pekerja,Tunjangan Uang Lembur,beban,14607974.0,20674811.0
cm_2026_02_biaya_remunerasi_pekerja_tunjangan_uang_lembur_beban,snapshot_istantoro_2022_mar_2026,2026-02,monthly,2026,2.0,Biaya Remunerasi Pekerja,Tunjangan Uang Lembur,beban,14908339.0,20343789.0
cm_2026_03_biaya_remunerasi_pekerja_tunjangan_uang_lembur_beban,snapshot_istantoro_2022_mar_2026,2026-03,monthly,2026,3.0,Biaya Remunerasi Pekerja,Tunjangan Uang Lembur,beban,17038929.0,21276667.0
cm_2022_biaya_remunerasi_pekerja_tunjangan_cuti_beban,snapshot_istantoro_2022_mar_2026,2022,annual,2022,,Biaya Remunerasi Pekerja,Tunjangan Cuti,beban,3326936818.0,4343356481.0
cm_2023_biaya_remunerasi_pekerja_tunjangan_cuti_beban,snapshot_istantoro_2022_mar_2026,2023,annual,2023,,Biaya Remunerasi Pekerja,Tunjangan Cuti,beban,3224614478.0,3584850720.0
cm_2024_biaya_remunerasi_pekerja_tunjangan_cuti_beban,snapshot_istantoro_2022_mar_2026,2024,annual,2024,,Biaya Remunerasi Pekerja,Tunjangan Cuti,beban,3975471023.0,4518507600.0
cm_2025_biaya_remunerasi_pekerja_tunjangan_cuti_beban,snapshot_istantoro_2022_mar_2026,2025,annual,2025,,Biaya Remunerasi Pekerja,Tunjangan Cuti,beban,4181292553.0,4846654364.0
cm_2025_01_biaya_remunerasi_pekerja_tunjangan_cuti_beban,snapshot_istantoro_2022_mar_2026,2025-01,monthly,2025,1.0,Biaya Remunerasi Pekerja,Tunjangan Cuti,beban,117114712.0,414150353.0
cm_2025_02_biaya_remunerasi_pekerja_tunjangan_cuti_beban,snapshot_istantoro_2022_mar_2026,2025-02,monthly,2025,2.0,Biaya Remunerasi Pekerja,Tunjangan Cuti,beban,293952482.0,405100102.0
cm_2025_03_biaya_remunerasi_pekerja_tunjangan_cuti_beban,snapshot_istantoro_2022_mar_2026,2025-03,monthly,2025,3.0,Biaya Remunerasi Pekerja,Tunjangan Cuti,beban,289003930.0,409522728.0
cm_2025_04_biaya_remunerasi_pekerja_tunjangan_cuti_beban,snapshot_istantoro_2022_mar_2026,2025-04,monthly,2025,4.0,Biaya Remunerasi Pekerja,Tunjangan Cuti,beban,406577422.0,398477519.0
cm_2025_05_biaya_remunerasi_pekerja_tunjangan_cuti_beban,snapshot_istantoro_2022_mar_2026,2025-05,monthly,2025,5.0,Biaya Remunerasi Pekerja,Tunjangan Cuti,beban,297257896.0,403199243.0
cm_2025_06_biaya_remunerasi_pekerja_tunjangan_cuti_beban,snapshot_istantoro_2022_mar_2026,2025-06,monthly,2025,6.0,Biaya Remunerasi Pekerja,Tunjangan Cuti,beban,173182866.0,395353472.0
cm_2025_07_biaya_remunerasi_pekerja_tunjangan_cuti_beban,snapshot_istantoro_2022_mar_2026,2025-07,monthly,2025,7.0,Biaya Remunerasi Pekerja,Tunjangan Cuti,beban,340658289.0,397356440.0
cm_2025_08_biaya_remunerasi_pekerja_tunjangan_cuti_beban,snapshot_istantoro_2022_mar_2026,2025-08,monthly,2025,8.0,Biaya Remunerasi Pekerja,Tunjangan Cuti,beban,424788625.0,392380298.0
cm_2025_09_biaya_remunerasi_pekerja_tunjangan_cuti_beban,snapshot_istantoro_2022_mar_2026,2025-09,monthly,2025,9.0,Biaya Remunerasi Pekerja,Tunjangan Cuti,beban,560913834.0,393310346.0
cm_2025_10_biaya_remunerasi_pekerja_tunjangan_cuti_beban,snapshot_istantoro_2022_mar_2026,2025-10,monthly,2025,10.0,Biaya Remunerasi Pekerja,Tunjangan Cuti,beban,511732737.0,416075621.0
cm_2025_11_biaya_remunerasi_pekerja_tunjangan_cuti_beban,snapshot_istantoro_2022_mar_2026,2025-11,monthly,2025,11.0,Biaya Remunerasi Pekerja,Tunjangan Cuti,beban,286097731.0,398239212.0
cm_2025_12_biaya_remunerasi_pekerja_tunjangan_cuti_beban,snapshot_istantoro_2022_mar_2026,2025-12,monthly,2025,12.0,Biaya Remunerasi Pekerja,Tunjangan Cuti,beban,476280647.0,408455641.0
cm_2026_01_biaya_remunerasi_pekerja_tunjangan_cuti_beban,snapshot_istantoro_2022_mar_2026,2026-01,monthly,2026,1.0,Biaya Remunerasi Pekerja,Tunjangan Cuti,beban,125593899.0,362115857.0
cm_2026_02_biaya_remunerasi_pekerja_tunjangan_cuti_beban,snapshot_istantoro_2022_mar_2026,2026-02,monthly,2026,2.0,Biaya Remunerasi Pekerja,Tunjangan Cuti,beban,368546528.0,355973916.0
cm_2026_03_biaya_remunerasi_pekerja_tunjangan_cuti_beban,snapshot_istantoro_2022_mar_2026,2026-03,monthly,2026,3.0,Biaya Remunerasi Pekerja,Tunjangan Cuti,beban,315320068.0,347509326.0
cm_2022_biaya_remunerasi_pekerja_tunjangan_pajak_pasal_21_beban,snapshot_istantoro_2022_mar_2026,2022,annual,2022,,Biaya Remunerasi Pekerja,Tunjangan Pajak Pasal 21,beban,3916652294.0,3416050131.0
cm_2023_biaya_remunerasi_pekerja_tunjangan_pajak_pasal_21_beban,snapshot_istantoro_2022_mar_2026,2023,annual,2023,,Biaya Remunerasi Pekerja,Tunjangan Pajak Pasal 21,beban,3556447732.0,4418734140.0
cm_2024_biaya_remunerasi_pekerja_tunjangan_pajak_pasal_21_beban,snapshot_istantoro_2022_mar_2026,2024,annual,2024,,Biaya Remunerasi Pekerja,Tunjangan Pajak Pasal 21,beban,3989615117.0,4232793427.0
cm_2025_biaya_remunerasi_pekerja_tunjangan_pajak_pasal_21_beban,snapshot_istantoro_2022_mar_2026,2025,annual,2025,,Biaya Remunerasi Pekerja,Tunjangan Pajak Pasal 21,beban,4263075172.0,4588054036.0
cm_2025_01_biaya_remunerasi_pekerja_tunjangan_pajak_pasal_21_beban,snapshot_istantoro_2022_mar_2026,2025-01,monthly,2025,1.0,Biaya Remunerasi Pekerja,Tunjangan Pajak Pasal 21,beban,315798195.0,386980675.0
cm_2025_02_biaya_remunerasi_pekerja_tunjangan_pajak_pasal_21_beban,snapshot_istantoro_2022_mar_2026,2025-02,monthly,2025,2.0,Biaya Remunerasi Pekerja,Tunjangan Pajak Pasal 21,beban,354987805.0,377909017.0
cm_2025_03_biaya_remunerasi_pekerja_tunjangan_pajak_pasal_21_beban,snapshot_istantoro_2022_mar_2026,2025-03,monthly,2025,3.0,Biaya Remunerasi Pekerja,Tunjangan Pajak Pasal 21,beban,299443825.0,372673397.0
cm_2025_04_biaya_remunerasi_pekerja_tunjangan_pajak_pasal_21_beban,snapshot_istantoro_2022_mar_2026,2025-04,monthly,2025,4.0,Biaya Remunerasi Pekerja,Tunjangan Pajak Pasal 21,beban,370854596.0,379599906.0
cm_2025_05_biaya_remunerasi_pekerja_tunjangan_pajak_pasal_21_beban,snapshot_istantoro_2022_mar_2026,2025-05,monthly,2025,5.0,Biaya Remunerasi Pekerja,Tunjangan Pajak Pasal 21,beban,347288778.0,366505926.0
cm_2025_06_biaya_remunerasi_pekerja_tunjangan_pajak_pasal_21_beban,snapshot_istantoro_2022_mar_2026,2025-06,monthly,2025,6.0,Biaya Remunerasi Pekerja,Tunjangan Pajak Pasal 21,beban,328296764.0,385219538.0
cm_2025_07_biaya_remunerasi_pekerja_tunjangan_pajak_pasal_21_beban,snapshot_istantoro_2022_mar_2026,2025-07,monthly,2025,7.0,Biaya Remunerasi Pekerja,Tunjangan Pajak Pasal 21,beban,363952860.0,367655898.0
cm_2025_08_biaya_remunerasi_pekerja_tunjangan_pajak_pasal_21_beban,snapshot_istantoro_2022_mar_2026,2025-08,monthly,2025,8.0,Biaya Remunerasi Pekerja,Tunjangan Pajak Pasal 21,beban,421829180.0,372361903.0
cm_2025_09_biaya_remunerasi_pekerja_tunjangan_pajak_pasal_21_beban,snapshot_istantoro_2022_mar_2026,2025-09,monthly,2025,9.0,Biaya Remunerasi Pekerja,Tunjangan Pajak Pasal 21,beban,435550004.0,383376254.0
cm_2025_10_biaya_remunerasi_pekerja_tunjangan_pajak_pasal_21_beban,snapshot_istantoro_2022_mar_2026,2025-10,monthly,2025,10.0,Biaya Remunerasi Pekerja,Tunjangan Pajak Pasal 21,beban,398725467.0,378445151.0
cm_2025_11_biaya_remunerasi_pekerja_tunjangan_pajak_pasal_21_beban,snapshot_istantoro_2022_mar_2026,2025-11,monthly,2025,11.0,Biaya Remunerasi Pekerja,Tunjangan Pajak Pasal 21,beban,322257214.0,373847166.0
cm_2025_12_biaya_remunerasi_pekerja_tunjangan_pajak_pasal_21_beban,snapshot_istantoro_2022_mar_2026,2025-12,monthly,2025,12.0,Biaya Remunerasi Pekerja,Tunjangan Pajak Pasal 21,beban,398181903.0,375648646.0
cm_2026_01_biaya_remunerasi_pekerja_tunjangan_pajak_pasal_21_beban,snapshot_istantoro_2022_mar_2026,2026-01,monthly,2026,1.0,Biaya Remunerasi Pekerja,Tunjangan Pajak Pasal 21,beban,324447877.0,397444327.0
cm_2026_02_biaya_remunerasi_pekerja_tunjangan_pajak_pasal_21_beban,snapshot_istantoro_2022_mar_2026,2026-02,monthly,2026,2.0,Biaya Remunerasi Pekerja,Tunjangan Pajak Pasal 21,beban,328121227.0,385429779.0
cm_2026_03_biaya_remunerasi_pekerja_tunjangan_pajak_pasal_21_beban,snapshot_istantoro_2022_mar_2026,2026-03,monthly,2026,3.0,Biaya Remunerasi Pekerja,Tunjangan Pajak Pasal 21,beban,2402533101.0,397796965.0
cm_2022_biaya_tenaga_kerja_lainnya_biaya_tenaga_kerja_lainnya_beban,snapshot_istantoro_2022_mar_2026,2022,annual,2022,,Biaya Tenaga Kerja Lainnya,Biaya Tenaga Kerja Lainnya,beban,56093042853.0,51903769752.0
cm_2023_biaya_tenaga_kerja_lainnya_biaya_tenaga_kerja_lainnya_beban,snapshot_istantoro_2022_mar_2026,2023,annual,2023,,Biaya Tenaga Kerja Lainnya,Biaya Tenaga Kerja Lainnya,beban,53339612407.0,62721657991.0
cm_2024_biaya_tenaga_kerja_lainnya_biaya_tenaga_kerja_lainnya_beban,snapshot_istantoro_2022_mar_2026,2024,annual,2024,,Biaya Tenaga Kerja Lainnya,Biaya Tenaga Kerja Lainnya,beban,39049032313.0,63021546756.0
cm_2025_biaya_tenaga_kerja_lainnya_biaya_tenaga_kerja_lainnya_beban,snapshot_istantoro_2022_mar_2026,2025,annual,2025,,Biaya Tenaga Kerja Lainnya,Biaya Tenaga Kerja Lainnya,beban,40420522400.0,57851699403.0
cm_2025_01_biaya_tenaga_kerja_lainnya_biaya_tenaga_kerja_lainnya_beban,snapshot_istantoro_2022_mar_2026,2025-01,monthly,2025,1.0,Biaya Tenaga Kerja Lainnya,Biaya Tenaga Kerja Lainnya,beban,806263681.0,4894263182.0
cm_2025_02_biaya_tenaga_kerja_lainnya_biaya_tenaga_kerja_lainnya_beban,snapshot_istantoro_2022_mar_2026,2025-02,monthly,2025,2.0,Biaya Tenaga Kerja Lainnya,Biaya Tenaga Kerja Lainnya,beban,2093680838.0,4816163001.0
cm_2025_03_biaya_tenaga_kerja_lainnya_biaya_tenaga_kerja_lainnya_beban,snapshot_istantoro_2022_mar_2026,2025-03,monthly,2025,3.0,Biaya Tenaga Kerja Lainnya,Biaya Tenaga Kerja Lainnya,beban,2753093830.0,4975728284.0
cm_2025_04_biaya_tenaga_kerja_lainnya_biaya_tenaga_kerja_lainnya_beban,snapshot_istantoro_2022_mar_2026,2025-04,monthly,2025,4.0,Biaya Tenaga Kerja Lainnya,Biaya Tenaga Kerja Lainnya,beban,1813446626.0,4925226806.0
cm_2025_05_biaya_tenaga_kerja_lainnya_biaya_tenaga_kerja_lainnya_beban,snapshot_istantoro_2022_mar_2026,2025-05,monthly,2025,5.0,Biaya Tenaga Kerja Lainnya,Biaya Tenaga Kerja Lainnya,beban,3770089163.0,4954708423.0
cm_2025_06_biaya_tenaga_kerja_lainnya_biaya_tenaga_kerja_lainnya_beban,snapshot_istantoro_2022_mar_2026,2025-06,monthly,2025,6.0,Biaya Tenaga Kerja Lainnya,Biaya Tenaga Kerja Lainnya,beban,4626062445.0,4825300758.0
cm_2025_07_biaya_tenaga_kerja_lainnya_biaya_tenaga_kerja_lainnya_beban,snapshot_istantoro_2022_mar_2026,2025-07,monthly,2025,7.0,Biaya Tenaga Kerja Lainnya,Biaya Tenaga Kerja Lainnya,beban,7327380585.0,4829800426.0
cm_2025_08_biaya_tenaga_kerja_lainnya_biaya_tenaga_kerja_lainnya_beban,snapshot_istantoro_2022_mar_2026,2025-08,monthly,2025,8.0,Biaya Tenaga Kerja Lainnya,Biaya Tenaga Kerja Lainnya,beban,3463469225.0,4779596143.0
cm_2025_09_biaya_tenaga_kerja_lainnya_biaya_tenaga_kerja_lainnya_beban,snapshot_istantoro_2022_mar_2026,2025-09,monthly,2025,9.0,Biaya Tenaga Kerja Lainnya,Biaya Tenaga Kerja Lainnya,beban,2104182330.0,4862332984.0
cm_2025_10_biaya_tenaga_kerja_lainnya_biaya_tenaga_kerja_lainnya_beban,snapshot_istantoro_2022_mar_2026,2025-10,monthly,2025,10.0,Biaya Tenaga Kerja Lainnya,Biaya Tenaga Kerja Lainnya,beban,3514419989.0,4932421162.0
cm_2025_11_biaya_tenaga_kerja_lainnya_biaya_tenaga_kerja_lainnya_beban,snapshot_istantoro_2022_mar_2026,2025-11,monthly,2025,11.0,Biaya Tenaga Kerja Lainnya,Biaya Tenaga Kerja Lainnya,beban,3791537137.0,5020353946.0
cm_2025_12_biaya_tenaga_kerja_lainnya_biaya_tenaga_kerja_lainnya_beban,snapshot_istantoro_2022_mar_2026,2025-12,monthly,2025,12.0,Biaya Tenaga Kerja Lainnya,Biaya Tenaga Kerja Lainnya,beban,4853690945.0,4964028100.0
cm_2026_01_biaya_tenaga_kerja_lainnya_biaya_tenaga_kerja_lainnya_beban,snapshot_istantoro_2022_mar_2026,2026-01,monthly,2026,1.0,Biaya Tenaga Kerja Lainnya,Biaya Tenaga Kerja Lainnya,beban,2852182580.0,3362897858.0
cm_2026_02_biaya_tenaga_kerja_lainnya_biaya_tenaga_kerja_lainnya_beban,snapshot_istantoro_2022_mar_2026,2026-02,monthly,2026,2.0,Biaya Tenaga Kerja Lainnya,Biaya Tenaga Kerja Lainnya,beban,3343264714.0,3467767490.0
cm_2026_03_biaya_tenaga_kerja_lainnya_biaya_tenaga_kerja_lainnya_beban,snapshot_istantoro_2022_mar_2026,2026-03,monthly,2026,3.0,Biaya Tenaga Kerja Lainnya,Biaya Tenaga Kerja Lainnya,beban,3305229147.0,3420394013.0
cm_2022_biaya_tenaga_kerja_lainnya_tunjangan_dana_pensiun_dplk_beban,snapshot_istantoro_2022_mar_2026,2022,annual,2022,,Biaya Tenaga Kerja Lainnya,Tunjangan Dana Pensiun (DPLK),beban,4585491404.0,5526858645.0
cm_2023_biaya_tenaga_kerja_lainnya_tunjangan_dana_pensiun_dplk_beban,snapshot_istantoro_2022_mar_2026,2023,annual,2023,,Biaya Tenaga Kerja Lainnya,Tunjangan Dana Pensiun (DPLK),beban,4082510808.0,6441823390.0
cm_2024_biaya_tenaga_kerja_lainnya_tunjangan_dana_pensiun_dplk_beban,snapshot_istantoro_2022_mar_2026,2024,annual,2024,,Biaya Tenaga Kerja Lainnya,Tunjangan Dana Pensiun (DPLK),beban,4344687931.0,6945364436.0
cm_2025_biaya_tenaga_kerja_lainnya_tunjangan_dana_pensiun_dplk_beban,snapshot_istantoro_2022_mar_2026,2025,annual,2025,,Biaya Tenaga Kerja Lainnya,Tunjangan Dana Pensiun (DPLK),beban,4377855513.0,6815987436.0
cm_2025_01_biaya_tenaga_kerja_lainnya_tunjangan_dana_pensiun_dplk_beban,snapshot_istantoro_2022_mar_2026,2025-01,monthly,2025,1.0,Biaya Tenaga Kerja Lainnya,Tunjangan Dana Pensiun (DPLK),beban,337300181.0,591576134.0
cm_2025_02_biaya_tenaga_kerja_lainnya_tunjangan_dana_pensiun_dplk_beban,snapshot_istantoro_2022_mar_2026,2025-02,monthly,2025,2.0,Biaya Tenaga Kerja Lainnya,Tunjangan Dana Pensiun (DPLK),beban,326768388.0,570396961.0
cm_2025_03_biaya_tenaga_kerja_lainnya_tunjangan_dana_pensiun_dplk_beban,snapshot_istantoro_2022_mar_2026,2025-03,monthly,2025,3.0,Biaya Tenaga Kerja Lainnya,Tunjangan Dana Pensiun (DPLK),beban,349372105.0,576752029.0
cm_2025_04_biaya_tenaga_kerja_lainnya_tunjangan_dana_pensiun_dplk_beban,snapshot_istantoro_2022_mar_2026,2025-04,monthly,2025,4.0,Biaya Tenaga Kerja Lainnya,Tunjangan Dana Pensiun (DPLK),beban,362969406.0,584795866.0
cm_2025_05_biaya_tenaga_kerja_lainnya_tunjangan_dana_pensiun_dplk_beban,snapshot_istantoro_2022_mar_2026,2025-05,monthly,2025,5.0,Biaya Tenaga Kerja Lainnya,Tunjangan Dana Pensiun (DPLK),beban,371378218.0,585914588.0
cm_2025_06_biaya_tenaga_kerja_lainnya_tunjangan_dana_pensiun_dplk_beban,snapshot_istantoro_2022_mar_2026,2025-06,monthly,2025,6.0,Biaya Tenaga Kerja Lainnya,Tunjangan Dana Pensiun (DPLK),beban,349704887.0,587181126.0
cm_2025_07_biaya_tenaga_kerja_lainnya_tunjangan_dana_pensiun_dplk_beban,snapshot_istantoro_2022_mar_2026,2025-07,monthly,2025,7.0,Biaya Tenaga Kerja Lainnya,Tunjangan Dana Pensiun (DPLK),beban,365487047.0,571971170.0
cm_2025_08_biaya_tenaga_kerja_lainnya_tunjangan_dana_pensiun_dplk_beban,snapshot_istantoro_2022_mar_2026,2025-08,monthly,2025,8.0,Biaya Tenaga Kerja Lainnya,Tunjangan Dana Pensiun (DPLK),beban,366196491.0,579447211.0
cm_2025_09_biaya_tenaga_kerja_lainnya_tunjangan_dana_pensiun_dplk_beban,snapshot_istantoro_2022_mar_2026,2025-09,monthly,2025,9.0,Biaya Tenaga Kerja Lainnya,Tunjangan Dana Pensiun (DPLK),beban,360158498.0,587762836.0
cm_2025_10_biaya_tenaga_kerja_lainnya_tunjangan_dana_pensiun_dplk_beban,snapshot_istantoro_2022_mar_2026,2025-10,monthly,2025,10.0,Biaya Tenaga Kerja Lainnya,Tunjangan Dana Pensiun (DPLK),beban,364010095.0,600111583.0
cm_2025_11_biaya_tenaga_kerja_lainnya_tunjangan_dana_pensiun_dplk_beban,snapshot_istantoro_2022_mar_2026,2025-11,monthly,2025,11.0,Biaya Tenaga Kerja Lainnya,Tunjangan Dana Pensiun (DPLK),beban,365726229.0,591630284.0
cm_2025_12_biaya_tenaga_kerja_lainnya_tunjangan_dana_pensiun_dplk_beban,snapshot_istantoro_2022_mar_2026,2025-12,monthly,2025,12.0,Biaya Tenaga Kerja Lainnya,Tunjangan Dana Pensiun (DPLK),beban,361394733.0,598458133.0
cm_2026_01_biaya_tenaga_kerja_lainnya_tunjangan_dana_pensiun_dplk_beban,snapshot_istantoro_2022_mar_2026,2026-01,monthly,2026,1.0,Biaya Tenaga Kerja Lainnya,Tunjangan Dana Pensiun (DPLK),beban,344732011.0,537190904.0
cm_2026_02_biaya_tenaga_kerja_lainnya_tunjangan_dana_pensiun_dplk_beban,snapshot_istantoro_2022_mar_2026,2026-02,monthly,2026,2.0,Biaya Tenaga Kerja Lainnya,Tunjangan Dana Pensiun (DPLK),beban,358053334.0,531780716.0
cm_2026_03_biaya_tenaga_kerja_lainnya_tunjangan_dana_pensiun_dplk_beban,snapshot_istantoro_2022_mar_2026,2026-03,monthly,2026,3.0,Biaya Tenaga Kerja Lainnya,Tunjangan Dana Pensiun (DPLK),beban,342549905.0,519097551.0
cm_2022_biaya_tenaga_kerja_lainnya_tunjangan_jamsostek_beban,snapshot_istantoro_2022_mar_2026,2022,annual,2022,,Biaya Tenaga Kerja Lainnya,Tunjangan Jamsostek,beban,1937798295.0,2036959187.0
cm_2023_biaya_tenaga_kerja_lainnya_tunjangan_jamsostek_beban,snapshot_istantoro_2022_mar_2026,2023,annual,2023,,Biaya Tenaga Kerja Lainnya,Tunjangan Jamsostek,beban,1781919506.0,2168830380.0
cm_2024_biaya_tenaga_kerja_lainnya_tunjangan_jamsostek_beban,snapshot_istantoro_2022_mar_2026,2024,annual,2024,,Biaya Tenaga Kerja Lainnya,Tunjangan Jamsostek,beban,2171820625.0,2654203728.0
cm_2025_biaya_tenaga_kerja_lainnya_tunjangan_jamsostek_beban,snapshot_istantoro_2022_mar_2026,2025,annual,2025,,Biaya Tenaga Kerja Lainnya,Tunjangan Jamsostek,beban,2379090278.0,2750572284.0
cm_2025_01_biaya_tenaga_kerja_lainnya_tunjangan_jamsostek_beban,snapshot_istantoro_2022_mar_2026,2025-01,monthly,2025,1.0,Biaya Tenaga Kerja Lainnya,Tunjangan Jamsostek,beban,184962054.0,229749269.0
cm_2025_02_biaya_tenaga_kerja_lainnya_tunjangan_jamsostek_beban,snapshot_istantoro_2022_mar_2026,2025-02,monthly,2025,2.0,Biaya Tenaga Kerja Lainnya,Tunjangan Jamsostek,beban,198946698.0,227076631.0
cm_2025_03_biaya_tenaga_kerja_lainnya_tunjangan_jamsostek_beban,snapshot_istantoro_2022_mar_2026,2025-03,monthly,2025,3.0,Biaya Tenaga Kerja Lainnya,Tunjangan Jamsostek,beban,204100890.0,229620684.0
cm_2025_04_biaya_tenaga_kerja_lainnya_tunjangan_jamsostek_beban,snapshot_istantoro_2022_mar_2026,2025-04,monthly,2025,4.0,Biaya Tenaga Kerja Lainnya,Tunjangan Jamsostek,beban,189051394.0,225192894.0
cm_2025_05_biaya_tenaga_kerja_lainnya_tunjangan_jamsostek_beban,snapshot_istantoro_2022_mar_2026,2025-05,monthly,2025,5.0,Biaya Tenaga Kerja Lainnya,Tunjangan Jamsostek,beban,212972917.0,233554512.0
cm_2025_06_biaya_tenaga_kerja_lainnya_tunjangan_jamsostek_beban,snapshot_istantoro_2022_mar_2026,2025-06,monthly,2025,6.0,Biaya Tenaga Kerja Lainnya,Tunjangan Jamsostek,beban,204162014.0,225030801.0
cm_2025_07_biaya_tenaga_kerja_lainnya_tunjangan_jamsostek_beban,snapshot_istantoro_2022_mar_2026,2025-07,monthly,2025,7.0,Biaya Tenaga Kerja Lainnya,Tunjangan Jamsostek,beban,197290709.0,223643515.0
cm_2025_08_biaya_tenaga_kerja_lainnya_tunjangan_jamsostek_beban,snapshot_istantoro_2022_mar_2026,2025-08,monthly,2025,8.0,Biaya Tenaga Kerja Lainnya,Tunjangan Jamsostek,beban,192482678.0,228477579.0
cm_2025_09_biaya_tenaga_kerja_lainnya_tunjangan_jamsostek_beban,snapshot_istantoro_2022_mar_2026,2025-09,monthly,2025,9.0,Biaya Tenaga Kerja Lainnya,Tunjangan Jamsostek,beban,201444016.0,231533432.0
cm_2025_10_biaya_tenaga_kerja_lainnya_tunjangan_jamsostek_beban,snapshot_istantoro_2022_mar_2026,2025-10,monthly,2025,10.0,Biaya Tenaga Kerja Lainnya,Tunjangan Jamsostek,beban,210405258.0,228497820.0
cm_2025_11_biaya_tenaga_kerja_lainnya_tunjangan_jamsostek_beban,snapshot_istantoro_2022_mar_2026,2025-11,monthly,2025,11.0,Biaya Tenaga Kerja Lainnya,Tunjangan Jamsostek,beban,212151888.0,226282764.0
cm_2025_12_biaya_tenaga_kerja_lainnya_tunjangan_jamsostek_beban,snapshot_istantoro_2022_mar_2026,2025-12,monthly,2025,12.0,Biaya Tenaga Kerja Lainnya,Tunjangan Jamsostek,beban,204305831.0,230155427.0
cm_2026_01_biaya_tenaga_kerja_lainnya_tunjangan_jamsostek_beban,snapshot_istantoro_2022_mar_2026,2026-01,monthly,2026,1.0,Biaya Tenaga Kerja Lainnya,Tunjangan Jamsostek,beban,205764372.0,226552676.0
cm_2026_02_biaya_tenaga_kerja_lainnya_tunjangan_jamsostek_beban,snapshot_istantoro_2022_mar_2026,2026-02,monthly,2026,2.0,Biaya Tenaga Kerja Lainnya,Tunjangan Jamsostek,beban,213005607.0,234590222.0
cm_2026_03_biaya_tenaga_kerja_lainnya_tunjangan_jamsostek_beban,snapshot_istantoro_2022_mar_2026,2026-03,monthly,2026,3.0,Biaya Tenaga Kerja Lainnya,Tunjangan Jamsostek,beban,208917486.0,234449978.0
cm_2022_biaya_tenaga_kerja_lainnya_bantuan_uang_duka_beban,snapshot_istantoro_2022_mar_2026,2022,annual,2022,,Biaya Tenaga Kerja Lainnya,Bantuan Uang Duka,beban,55157315.0,24003415.0
cm_2023_biaya_tenaga_kerja_lainnya_bantuan_uang_duka_beban,snapshot_istantoro_2022_mar_2026,2023,annual,2023,,Biaya Tenaga Kerja Lainnya,Bantuan Uang Duka,beban,31788265.0,108864034.0
cm_2024_biaya_tenaga_kerja_lainnya_bantuan_uang_duka_beban,snapshot_istantoro_2022_mar_2026,2024,annual,2024,,Biaya Tenaga Kerja Lainnya,Bantuan Uang Duka,beban,17515921.0,133878089.0
cm_2025_biaya_tenaga_kerja_lainnya_bantuan_uang_duka_beban,snapshot_istantoro_2022_mar_2026,2025,annual,2025,,Biaya Tenaga Kerja Lainnya,Bantuan Uang Duka,beban,46722942.0,97220278.0
cm_2025_01_biaya_tenaga_kerja_lainnya_bantuan_uang_duka_beban,snapshot_istantoro_2022_mar_2026,2025-01,monthly,2025,1.0,Biaya Tenaga Kerja Lainnya,Bantuan Uang Duka,beban,643832.0,8320718.0
cm_2025_02_biaya_tenaga_kerja_lainnya_bantuan_uang_duka_beban,snapshot_istantoro_2022_mar_2026,2025-02,monthly,2025,2.0,Biaya Tenaga Kerja Lainnya,Bantuan Uang Duka,beban,624367.0,8251495.0
cm_2025_03_biaya_tenaga_kerja_lainnya_bantuan_uang_duka_beban,snapshot_istantoro_2022_mar_2026,2025-03,monthly,2025,3.0,Biaya Tenaga Kerja Lainnya,Bantuan Uang Duka,beban,0.0,8543601.0
cm_2025_04_biaya_tenaga_kerja_lainnya_bantuan_uang_duka_beban,snapshot_istantoro_2022_mar_2026,2025-04,monthly,2025,4.0,Biaya Tenaga Kerja Lainnya,Bantuan Uang Duka,beban,9232206.0,8089335.0
cm_2025_05_biaya_tenaga_kerja_lainnya_bantuan_uang_duka_beban,snapshot_istantoro_2022_mar_2026,2025-05,monthly,2025,5.0,Biaya Tenaga Kerja Lainnya,Bantuan Uang Duka,beban,29929311.0,8359741.0
cm_2025_06_biaya_tenaga_kerja_lainnya_bantuan_uang_duka_beban,snapshot_istantoro_2022_mar_2026,2025-06,monthly,2025,6.0,Biaya Tenaga Kerja Lainnya,Bantuan Uang Duka,beban,0.0,8453665.0
cm_2025_07_biaya_tenaga_kerja_lainnya_bantuan_uang_duka_beban,snapshot_istantoro_2022_mar_2026,2025-07,monthly,2025,7.0,Biaya Tenaga Kerja Lainnya,Bantuan Uang Duka,beban,3890412.0,8325842.0
cm_2025_08_biaya_tenaga_kerja_lainnya_bantuan_uang_duka_beban,snapshot_istantoro_2022_mar_2026,2025-08,monthly,2025,8.0,Biaya Tenaga Kerja Lainnya,Bantuan Uang Duka,beban,0.0,8126035.0
cm_2025_09_biaya_tenaga_kerja_lainnya_bantuan_uang_duka_beban,snapshot_istantoro_2022_mar_2026,2025-09,monthly,2025,9.0,Biaya Tenaga Kerja Lainnya,Bantuan Uang Duka,beban,0.0,8569564.0
cm_2025_10_biaya_tenaga_kerja_lainnya_bantuan_uang_duka_beban,snapshot_istantoro_2022_mar_2026,2025-10,monthly,2025,10.0,Biaya Tenaga Kerja Lainnya,Bantuan Uang Duka,beban,0.0,8342339.0
cm_2025_11_biaya_tenaga_kerja_lainnya_bantuan_uang_duka_beban,snapshot_istantoro_2022_mar_2026,2025-11,monthly,2025,11.0,Biaya Tenaga Kerja Lainnya,Bantuan Uang Duka,beban,0.0,8390426.0
cm_2025_12_biaya_tenaga_kerja_lainnya_bantuan_uang_duka_beban,snapshot_istantoro_2022_mar_2026,2025-12,monthly,2025,12.0,Biaya Tenaga Kerja Lainnya,Bantuan Uang Duka,beban,152107.0,8201638.0
cm_2026_01_biaya_tenaga_kerja_lainnya_bantuan_uang_duka_beban,snapshot_istantoro_2022_mar_2026,2026-01,monthly,2026,1.0,Biaya Tenaga Kerja Lainnya,Bantuan Uang Duka,beban,0.0,5699601.0
cm_2026_02_biaya_tenaga_kerja_lainnya_bantuan_uang_duka_beban,snapshot_istantoro_2022_mar_2026,2026-02,monthly,2026,2.0,Biaya Tenaga Kerja Lainnya,Bantuan Uang Duka,beban,15718472.0,5680997.0
cm_2026_03_biaya_tenaga_kerja_lainnya_bantuan_uang_duka_beban,snapshot_istantoro_2022_mar_2026,2026-03,monthly,2026,3.0,Biaya Tenaga Kerja Lainnya,Bantuan Uang Duka,beban,0.0,5559730.0
cm_2022_biaya_tenaga_kerja_lainnya_tunjangan_hari_raya_keagamaan_beban,snapshot_istantoro_2022_mar_2026,2022,annual,2022,,Biaya Tenaga Kerja Lainnya,Tunjangan Hari Raya Keagamaan,beban,15102439487.0,9337666115.0
cm_2023_biaya_tenaga_kerja_lainnya_tunjangan_hari_raya_keagamaan_beban,snapshot_istantoro_2022_mar_2026,2023,annual,2023,,Biaya Tenaga Kerja Lainnya,Tunjangan Hari Raya Keagamaan,beban,10690899924.0,10733038161.0
cm_2024_biaya_tenaga_kerja_lainnya_tunjangan_hari_raya_keagamaan_beban,snapshot_istantoro_2022_mar_2026,2024,annual,2024,,Biaya Tenaga Kerja Lainnya,Tunjangan Hari Raya Keagamaan,beban,732093206.0,9131898031.0
cm_2025_biaya_tenaga_kerja_lainnya_tunjangan_hari_raya_keagamaan_beban,snapshot_istantoro_2022_mar_2026,2025,annual,2025,,Biaya Tenaga Kerja Lainnya,Tunjangan Hari Raya Keagamaan,beban,8321343429.0,9472621987.0
cm_2025_01_biaya_tenaga_kerja_lainnya_tunjangan_hari_raya_keagamaan_beban,snapshot_istantoro_2022_mar_2026,2025-01,monthly,2025,1.0,Biaya Tenaga Kerja Lainnya,Tunjangan Hari Raya Keagamaan,beban,0.0,804339209.0
cm_2025_02_biaya_tenaga_kerja_lainnya_tunjangan_hari_raya_keagamaan_beban,snapshot_istantoro_2022_mar_2026,2025-02,monthly,2025,2.0,Biaya Tenaga Kerja Lainnya,Tunjangan Hari Raya Keagamaan,beban,0.0,817068260.0
cm_2025_03_biaya_tenaga_kerja_lainnya_tunjangan_hari_raya_keagamaan_beban,snapshot_istantoro_2022_mar_2026,2025-03,monthly,2025,3.0,Biaya Tenaga Kerja Lainnya,Tunjangan Hari Raya Keagamaan,beban,839793832.0,782967863.0
cm_2025_04_biaya_tenaga_kerja_lainnya_tunjangan_hari_raya_keagamaan_beban,snapshot_istantoro_2022_mar_2026,2025-04,monthly,2025,4.0,Biaya Tenaga Kerja Lainnya,Tunjangan Hari Raya Keagamaan,beban,500154198.0,807807935.0
cm_2025_05_biaya_tenaga_kerja_lainnya_tunjangan_hari_raya_keagamaan_beban,snapshot_istantoro_2022_mar_2026,2025-05,monthly,2025,5.0,Biaya Tenaga Kerja Lainnya,Tunjangan Hari Raya Keagamaan,beban,746201231.0,785730626.0
cm_2025_06_biaya_tenaga_kerja_lainnya_tunjangan_hari_raya_keagamaan_beban,snapshot_istantoro_2022_mar_2026,2025-06,monthly,2025,6.0,Biaya Tenaga Kerja Lainnya,Tunjangan Hari Raya Keagamaan,beban,1159874451.0,781738287.0
cm_2025_07_biaya_tenaga_kerja_lainnya_tunjangan_hari_raya_keagamaan_beban,snapshot_istantoro_2022_mar_2026,2025-07,monthly,2025,7.0,Biaya Tenaga Kerja Lainnya,Tunjangan Hari Raya Keagamaan,beban,4492411316.0,782523874.0
cm_2025_08_biaya_tenaga_kerja_lainnya_tunjangan_hari_raya_keagamaan_beban,snapshot_istantoro_2022_mar_2026,2025-08,monthly,2025,8.0,Biaya Tenaga Kerja Lainnya,Tunjangan Hari Raya Keagamaan,beban,957177581.0,820224377.0
cm_2025_09_biaya_tenaga_kerja_lainnya_tunjangan_hari_raya_keagamaan_beban,snapshot_istantoro_2022_mar_2026,2025-09,monthly,2025,9.0,Biaya Tenaga Kerja Lainnya,Tunjangan Hari Raya Keagamaan,beban,0.0,785670899.0
cm_2025_10_biaya_tenaga_kerja_lainnya_tunjangan_hari_raya_keagamaan_beban,snapshot_istantoro_2022_mar_2026,2025-10,monthly,2025,10.0,Biaya Tenaga Kerja Lainnya,Tunjangan Hari Raya Keagamaan,beban,0.0,782157561.0
cm_2025_11_biaya_tenaga_kerja_lainnya_tunjangan_hari_raya_keagamaan_beban,snapshot_istantoro_2022_mar_2026,2025-11,monthly,2025,11.0,Biaya Tenaga Kerja Lainnya,Tunjangan Hari Raya Keagamaan,beban,0.0,801106160.0
cm_2025_12_biaya_tenaga_kerja_lainnya_tunjangan_hari_raya_keagamaan_beban,snapshot_istantoro_2022_mar_2026,2025-12,monthly,2025,12.0,Biaya Tenaga Kerja Lainnya,Tunjangan Hari Raya Keagamaan,beban,2036523.0,820698605.0
cm_2026_01_biaya_tenaga_kerja_lainnya_tunjangan_hari_raya_keagamaan_beban,snapshot_istantoro_2022_mar_2026,2026-01,monthly,2026,1.0,Biaya Tenaga Kerja Lainnya,Tunjangan Hari Raya Keagamaan,beban,860422628.0,870624988.0
cm_2026_02_biaya_tenaga_kerja_lainnya_tunjangan_hari_raya_keagamaan_beban,snapshot_istantoro_2022_mar_2026,2026-02,monthly,2026,2.0,Biaya Tenaga Kerja Lainnya,Tunjangan Hari Raya Keagamaan,beban,902112256.0,879066988.0
cm_2026_03_biaya_tenaga_kerja_lainnya_tunjangan_hari_raya_keagamaan_beban,snapshot_istantoro_2022_mar_2026,2026-03,monthly,2026,3.0,Biaya Tenaga Kerja Lainnya,Tunjangan Hari Raya Keagamaan,beban,911702402.0,858834809.0
cm_2022_biaya_tenaga_kerja_lainnya_bpjs_kesehatan_beban,snapshot_istantoro_2022_mar_2026,2022,annual,2022,,Biaya Tenaga Kerja Lainnya,BPJS Kesehatan,beban,1361284599.0,1370566689.0
cm_2023_biaya_tenaga_kerja_lainnya_bpjs_kesehatan_beban,snapshot_istantoro_2022_mar_2026,2023,annual,2023,,Biaya Tenaga Kerja Lainnya,BPJS Kesehatan,beban,1365130349.0,1383601268.0
cm_2024_biaya_tenaga_kerja_lainnya_bpjs_kesehatan_beban,snapshot_istantoro_2022_mar_2026,2024,annual,2024,,Biaya Tenaga Kerja Lainnya,BPJS Kesehatan,beban,1633387215.0,1698210298.0
cm_2025_biaya_tenaga_kerja_lainnya_bpjs_kesehatan_beban,snapshot_istantoro_2022_mar_2026,2025,annual,2025,,Biaya Tenaga Kerja Lainnya,BPJS Kesehatan,beban,1555002012.0,1663703568.0
cm_2025_01_biaya_tenaga_kerja_lainnya_bpjs_kesehatan_beban,snapshot_istantoro_2022_mar_2026,2025-01,monthly,2025,1.0,Biaya Tenaga Kerja Lainnya,BPJS Kesehatan,beban,121199927.0,138500008.0
cm_2025_02_biaya_tenaga_kerja_lainnya_bpjs_kesehatan_beban,snapshot_istantoro_2022_mar_2026,2025-02,monthly,2025,2.0,Biaya Tenaga Kerja Lainnya,BPJS Kesehatan,beban,127478513.0,136744540.0
cm_2025_03_biaya_tenaga_kerja_lainnya_bpjs_kesehatan_beban,snapshot_istantoro_2022_mar_2026,2025-03,monthly,2025,3.0,Biaya Tenaga Kerja Lainnya,BPJS Kesehatan,beban,137518993.0,138930789.0
cm_2025_04_biaya_tenaga_kerja_lainnya_bpjs_kesehatan_beban,snapshot_istantoro_2022_mar_2026,2025-04,monthly,2025,4.0,Biaya Tenaga Kerja Lainnya,BPJS Kesehatan,beban,130303624.0,136684635.0
cm_2025_05_biaya_tenaga_kerja_lainnya_bpjs_kesehatan_beban,snapshot_istantoro_2022_mar_2026,2025-05,monthly,2025,5.0,Biaya Tenaga Kerja Lainnya,BPJS Kesehatan,beban,184128802.0,142290290.0
cm_2025_06_biaya_tenaga_kerja_lainnya_bpjs_kesehatan_beban,snapshot_istantoro_2022_mar_2026,2025-06,monthly,2025,6.0,Biaya Tenaga Kerja Lainnya,BPJS Kesehatan,beban,126074420.0,143968189.0
cm_2025_07_biaya_tenaga_kerja_lainnya_bpjs_kesehatan_beban,snapshot_istantoro_2022_mar_2026,2025-07,monthly,2025,7.0,Biaya Tenaga Kerja Lainnya,BPJS Kesehatan,beban,117246547.0,144000121.0
cm_2025_08_biaya_tenaga_kerja_lainnya_bpjs_kesehatan_beban,snapshot_istantoro_2022_mar_2026,2025-08,monthly,2025,8.0,Biaya Tenaga Kerja Lainnya,BPJS Kesehatan,beban,135773114.0,143117778.0
cm_2025_09_biaya_tenaga_kerja_lainnya_bpjs_kesehatan_beban,snapshot_istantoro_2022_mar_2026,2025-09,monthly,2025,9.0,Biaya Tenaga Kerja Lainnya,BPJS Kesehatan,beban,125717576.0,140897040.0
cm_2025_10_biaya_tenaga_kerja_lainnya_bpjs_kesehatan_beban,snapshot_istantoro_2022_mar_2026,2025-10,monthly,2025,10.0,Biaya Tenaga Kerja Lainnya,BPJS Kesehatan,beban,121035466.0,141737959.0
cm_2025_11_biaya_tenaga_kerja_lainnya_bpjs_kesehatan_beban,snapshot_istantoro_2022_mar_2026,2025-11,monthly,2025,11.0,Biaya Tenaga Kerja Lainnya,BPJS Kesehatan,beban,134677455.0,138245167.0
cm_2025_12_biaya_tenaga_kerja_lainnya_bpjs_kesehatan_beban,snapshot_istantoro_2022_mar_2026,2025-12,monthly,2025,12.0,Biaya Tenaga Kerja Lainnya,BPJS Kesehatan,beban,126656699.0,141148948.0
cm_2026_01_biaya_tenaga_kerja_lainnya_bpjs_kesehatan_beban,snapshot_istantoro_2022_mar_2026,2026-01,monthly,2026,1.0,Biaya Tenaga Kerja Lainnya,BPJS Kesehatan,beban,129893619.0,155218025.0
cm_2026_02_biaya_tenaga_kerja_lainnya_bpjs_kesehatan_beban,snapshot_istantoro_2022_mar_2026,2026-02,monthly,2026,2.0,Biaya Tenaga Kerja Lainnya,BPJS Kesehatan,beban,152493953.0,155464246.0
cm_2026_03_biaya_tenaga_kerja_lainnya_bpjs_kesehatan_beban,snapshot_istantoro_2022_mar_2026,2026-03,monthly,2026,3.0,Biaya Tenaga Kerja Lainnya,BPJS Kesehatan,beban,126784484.0,158039266.0
cm_2022_biaya_tenaga_kerja_lainnya_reimbursement_pengobatan_non_rutin_pekerja_organik_beban,snapshot_istantoro_2022_mar_2026,2022,annual,2022,,Biaya Tenaga Kerja Lainnya,Reimbursement Pengobatan Non Rutin Pekerja Organik,beban,2016171006.0,1891299427.0
cm_2023_biaya_tenaga_kerja_lainnya_reimbursement_pengobatan_non_rutin_pekerja_organik_beban,snapshot_istantoro_2022_mar_2026,2023,annual,2023,,Biaya Tenaga Kerja Lainnya,Reimbursement Pengobatan Non Rutin Pekerja Organik,beban,2589695891.0,2695150568.0
cm_2024_biaya_tenaga_kerja_lainnya_reimbursement_pengobatan_non_rutin_pekerja_organik_beban,snapshot_istantoro_2022_mar_2026,2024,annual,2024,,Biaya Tenaga Kerja Lainnya,Reimbursement Pengobatan Non Rutin Pekerja Organik,beban,1608225938.0,2730500603.0
cm_2025_biaya_tenaga_kerja_lainnya_reimbursement_pengobatan_non_rutin_pekerja_organik_beban,snapshot_istantoro_2022_mar_2026,2025,annual,2025,,Biaya Tenaga Kerja Lainnya,Reimbursement Pengobatan Non Rutin Pekerja Organik,beban,1539757383.0,2819125090.0
cm_2025_01_biaya_tenaga_kerja_lainnya_reimbursement_pengobatan_non_rutin_pekerja_organik_beban,snapshot_istantoro_2022_mar_2026,2025-01,monthly,2025,1.0,Biaya Tenaga Kerja Lainnya,Reimbursement Pengobatan Non Rutin Pekerja Organik,beban,147244052.0,241145467.0
cm_2025_02_biaya_tenaga_kerja_lainnya_reimbursement_pengobatan_non_rutin_pekerja_organik_beban,snapshot_istantoro_2022_mar_2026,2025-02,monthly,2025,2.0,Biaya Tenaga Kerja Lainnya,Reimbursement Pengobatan Non Rutin Pekerja Organik,beban,144028386.0,247331355.0
cm_2025_03_biaya_tenaga_kerja_lainnya_reimbursement_pengobatan_non_rutin_pekerja_organik_beban,snapshot_istantoro_2022_mar_2026,2025-03,monthly,2025,3.0,Biaya Tenaga Kerja Lainnya,Reimbursement Pengobatan Non Rutin Pekerja Organik,beban,147903509.0,242951690.0
cm_2025_04_biaya_tenaga_kerja_lainnya_reimbursement_pengobatan_non_rutin_pekerja_organik_beban,snapshot_istantoro_2022_mar_2026,2025-04,monthly,2025,4.0,Biaya Tenaga Kerja Lainnya,Reimbursement Pengobatan Non Rutin Pekerja Organik,beban,146555899.0,242025531.0
cm_2025_05_biaya_tenaga_kerja_lainnya_reimbursement_pengobatan_non_rutin_pekerja_organik_beban,snapshot_istantoro_2022_mar_2026,2025-05,monthly,2025,5.0,Biaya Tenaga Kerja Lainnya,Reimbursement Pengobatan Non Rutin Pekerja Organik,beban,249624455.0,237729493.0
cm_2025_06_biaya_tenaga_kerja_lainnya_reimbursement_pengobatan_non_rutin_pekerja_organik_beban,snapshot_istantoro_2022_mar_2026,2025-06,monthly,2025,6.0,Biaya Tenaga Kerja Lainnya,Reimbursement Pengobatan Non Rutin Pekerja Organik,beban,147200219.0,239083939.0
cm_2025_07_biaya_tenaga_kerja_lainnya_reimbursement_pengobatan_non_rutin_pekerja_organik_beban,snapshot_istantoro_2022_mar_2026,2025-07,monthly,2025,7.0,Biaya Tenaga Kerja Lainnya,Reimbursement Pengobatan Non Rutin Pekerja Organik,beban,0.0,246451587.0
cm_2025_08_biaya_tenaga_kerja_lainnya_reimbursement_pengobatan_non_rutin_pekerja_organik_beban,snapshot_istantoro_2022_mar_2026,2025-08,monthly,2025,8.0,Biaya Tenaga Kerja Lainnya,Reimbursement Pengobatan Non Rutin Pekerja Organik,beban,213982015.0,242211050.0
cm_2025_09_biaya_tenaga_kerja_lainnya_reimbursement_pengobatan_non_rutin_pekerja_organik_beban,snapshot_istantoro_2022_mar_2026,2025-09,monthly,2025,9.0,Biaya Tenaga Kerja Lainnya,Reimbursement Pengobatan Non Rutin Pekerja Organik,beban,0.0,241566985.0
cm_2025_10_biaya_tenaga_kerja_lainnya_reimbursement_pengobatan_non_rutin_pekerja_organik_beban,snapshot_istantoro_2022_mar_2026,2025-10,monthly,2025,10.0,Biaya Tenaga Kerja Lainnya,Reimbursement Pengobatan Non Rutin Pekerja Organik,beban,155878082.0,235554930.0
cm_2025_11_biaya_tenaga_kerja_lainnya_reimbursement_pengobatan_non_rutin_pekerja_organik_beban,snapshot_istantoro_2022_mar_2026,2025-11,monthly,2025,11.0,Biaya Tenaga Kerja Lainnya,Reimbursement Pengobatan Non Rutin Pekerja Organik,beban,149007261.0,234345002.0
cm_2025_12_biaya_tenaga_kerja_lainnya_reimbursement_pengobatan_non_rutin_pekerja_organik_beban,snapshot_istantoro_2022_mar_2026,2025-12,monthly,2025,12.0,Biaya Tenaga Kerja Lainnya,Reimbursement Pengobatan Non Rutin Pekerja Organik,beban,4383187.0,248068223.0
cm_2026_01_biaya_tenaga_kerja_lainnya_reimbursement_pengobatan_non_rutin_pekerja_organik_beban,snapshot_istantoro_2022_mar_2026,2026-01,monthly,2026,1.0,Biaya Tenaga Kerja Lainnya,Reimbursement Pengobatan Non Rutin Pekerja Organik,beban,0.0,245918752.0
cm_2026_02_biaya_tenaga_kerja_lainnya_reimbursement_pengobatan_non_rutin_pekerja_organik_beban,snapshot_istantoro_2022_mar_2026,2026-02,monthly,2026,2.0,Biaya Tenaga Kerja Lainnya,Reimbursement Pengobatan Non Rutin Pekerja Organik,beban,489415819.0,249281579.0
cm_2026_03_biaya_tenaga_kerja_lainnya_reimbursement_pengobatan_non_rutin_pekerja_organik_beban,snapshot_istantoro_2022_mar_2026,2026-03,monthly,2026,3.0,Biaya Tenaga Kerja Lainnya,Reimbursement Pengobatan Non Rutin Pekerja Organik,beban,259244740.0,241499865.0
cm_2022_biaya_tenaga_kerja_lainnya_biaya_imbalan_pasca_kerja_beban,snapshot_istantoro_2022_mar_2026,2022,annual,2022,,Biaya Tenaga Kerja Lainnya,Biaya Imbalan Pasca Kerja,beban,5904832532.0,11914969429.0
cm_2023_biaya_tenaga_kerja_lainnya_biaya_imbalan_pasca_kerja_beban,snapshot_istantoro_2022_mar_2026,2023,annual,2023,,Biaya Tenaga Kerja Lainnya,Biaya Imbalan Pasca Kerja,beban,5597475012.0,13300500519.0
cm_2024_biaya_tenaga_kerja_lainnya_biaya_imbalan_pasca_kerja_beban,snapshot_istantoro_2022_mar_2026,2024,annual,2024,,Biaya Tenaga Kerja Lainnya,Biaya Imbalan Pasca Kerja,beban,233834185.0,6529509449.0
cm_2025_biaya_tenaga_kerja_lainnya_biaya_imbalan_pasca_kerja_beban,snapshot_istantoro_2022_mar_2026,2025,annual,2025,,Biaya Tenaga Kerja Lainnya,Biaya Imbalan Pasca Kerja,beban,0.0,0.0
cm_2025_01_biaya_tenaga_kerja_lainnya_biaya_imbalan_pasca_kerja_beban,snapshot_istantoro_2022_mar_2026,2025-01,monthly,2025,1.0,Biaya Tenaga Kerja Lainnya,Biaya Imbalan Pasca Kerja,beban,0.0,0.0
cm_2025_02_biaya_tenaga_kerja_lainnya_biaya_imbalan_pasca_kerja_beban,snapshot_istantoro_2022_mar_2026,2025-02,monthly,2025,2.0,Biaya Tenaga Kerja Lainnya,Biaya Imbalan Pasca Kerja,beban,0.0,0.0
cm_2025_03_biaya_tenaga_kerja_lainnya_biaya_imbalan_pasca_kerja_beban,snapshot_istantoro_2022_mar_2026,2025-03,monthly,2025,3.0,Biaya Tenaga Kerja Lainnya,Biaya Imbalan Pasca Kerja,beban,0.0,0.0
cm_2025_04_biaya_tenaga_kerja_lainnya_biaya_imbalan_pasca_kerja_beban,snapshot_istantoro_2022_mar_2026,2025-04,monthly,2025,4.0,Biaya Tenaga Kerja Lainnya,Biaya Imbalan Pasca Kerja,beban,0.0,0.0
cm_2025_05_biaya_tenaga_kerja_lainnya_biaya_imbalan_pasca_kerja_beban,snapshot_istantoro_2022_mar_2026,2025-05,monthly,2025,5.0,Biaya Tenaga Kerja Lainnya,Biaya Imbalan Pasca Kerja,beban,0.0,0.0
cm_2025_06_biaya_tenaga_kerja_lainnya_biaya_imbalan_pasca_kerja_beban,snapshot_istantoro_2022_mar_2026,2025-06,monthly,2025,6.0,Biaya Tenaga Kerja Lainnya,Biaya Imbalan Pasca Kerja,beban,0.0,0.0
cm_2025_07_biaya_tenaga_kerja_lainnya_biaya_imbalan_pasca_kerja_beban,snapshot_istantoro_2022_mar_2026,2025-07,monthly,2025,7.0,Biaya Tenaga Kerja Lainnya,Biaya Imbalan Pasca Kerja,beban,0.0,0.0
cm_2025_08_biaya_tenaga_kerja_lainnya_biaya_imbalan_pasca_kerja_beban,snapshot_istantoro_2022_mar_2026,2025-08,monthly,2025,8.0,Biaya Tenaga Kerja Lainnya,Biaya Imbalan Pasca Kerja,beban,0.0,0.0
cm_2025_09_biaya_tenaga_kerja_lainnya_biaya_imbalan_pasca_kerja_beban,snapshot_istantoro_2022_mar_2026,2025-09,monthly,2025,9.0,Biaya Tenaga Kerja Lainnya,Biaya Imbalan Pasca Kerja,beban,0.0,0.0
cm_2025_10_biaya_tenaga_kerja_lainnya_biaya_imbalan_pasca_kerja_beban,snapshot_istantoro_2022_mar_2026,2025-10,monthly,2025,10.0,Biaya Tenaga Kerja Lainnya,Biaya Imbalan Pasca Kerja,beban,0.0,0.0
cm_2025_11_biaya_tenaga_kerja_lainnya_biaya_imbalan_pasca_kerja_beban,snapshot_istantoro_2022_mar_2026,2025-11,monthly,2025,11.0,Biaya Tenaga Kerja Lainnya,Biaya Imbalan Pasca Kerja,beban,0.0,0.0
cm_2025_12_biaya_tenaga_kerja_lainnya_biaya_imbalan_pasca_kerja_beban,snapshot_istantoro_2022_mar_2026,2025-12,monthly,2025,12.0,Biaya Tenaga Kerja Lainnya,Biaya Imbalan Pasca Kerja,beban,0.0,0.0
cm_2026_01_biaya_tenaga_kerja_lainnya_biaya_imbalan_pasca_kerja_beban,snapshot_istantoro_2022_mar_2026,2026-01,monthly,2026,1.0,Biaya Tenaga Kerja Lainnya,Biaya Imbalan Pasca Kerja,beban,0.0,0.0
cm_2026_02_biaya_tenaga_kerja_lainnya_biaya_imbalan_pasca_kerja_beban,snapshot_istantoro_2022_mar_2026,2026-02,monthly,2026,2.0,Biaya Tenaga Kerja Lainnya,Biaya Imbalan Pasca Kerja,beban,0.0,0.0
cm_2026_03_biaya_tenaga_kerja_lainnya_biaya_imbalan_pasca_kerja_beban,snapshot_istantoro_2022_mar_2026,2026-03,monthly,2026,3.0,Biaya Tenaga Kerja Lainnya,Biaya Imbalan Pasca Kerja,beban,0.0,0.0
cm_2022_biaya_tenaga_kerja_lainnya_bonus_beban,snapshot_istantoro_2022_mar_2026,2022,annual,2022,,Biaya Tenaga Kerja Lainnya,Bonus,beban,13115964904.0,12318558299.0
cm_2023_biaya_tenaga_kerja_lainnya_bonus_beban,snapshot_istantoro_2022_mar_2026,2023,annual,2023,,Biaya Tenaga Kerja Lainnya,Bonus,beban,15559321190.0,15190797471.0
cm_2024_biaya_tenaga_kerja_lainnya_bonus_beban,snapshot_istantoro_2022_mar_2026,2024,annual,2024,,Biaya Tenaga Kerja Lainnya,Bonus,beban,19939314833.0,20528606961.0
cm_2025_biaya_tenaga_kerja_lainnya_bonus_beban,snapshot_istantoro_2022_mar_2026,2025,annual,2025,,Biaya Tenaga Kerja Lainnya,Bonus,beban,14511774601.0,23485773550.0
cm_2025_01_biaya_tenaga_kerja_lainnya_bonus_beban,snapshot_istantoro_2022_mar_2026,2025-01,monthly,2025,1.0,Biaya Tenaga Kerja Lainnya,Bonus,beban,0.0,2013055032.0
cm_2025_02_biaya_tenaga_kerja_lainnya_bonus_beban,snapshot_istantoro_2022_mar_2026,2025-02,monthly,2025,2.0,Biaya Tenaga Kerja Lainnya,Bonus,beban,966695309.0,1985757511.0
cm_2025_03_biaya_tenaga_kerja_lainnya_bonus_beban,snapshot_istantoro_2022_mar_2026,2025-03,monthly,2025,3.0,Biaya Tenaga Kerja Lainnya,Bonus,beban,1021304605.0,2015347335.0
cm_2025_04_biaya_tenaga_kerja_lainnya_bonus_beban,snapshot_istantoro_2022_mar_2026,2025-04,monthly,2025,4.0,Biaya Tenaga Kerja Lainnya,Bonus,beban,573129978.0,1982784234.0
cm_2025_05_biaya_tenaga_kerja_lainnya_bonus_beban,snapshot_istantoro_2022_mar_2026,2025-05,monthly,2025,5.0,Biaya Tenaga Kerja Lainnya,Bonus,beban,1308255938.0,1924657326.0
cm_2025_06_biaya_tenaga_kerja_lainnya_bonus_beban,snapshot_istantoro_2022_mar_2026,2025-06,monthly,2025,6.0,Biaya Tenaga Kerja Lainnya,Bonus,beban,1590460857.0,1945725372.0
cm_2025_07_biaya_tenaga_kerja_lainnya_bonus_beban,snapshot_istantoro_2022_mar_2026,2025-07,monthly,2025,7.0,Biaya Tenaga Kerja Lainnya,Bonus,beban,1729382894.0,1932983632.0
cm_2025_08_biaya_tenaga_kerja_lainnya_bonus_beban,snapshot_istantoro_2022_mar_2026,2025-08,monthly,2025,8.0,Biaya Tenaga Kerja Lainnya,Bonus,beban,765190538.0,2016478370.0
cm_2025_09_biaya_tenaga_kerja_lainnya_bonus_beban,snapshot_istantoro_2022_mar_2026,2025-09,monthly,2025,9.0,Biaya Tenaga Kerja Lainnya,Bonus,beban,734853916.0,1998950403.0
cm_2025_10_biaya_tenaga_kerja_lainnya_bonus_beban,snapshot_istantoro_2022_mar_2026,2025-10,monthly,2025,10.0,Biaya Tenaga Kerja Lainnya,Bonus,beban,1440804738.0,1989030478.0
cm_2025_11_biaya_tenaga_kerja_lainnya_bonus_beban,snapshot_istantoro_2022_mar_2026,2025-11,monthly,2025,11.0,Biaya Tenaga Kerja Lainnya,Bonus,beban,1285227983.0,1944694974.0
cm_2025_12_biaya_tenaga_kerja_lainnya_bonus_beban,snapshot_istantoro_2022_mar_2026,2025-12,monthly,2025,12.0,Biaya Tenaga Kerja Lainnya,Bonus,beban,4057659689.0,1930887479.0
cm_2026_01_biaya_tenaga_kerja_lainnya_bonus_beban,snapshot_istantoro_2022_mar_2026,2026-01,monthly,2026,1.0,Biaya Tenaga Kerja Lainnya,Bonus,beban,1204270587.0,1280662944.0
cm_2026_02_biaya_tenaga_kerja_lainnya_bonus_beban,snapshot_istantoro_2022_mar_2026,2026-02,monthly,2026,2.0,Biaya Tenaga Kerja Lainnya,Bonus,beban,1243604675.0,1259300310.0
cm_2026_03_biaya_tenaga_kerja_lainnya_bonus_beban,snapshot_istantoro_2022_mar_2026,2026-03,monthly,2026,3.0,Biaya Tenaga Kerja Lainnya,Bonus,beban,1318870038.0,1240504944.0
cm_2022_biaya_tenaga_kerja_lainnya_insentive_beban,snapshot_istantoro_2022_mar_2026,2022,annual,2022,,Biaya Tenaga Kerja Lainnya,Insentive,beban,9495363644.0,7098118672.0
cm_2023_biaya_tenaga_kerja_lainnya_insentive_beban,snapshot_istantoro_2022_mar_2026,2023,annual,2023,,Biaya Tenaga Kerja Lainnya,Insentive,beban,9840354755.0,8557400323.0
cm_2024_biaya_tenaga_kerja_lainnya_insentive_beban,snapshot_istantoro_2022_mar_2026,2024,annual,2024,,Biaya Tenaga Kerja Lainnya,Insentive,beban,6173773755.0,10315008782.0
cm_2025_biaya_tenaga_kerja_lainnya_insentive_beban,snapshot_istantoro_2022_mar_2026,2025,annual,2025,,Biaya Tenaga Kerja Lainnya,Insentive,beban,5719911620.0,9767071806.0
cm_2025_01_biaya_tenaga_kerja_lainnya_insentive_beban,snapshot_istantoro_2022_mar_2026,2025-01,monthly,2025,1.0,Biaya Tenaga Kerja Lainnya,Insentive,beban,0.0,798236507.0
cm_2025_02_biaya_tenaga_kerja_lainnya_insentive_beban,snapshot_istantoro_2022_mar_2026,2025-02,monthly,2025,2.0,Biaya Tenaga Kerja Lainnya,Insentive,beban,246717679.0,839174095.0
cm_2025_03_biaya_tenaga_kerja_lainnya_insentive_beban,snapshot_istantoro_2022_mar_2026,2025-03,monthly,2025,3.0,Biaya Tenaga Kerja Lainnya,Insentive,beban,0.0,801227897.0
cm_2025_04_biaya_tenaga_kerja_lainnya_insentive_beban,snapshot_istantoro_2022_mar_2026,2025-04,monthly,2025,4.0,Biaya Tenaga Kerja Lainnya,Insentive,beban,0.0,797375125.0
cm_2025_05_biaya_tenaga_kerja_lainnya_insentive_beban,snapshot_istantoro_2022_mar_2026,2025-05,monthly,2025,5.0,Biaya Tenaga Kerja Lainnya,Insentive,beban,493490663.0,800955737.0
cm_2025_06_biaya_tenaga_kerja_lainnya_insentive_beban,snapshot_istantoro_2022_mar_2026,2025-06,monthly,2025,6.0,Biaya Tenaga Kerja Lainnya,Insentive,beban,716426627.0,828625616.0
cm_2025_07_biaya_tenaga_kerja_lainnya_insentive_beban,snapshot_istantoro_2022_mar_2026,2025-07,monthly,2025,7.0,Biaya Tenaga Kerja Lainnya,Insentive,beban,401894226.0,811816249.0
cm_2025_08_biaya_tenaga_kerja_lainnya_insentive_beban,snapshot_istantoro_2022_mar_2026,2025-08,monthly,2025,8.0,Biaya Tenaga Kerja Lainnya,Insentive,beban,743737832.0,818661733.0
cm_2025_09_biaya_tenaga_kerja_lainnya_insentive_beban,snapshot_istantoro_2022_mar_2026,2025-09,monthly,2025,9.0,Biaya Tenaga Kerja Lainnya,Insentive,beban,774163492.0,792025180.0
cm_2025_10_biaya_tenaga_kerja_lainnya_insentive_beban,snapshot_istantoro_2022_mar_2026,2025-10,monthly,2025,10.0,Biaya Tenaga Kerja Lainnya,Insentive,beban,1293793500.0,792681894.0
cm_2025_11_biaya_tenaga_kerja_lainnya_insentive_beban,snapshot_istantoro_2022_mar_2026,2025-11,monthly,2025,11.0,Biaya Tenaga Kerja Lainnya,Insentive,beban,1213999257.0,812810454.0
cm_2025_12_biaya_tenaga_kerja_lainnya_insentive_beban,snapshot_istantoro_2022_mar_2026,2025-12,monthly,2025,12.0,Biaya Tenaga Kerja Lainnya,Insentive,beban,0.0,830954285.0
cm_2026_01_biaya_tenaga_kerja_lainnya_insentive_beban,snapshot_istantoro_2022_mar_2026,2026-01,monthly,2026,1.0,Biaya Tenaga Kerja Lainnya,Insentive,beban,0.0,0.0
cm_2026_02_biaya_tenaga_kerja_lainnya_insentive_beban,snapshot_istantoro_2022_mar_2026,2026-02,monthly,2026,2.0,Biaya Tenaga Kerja Lainnya,Insentive,beban,0.0,0.0
cm_2026_03_biaya_tenaga_kerja_lainnya_insentive_beban,snapshot_istantoro_2022_mar_2026,2026-03,monthly,2026,3.0,Biaya Tenaga Kerja Lainnya,Insentive,beban,0.0,0.0
cm_2022_biaya_tenaga_kerja_lainnya_biaya_kompensasi_beban,snapshot_istantoro_2022_mar_2026,2022,annual,2022,,Biaya Tenaga Kerja Lainnya,Biaya Kompensasi,beban,0.0,1534671499.0
cm_2023_biaya_tenaga_kerja_lainnya_biaya_kompensasi_beban,snapshot_istantoro_2022_mar_2026,2023,annual,2023,,Biaya Tenaga Kerja Lainnya,Biaya Kompensasi,beban,4443784231.0,1462803591.0
cm_2024_biaya_tenaga_kerja_lainnya_biaya_kompensasi_beban,snapshot_istantoro_2022_mar_2026,2024,annual,2024,,Biaya Tenaga Kerja Lainnya,Biaya Kompensasi,beban,1537605713.0,1159761392.0
cm_2025_biaya_tenaga_kerja_lainnya_biaya_kompensasi_beban,snapshot_istantoro_2022_mar_2026,2025,annual,2025,,Biaya Tenaga Kerja Lainnya,Biaya Kompensasi,beban,1046275569.0,1528458404.0
cm_2025_01_biaya_tenaga_kerja_lainnya_biaya_kompensasi_beban,snapshot_istantoro_2022_mar_2026,2025-01,monthly,2025,1.0,Biaya Tenaga Kerja Lainnya,Biaya Kompensasi,beban,0.0,123454485.0
cm_2025_02_biaya_tenaga_kerja_lainnya_biaya_kompensasi_beban,snapshot_istantoro_2022_mar_2026,2025-02,monthly,2025,2.0,Biaya Tenaga Kerja Lainnya,Biaya Kompensasi,beban,0.0,126747619.0
cm_2025_03_biaya_tenaga_kerja_lainnya_biaya_kompensasi_beban,snapshot_istantoro_2022_mar_2026,2025-03,monthly,2025,3.0,Biaya Tenaga Kerja Lainnya,Biaya Kompensasi,beban,7731194.0,121558240.0
cm_2025_04_biaya_tenaga_kerja_lainnya_biaya_kompensasi_beban,snapshot_istantoro_2022_mar_2026,2025-04,monthly,2025,4.0,Biaya Tenaga Kerja Lainnya,Biaya Kompensasi,beban,0.0,127536825.0
cm_2025_05_biaya_tenaga_kerja_lainnya_biaya_kompensasi_beban,snapshot_istantoro_2022_mar_2026,2025-05,monthly,2025,5.0,Biaya Tenaga Kerja Lainnya,Biaya Kompensasi,beban,254445330.0,126164880.0
cm_2025_06_biaya_tenaga_kerja_lainnya_biaya_kompensasi_beban,snapshot_istantoro_2022_mar_2026,2025-06,monthly,2025,6.0,Biaya Tenaga Kerja Lainnya,Biaya Kompensasi,beban,252693803.0,127581122.0
cm_2025_07_biaya_tenaga_kerja_lainnya_biaya_kompensasi_beban,snapshot_istantoro_2022_mar_2026,2025-07,monthly,2025,7.0,Biaya Tenaga Kerja Lainnya,Biaya Kompensasi,beban,0.0,125607021.0
cm_2025_08_biaya_tenaga_kerja_lainnya_biaya_kompensasi_beban,snapshot_istantoro_2022_mar_2026,2025-08,monthly,2025,8.0,Biaya Tenaga Kerja Lainnya,Biaya Kompensasi,beban,0.0,123271266.0
cm_2025_09_biaya_tenaga_kerja_lainnya_biaya_kompensasi_beban,snapshot_istantoro_2022_mar_2026,2025-09,monthly,2025,9.0,Biaya Tenaga Kerja Lainnya,Biaya Kompensasi,beban,0.0,127557607.0
cm_2025_10_biaya_tenaga_kerja_lainnya_biaya_kompensasi_beban,snapshot_istantoro_2022_mar_2026,2025-10,monthly,2025,10.0,Biaya Tenaga Kerja Lainnya,Biaya Kompensasi,beban,0.0,122616229.0
cm_2025_11_biaya_tenaga_kerja_lainnya_biaya_kompensasi_beban,snapshot_istantoro_2022_mar_2026,2025-11,monthly,2025,11.0,Biaya Tenaga Kerja Lainnya,Biaya Kompensasi,beban,489765074.0,123038361.0
cm_2025_12_biaya_tenaga_kerja_lainnya_biaya_kompensasi_beban,snapshot_istantoro_2022_mar_2026,2025-12,monthly,2025,12.0,Biaya Tenaga Kerja Lainnya,Biaya Kompensasi,beban,0.0,125787424.0
cm_2026_01_biaya_tenaga_kerja_lainnya_biaya_kompensasi_beban,snapshot_istantoro_2022_mar_2026,2026-01,monthly,2026,1.0,Biaya Tenaga Kerja Lainnya,Biaya Kompensasi,beban,62546953.0,65938814.0
cm_2026_02_biaya_tenaga_kerja_lainnya_biaya_kompensasi_beban,snapshot_istantoro_2022_mar_2026,2026-02,monthly,2026,2.0,Biaya Tenaga Kerja Lainnya,Biaya Kompensasi,beban,65889844.0,66577824.0
cm_2026_03_biaya_tenaga_kerja_lainnya_biaya_kompensasi_beban,snapshot_istantoro_2022_mar_2026,2026-03,monthly,2026,3.0,Biaya Tenaga Kerja Lainnya,Biaya Kompensasi,beban,66454249.0,63755985.0
cm_2022_biaya_penyusutan_aktiva_tetap_biaya_penyusutan_aktiva_tetap_beban,snapshot_istantoro_2022_mar_2026,2022,annual,2022,,Biaya Penyusutan Aktiva Tetap,Biaya Penyusutan Aktiva Tetap,beban,7390575264.0,9898536792.0
cm_2023_biaya_penyusutan_aktiva_tetap_biaya_penyusutan_aktiva_tetap_beban,snapshot_istantoro_2022_mar_2026,2023,annual,2023,,Biaya Penyusutan Aktiva Tetap,Biaya Penyusutan Aktiva Tetap,beban,7525326201.0,14200378685.0
cm_2024_biaya_penyusutan_aktiva_tetap_biaya_penyusutan_aktiva_tetap_beban,snapshot_istantoro_2022_mar_2026,2024,annual,2024,,Biaya Penyusutan Aktiva Tetap,Biaya Penyusutan Aktiva Tetap,beban,7740240802.0,8340193244.0
cm_2025_biaya_penyusutan_aktiva_tetap_biaya_penyusutan_aktiva_tetap_beban,snapshot_istantoro_2022_mar_2026,2025,annual,2025,,Biaya Penyusutan Aktiva Tetap,Biaya Penyusutan Aktiva Tetap,beban,9298753791.0,8722908351.0
cm_2025_01_biaya_penyusutan_aktiva_tetap_biaya_penyusutan_aktiva_tetap_beban,snapshot_istantoro_2022_mar_2026,2025-01,monthly,2025,1.0,Biaya Penyusutan Aktiva Tetap,Biaya Penyusutan Aktiva Tetap,beban,723084226.0,722322117.0
cm_2025_02_biaya_penyusutan_aktiva_tetap_biaya_penyusutan_aktiva_tetap_beban,snapshot_istantoro_2022_mar_2026,2025-02,monthly,2025,2.0,Biaya Penyusutan Aktiva Tetap,Biaya Penyusutan Aktiva Tetap,beban,782974127.0,723276097.0
cm_2025_03_biaya_penyusutan_aktiva_tetap_biaya_penyusutan_aktiva_tetap_beban,snapshot_istantoro_2022_mar_2026,2025-03,monthly,2025,3.0,Biaya Penyusutan Aktiva Tetap,Biaya Penyusutan Aktiva Tetap,beban,747473303.0,753068256.0
cm_2025_04_biaya_penyusutan_aktiva_tetap_biaya_penyusutan_aktiva_tetap_beban,snapshot_istantoro_2022_mar_2026,2025-04,monthly,2025,4.0,Biaya Penyusutan Aktiva Tetap,Biaya Penyusutan Aktiva Tetap,beban,763659624.0,738130845.0
cm_2025_05_biaya_penyusutan_aktiva_tetap_biaya_penyusutan_aktiva_tetap_beban,snapshot_istantoro_2022_mar_2026,2025-05,monthly,2025,5.0,Biaya Penyusutan Aktiva Tetap,Biaya Penyusutan Aktiva Tetap,beban,827809695.0,741419775.0
cm_2025_06_biaya_penyusutan_aktiva_tetap_biaya_penyusutan_aktiva_tetap_beban,snapshot_istantoro_2022_mar_2026,2025-06,monthly,2025,6.0,Biaya Penyusutan Aktiva Tetap,Biaya Penyusutan Aktiva Tetap,beban,543294873.0,752790329.0
cm_2025_07_biaya_penyusutan_aktiva_tetap_biaya_penyusutan_aktiva_tetap_beban,snapshot_istantoro_2022_mar_2026,2025-07,monthly,2025,7.0,Biaya Penyusutan Aktiva Tetap,Biaya Penyusutan Aktiva Tetap,beban,758808815.0,726468975.0
cm_2025_08_biaya_penyusutan_aktiva_tetap_biaya_penyusutan_aktiva_tetap_beban,snapshot_istantoro_2022_mar_2026,2025-08,monthly,2025,8.0,Biaya Penyusutan Aktiva Tetap,Biaya Penyusutan Aktiva Tetap,beban,740770800.0,745115557.0
cm_2025_09_biaya_penyusutan_aktiva_tetap_biaya_penyusutan_aktiva_tetap_beban,snapshot_istantoro_2022_mar_2026,2025-09,monthly,2025,9.0,Biaya Penyusutan Aktiva Tetap,Biaya Penyusutan Aktiva Tetap,beban,800816943.0,728986395.0
cm_2025_10_biaya_penyusutan_aktiva_tetap_biaya_penyusutan_aktiva_tetap_beban,snapshot_istantoro_2022_mar_2026,2025-10,monthly,2025,10.0,Biaya Penyusutan Aktiva Tetap,Biaya Penyusutan Aktiva Tetap,beban,747179249.0,748088092.0
cm_2025_11_biaya_penyusutan_aktiva_tetap_biaya_penyusutan_aktiva_tetap_beban,snapshot_istantoro_2022_mar_2026,2025-11,monthly,2025,11.0,Biaya Penyusutan Aktiva Tetap,Biaya Penyusutan Aktiva Tetap,beban,770672285.0,717838388.0
cm_2025_12_biaya_penyusutan_aktiva_tetap_biaya_penyusutan_aktiva_tetap_beban,snapshot_istantoro_2022_mar_2026,2025-12,monthly,2025,12.0,Biaya Penyusutan Aktiva Tetap,Biaya Penyusutan Aktiva Tetap,beban,767708058.0,751519900.0
cm_2026_01_biaya_penyusutan_aktiva_tetap_biaya_penyusutan_aktiva_tetap_beban,snapshot_istantoro_2022_mar_2026,2026-01,monthly,2026,1.0,Biaya Penyusutan Aktiva Tetap,Biaya Penyusutan Aktiva Tetap,beban,734973698.0,883203475.0
cm_2026_02_biaya_penyusutan_aktiva_tetap_biaya_penyusutan_aktiva_tetap_beban,snapshot_istantoro_2022_mar_2026,2026-02,monthly,2026,2.0,Biaya Penyusutan Aktiva Tetap,Biaya Penyusutan Aktiva Tetap,beban,829868249.0,888995151.0
cm_2026_03_biaya_penyusutan_aktiva_tetap_biaya_penyusutan_aktiva_tetap_beban,snapshot_istantoro_2022_mar_2026,2026-03,monthly,2026,3.0,Biaya Penyusutan Aktiva Tetap,Biaya Penyusutan Aktiva Tetap,beban,792065539.0,912171371.0
cm_2022_biaya_penyusutan_aktiva_tetap_biaya_penyusutan_bangunan_beban,snapshot_istantoro_2022_mar_2026,2022,annual,2022,,Biaya Penyusutan Aktiva Tetap,Biaya Penyusutan Bangunan,beban,3965991918.0,4909471847.0
cm_2023_biaya_penyusutan_aktiva_tetap_biaya_penyusutan_bangunan_beban,snapshot_istantoro_2022_mar_2026,2023,annual,2023,,Biaya Penyusutan Aktiva Tetap,Biaya Penyusutan Bangunan,beban,3780378052.0,7441826733.0
cm_2024_biaya_penyusutan_aktiva_tetap_biaya_penyusutan_bangunan_beban,snapshot_istantoro_2022_mar_2026,2024,annual,2024,,Biaya Penyusutan Aktiva Tetap,Biaya Penyusutan Bangunan,beban,4330963081.0,3952937288.0
cm_2025_biaya_penyusutan_aktiva_tetap_biaya_penyusutan_bangunan_beban,snapshot_istantoro_2022_mar_2026,2025,annual,2025,,Biaya Penyusutan Aktiva Tetap,Biaya Penyusutan Bangunan,beban,4568154027.0,4616319174.0
cm_2025_01_biaya_penyusutan_aktiva_tetap_biaya_penyusutan_bangunan_beban,snapshot_istantoro_2022_mar_2026,2025-01,monthly,2025,1.0,Biaya Penyusutan Aktiva Tetap,Biaya Penyusutan Bangunan,beban,356819047.0,372998499.0
cm_2025_02_biaya_penyusutan_aktiva_tetap_biaya_penyusutan_bangunan_beban,snapshot_istantoro_2022_mar_2026,2025-02,monthly,2025,2.0,Biaya Penyusutan Aktiva Tetap,Biaya Penyusutan Bangunan,beban,373859876.0,369133755.0
cm_2025_03_biaya_penyusutan_aktiva_tetap_biaya_penyusutan_bangunan_beban,snapshot_istantoro_2022_mar_2026,2025-03,monthly,2025,3.0,Biaya Penyusutan Aktiva Tetap,Biaya Penyusutan Bangunan,beban,392597869.0,374627410.0
cm_2025_04_biaya_penyusutan_aktiva_tetap_biaya_penyusutan_bangunan_beban,snapshot_istantoro_2022_mar_2026,2025-04,monthly,2025,4.0,Biaya Penyusutan Aktiva Tetap,Biaya Penyusutan Bangunan,beban,375921156.0,378594670.0
cm_2025_05_biaya_penyusutan_aktiva_tetap_biaya_penyusutan_bangunan_beban,snapshot_istantoro_2022_mar_2026,2025-05,monthly,2025,5.0,Biaya Penyusutan Aktiva Tetap,Biaya Penyusutan Bangunan,beban,381868562.0,371626374.0
cm_2025_06_biaya_penyusutan_aktiva_tetap_biaya_penyusutan_bangunan_beban,snapshot_istantoro_2022_mar_2026,2025-06,monthly,2025,6.0,Biaya Penyusutan Aktiva Tetap,Biaya Penyusutan Bangunan,beban,368148050.0,375875696.0
cm_2025_07_biaya_penyusutan_aktiva_tetap_biaya_penyusutan_bangunan_beban,snapshot_istantoro_2022_mar_2026,2025-07,monthly,2025,7.0,Biaya Penyusutan Aktiva Tetap,Biaya Penyusutan Bangunan,beban,385487401.0,376903705.0
cm_2025_08_biaya_penyusutan_aktiva_tetap_biaya_penyusutan_bangunan_beban,snapshot_istantoro_2022_mar_2026,2025-08,monthly,2025,8.0,Biaya Penyusutan Aktiva Tetap,Biaya Penyusutan Bangunan,beban,385447257.0,369109499.0
cm_2025_09_biaya_penyusutan_aktiva_tetap_biaya_penyusutan_bangunan_beban,snapshot_istantoro_2022_mar_2026,2025-09,monthly,2025,9.0,Biaya Penyusutan Aktiva Tetap,Biaya Penyusutan Bangunan,beban,380835951.0,381074469.0
cm_2025_10_biaya_penyusutan_aktiva_tetap_biaya_penyusutan_bangunan_beban,snapshot_istantoro_2022_mar_2026,2025-10,monthly,2025,10.0,Biaya Penyusutan Aktiva Tetap,Biaya Penyusutan Bangunan,beban,399283798.0,387923268.0
cm_2025_11_biaya_penyusutan_aktiva_tetap_biaya_penyusutan_bangunan_beban,snapshot_istantoro_2022_mar_2026,2025-11,monthly,2025,11.0,Biaya Penyusutan Aktiva Tetap,Biaya Penyusutan Bangunan,beban,366869146.0,371256057.0
cm_2025_12_biaya_penyusutan_aktiva_tetap_biaya_penyusutan_bangunan_beban,snapshot_istantoro_2022_mar_2026,2025-12,monthly,2025,12.0,Biaya Penyusutan Aktiva Tetap,Biaya Penyusutan Bangunan,beban,362729858.0,381404372.0
cm_2026_01_biaya_penyusutan_aktiva_tetap_biaya_penyusutan_bangunan_beban,snapshot_istantoro_2022_mar_2026,2026-01,monthly,2026,1.0,Biaya Penyusutan Aktiva Tetap,Biaya Penyusutan Bangunan,beban,391437799.0,432336793.0
cm_2026_02_biaya_penyusutan_aktiva_tetap_biaya_penyusutan_bangunan_beban,snapshot_istantoro_2022_mar_2026,2026-02,monthly,2026,2.0,Biaya Penyusutan Aktiva Tetap,Biaya Penyusutan Bangunan,beban,392847917.0,426033255.0
cm_2026_03_biaya_penyusutan_aktiva_tetap_biaya_penyusutan_bangunan_beban,snapshot_istantoro_2022_mar_2026,2026-03,monthly,2026,3.0,Biaya Penyusutan Aktiva Tetap,Biaya Penyusutan Bangunan,beban,375938379.0,433270706.0
cm_2022_biaya_penyusutan_aktiva_tetap_biaya_penyusutan_kendaraan_beban,snapshot_istantoro_2022_mar_2026,2022,annual,2022,,Biaya Penyusutan Aktiva Tetap,Biaya Penyusutan Kendaraan,beban,992362524.0,0.0
cm_2023_biaya_penyusutan_aktiva_tetap_biaya_penyusutan_kendaraan_beban,snapshot_istantoro_2022_mar_2026,2023,annual,2023,,Biaya Penyusutan Aktiva Tetap,Biaya Penyusutan Kendaraan,beban,141170048.0,0.0
cm_2024_biaya_penyusutan_aktiva_tetap_biaya_penyusutan_kendaraan_beban,snapshot_istantoro_2022_mar_2026,2024,annual,2024,,Biaya Penyusutan Aktiva Tetap,Biaya Penyusutan Kendaraan,beban,253063442.0,0.0
cm_2025_biaya_penyusutan_aktiva_tetap_biaya_penyusutan_kendaraan_beban,snapshot_istantoro_2022_mar_2026,2025,annual,2025,,Biaya Penyusutan Aktiva Tetap,Biaya Penyusutan Kendaraan,beban,710378673.0,0.0
cm_2025_01_biaya_penyusutan_aktiva_tetap_biaya_penyusutan_kendaraan_beban,snapshot_istantoro_2022_mar_2026,2025-01,monthly,2025,1.0,Biaya Penyusutan Aktiva Tetap,Biaya Penyusutan Kendaraan,beban,75888866.0,0.0
cm_2025_02_biaya_penyusutan_aktiva_tetap_biaya_penyusutan_kendaraan_beban,snapshot_istantoro_2022_mar_2026,2025-02,monthly,2025,2.0,Biaya Penyusutan Aktiva Tetap,Biaya Penyusutan Kendaraan,beban,74923098.0,0.0
cm_2025_03_biaya_penyusutan_aktiva_tetap_biaya_penyusutan_kendaraan_beban,snapshot_istantoro_2022_mar_2026,2025-03,monthly,2025,3.0,Biaya Penyusutan Aktiva Tetap,Biaya Penyusutan Kendaraan,beban,76016892.0,0.0
cm_2025_04_biaya_penyusutan_aktiva_tetap_biaya_penyusutan_kendaraan_beban,snapshot_istantoro_2022_mar_2026,2025-04,monthly,2025,4.0,Biaya Penyusutan Aktiva Tetap,Biaya Penyusutan Kendaraan,beban,73902718.0,0.0
cm_2025_05_biaya_penyusutan_aktiva_tetap_biaya_penyusutan_kendaraan_beban,snapshot_istantoro_2022_mar_2026,2025-05,monthly,2025,5.0,Biaya Penyusutan Aktiva Tetap,Biaya Penyusutan Kendaraan,beban,166150677.0,0.0
cm_2025_06_biaya_penyusutan_aktiva_tetap_biaya_penyusutan_kendaraan_beban,snapshot_istantoro_2022_mar_2026,2025-06,monthly,2025,6.0,Biaya Penyusutan Aktiva Tetap,Biaya Penyusutan Kendaraan,beban,136626949.0,0.0
cm_2025_07_biaya_penyusutan_aktiva_tetap_biaya_penyusutan_kendaraan_beban,snapshot_istantoro_2022_mar_2026,2025-07,monthly,2025,7.0,Biaya Penyusutan Aktiva Tetap,Biaya Penyusutan Kendaraan,beban,60943437.0,0.0
cm_2025_08_biaya_penyusutan_aktiva_tetap_biaya_penyusutan_kendaraan_beban,snapshot_istantoro_2022_mar_2026,2025-08,monthly,2025,8.0,Biaya Penyusutan Aktiva Tetap,Biaya Penyusutan Kendaraan,beban,60385292.0,0.0
cm_2025_09_biaya_penyusutan_aktiva_tetap_biaya_penyusutan_kendaraan_beban,snapshot_istantoro_2022_mar_2026,2025-09,monthly,2025,9.0,Biaya Penyusutan Aktiva Tetap,Biaya Penyusutan Kendaraan,beban,55579557.0,0.0
cm_2025_10_biaya_penyusutan_aktiva_tetap_biaya_penyusutan_kendaraan_beban,snapshot_istantoro_2022_mar_2026,2025-10,monthly,2025,10.0,Biaya Penyusutan Aktiva Tetap,Biaya Penyusutan Kendaraan,beban,60685844.0,0.0
cm_2025_11_biaya_penyusutan_aktiva_tetap_biaya_penyusutan_kendaraan_beban,snapshot_istantoro_2022_mar_2026,2025-11,monthly,2025,11.0,Biaya Penyusutan Aktiva Tetap,Biaya Penyusutan Kendaraan,beban,60012592.0,0.0
cm_2025_12_biaya_penyusutan_aktiva_tetap_biaya_penyusutan_kendaraan_beban,snapshot_istantoro_2022_mar_2026,2025-12,monthly,2025,12.0,Biaya Penyusutan Aktiva Tetap,Biaya Penyusutan Kendaraan,beban,59996121.0,0.0
cm_2026_01_biaya_penyusutan_aktiva_tetap_biaya_penyusutan_kendaraan_beban,snapshot_istantoro_2022_mar_2026,2026-01,monthly,2026,1.0,Biaya Penyusutan Aktiva Tetap,Biaya Penyusutan Kendaraan,beban,58320833.0,0.0
cm_2026_02_biaya_penyusutan_aktiva_tetap_biaya_penyusutan_kendaraan_beban,snapshot_istantoro_2022_mar_2026,2026-02,monthly,2026,2.0,Biaya Penyusutan Aktiva Tetap,Biaya Penyusutan Kendaraan,beban,151078055.0,0.0
cm_2026_03_biaya_penyusutan_aktiva_tetap_biaya_penyusutan_kendaraan_beban,snapshot_istantoro_2022_mar_2026,2026-03,monthly,2026,3.0,Biaya Penyusutan Aktiva Tetap,Biaya Penyusutan Kendaraan,beban,63957888.0,0.0
cm_2022_biaya_penyusutan_aktiva_tetap_biaya_penyusutan_mesin_peralatan_kantor_beban,snapshot_istantoro_2022_mar_2026,2022,annual,2022,,Biaya Penyusutan Aktiva Tetap,Biaya Penyusutan Mesin/Peralatan Kantor,beban,1546215794.0,2290708649.0
cm_2023_biaya_penyusutan_aktiva_tetap_biaya_penyusutan_mesin_peralatan_kantor_beban,snapshot_istantoro_2022_mar_2026,2023,annual,2023,,Biaya Penyusutan Aktiva Tetap,Biaya Penyusutan Mesin/Peralatan Kantor,beban,1963899752.0,2999886448.0
cm_2024_biaya_penyusutan_aktiva_tetap_biaya_penyusutan_mesin_peralatan_kantor_beban,snapshot_istantoro_2022_mar_2026,2024,annual,2024,,Biaya Penyusutan Aktiva Tetap,Biaya Penyusutan Mesin/Peralatan Kantor,beban,2155659709.0,2689412763.0
cm_2025_biaya_penyusutan_aktiva_tetap_biaya_penyusutan_mesin_peralatan_kantor_beban,snapshot_istantoro_2022_mar_2026,2025,annual,2025,,Biaya Penyusutan Aktiva Tetap,Biaya Penyusutan Mesin/Peralatan Kantor,beban,2966499770.0,2802706465.0
cm_2025_01_biaya_penyusutan_aktiva_tetap_biaya_penyusutan_mesin_peralatan_kantor_beban,snapshot_istantoro_2022_mar_2026,2025-01,monthly,2025,1.0,Biaya Penyusutan Aktiva Tetap,Biaya Penyusutan Mesin/Peralatan Kantor,beban,227842410.0,233138018.0
cm_2025_02_biaya_penyusutan_aktiva_tetap_biaya_penyusutan_mesin_peralatan_kantor_beban,snapshot_istantoro_2022_mar_2026,2025-02,monthly,2025,2.0,Biaya Penyusutan Aktiva Tetap,Biaya Penyusutan Mesin/Peralatan Kantor,beban,228859204.0,224507680.0
cm_2025_03_biaya_penyusutan_aktiva_tetap_biaya_penyusutan_mesin_peralatan_kantor_beban,snapshot_istantoro_2022_mar_2026,2025-03,monthly,2025,3.0,Biaya Penyusutan Aktiva Tetap,Biaya Penyusutan Mesin/Peralatan Kantor,beban,227820880.0,229077465.0
cm_2025_04_biaya_penyusutan_aktiva_tetap_biaya_penyusutan_mesin_peralatan_kantor_beban,snapshot_istantoro_2022_mar_2026,2025-04,monthly,2025,4.0,Biaya Penyusutan Aktiva Tetap,Biaya Penyusutan Mesin/Peralatan Kantor,beban,258822548.0,237539336.0
cm_2025_05_biaya_penyusutan_aktiva_tetap_biaya_penyusutan_mesin_peralatan_kantor_beban,snapshot_istantoro_2022_mar_2026,2025-05,monthly,2025,5.0,Biaya Penyusutan Aktiva Tetap,Biaya Penyusutan Mesin/Peralatan Kantor,beban,258856096.0,229804621.0
cm_2025_06_biaya_penyusutan_aktiva_tetap_biaya_penyusutan_mesin_peralatan_kantor_beban,snapshot_istantoro_2022_mar_2026,2025-06,monthly,2025,6.0,Biaya Penyusutan Aktiva Tetap,Biaya Penyusutan Mesin/Peralatan Kantor,beban,257541115.0,230929702.0
cm_2025_07_biaya_penyusutan_aktiva_tetap_biaya_penyusutan_mesin_peralatan_kantor_beban,snapshot_istantoro_2022_mar_2026,2025-07,monthly,2025,7.0,Biaya Penyusutan Aktiva Tetap,Biaya Penyusutan Mesin/Peralatan Kantor,beban,261951113.0,236581990.0
cm_2025_08_biaya_penyusutan_aktiva_tetap_biaya_penyusutan_mesin_peralatan_kantor_beban,snapshot_istantoro_2022_mar_2026,2025-08,monthly,2025,8.0,Biaya Penyusutan Aktiva Tetap,Biaya Penyusutan Mesin/Peralatan Kantor,beban,251455751.0,233912732.0
cm_2025_09_biaya_penyusutan_aktiva_tetap_biaya_penyusutan_mesin_peralatan_kantor_beban,snapshot_istantoro_2022_mar_2026,2025-09,monthly,2025,9.0,Biaya Penyusutan Aktiva Tetap,Biaya Penyusutan Mesin/Peralatan Kantor,beban,266956327.0,232039763.0
cm_2025_10_biaya_penyusutan_aktiva_tetap_biaya_penyusutan_mesin_peralatan_kantor_beban,snapshot_istantoro_2022_mar_2026,2025-10,monthly,2025,10.0,Biaya Penyusutan Aktiva Tetap,Biaya Penyusutan Mesin/Peralatan Kantor,beban,252167386.0,235028585.0
cm_2025_11_biaya_penyusutan_aktiva_tetap_biaya_penyusutan_mesin_peralatan_kantor_beban,snapshot_istantoro_2022_mar_2026,2025-11,monthly,2025,11.0,Biaya Penyusutan Aktiva Tetap,Biaya Penyusutan Mesin/Peralatan Kantor,beban,254733785.0,235950740.0
cm_2025_12_biaya_penyusutan_aktiva_tetap_biaya_penyusutan_mesin_peralatan_kantor_beban,snapshot_istantoro_2022_mar_2026,2025-12,monthly,2025,12.0,Biaya Penyusutan Aktiva Tetap,Biaya Penyusutan Mesin/Peralatan Kantor,beban,251474590.0,230305470.0
cm_2026_01_biaya_penyusutan_aktiva_tetap_biaya_penyusutan_mesin_peralatan_kantor_beban,snapshot_istantoro_2022_mar_2026,2026-01,monthly,2026,1.0,Biaya Penyusutan Aktiva Tetap,Biaya Penyusutan Mesin/Peralatan Kantor,beban,248722299.0,322037651.0
cm_2026_02_biaya_penyusutan_aktiva_tetap_biaya_penyusutan_mesin_peralatan_kantor_beban,snapshot_istantoro_2022_mar_2026,2026-02,monthly,2026,2.0,Biaya Penyusutan Aktiva Tetap,Biaya Penyusutan Mesin/Peralatan Kantor,beban,243821875.0,320314287.0
cm_2026_03_biaya_penyusutan_aktiva_tetap_biaya_penyusutan_mesin_peralatan_kantor_beban,snapshot_istantoro_2022_mar_2026,2026-03,monthly,2026,3.0,Biaya Penyusutan Aktiva Tetap,Biaya Penyusutan Mesin/Peralatan Kantor,beban,266192238.0,331550639.0
cm_2022_biaya_penyusutan_aktiva_tetap_biaya_penyusutan_meubelair_furniture_kantor_beban,snapshot_istantoro_2022_mar_2026,2022,annual,2022,,Biaya Penyusutan Aktiva Tetap,Biaya Penyusutan Meubelair /Furniture Kantor,beban,954077529.0,891350368.0
cm_2023_biaya_penyusutan_aktiva_tetap_biaya_penyusutan_meubelair_furniture_kantor_beban,snapshot_istantoro_2022_mar_2026,2023,annual,2023,,Biaya Penyusutan Aktiva Tetap,Biaya Penyusutan Meubelair /Furniture Kantor,beban,1445119731.0,1678676334.0
cm_2024_biaya_penyusutan_aktiva_tetap_biaya_penyusutan_meubelair_furniture_kantor_beban,snapshot_istantoro_2022_mar_2026,2024,annual,2024,,Biaya Penyusutan Aktiva Tetap,Biaya Penyusutan Meubelair /Furniture Kantor,beban,998035150.0,1499178628.0
cm_2025_biaya_penyusutan_aktiva_tetap_biaya_penyusutan_meubelair_furniture_kantor_beban,snapshot_istantoro_2022_mar_2026,2025,annual,2025,,Biaya Penyusutan Aktiva Tetap,Biaya Penyusutan Meubelair /Furniture Kantor,beban,945332839.0,1013559400.0
cm_2025_01_biaya_penyusutan_aktiva_tetap_biaya_penyusutan_meubelair_furniture_kantor_beban,snapshot_istantoro_2022_mar_2026,2025-01,monthly,2025,1.0,Biaya Penyusutan Aktiva Tetap,Biaya Penyusutan Meubelair /Furniture Kantor,beban,73189085.0,82373897.0
cm_2025_02_biaya_penyusutan_aktiva_tetap_biaya_penyusutan_meubelair_furniture_kantor_beban,snapshot_istantoro_2022_mar_2026,2025-02,monthly,2025,2.0,Biaya Penyusutan Aktiva Tetap,Biaya Penyusutan Meubelair /Furniture Kantor,beban,72008352.0,84814168.0
cm_2025_03_biaya_penyusutan_aktiva_tetap_biaya_penyusutan_meubelair_furniture_kantor_beban,snapshot_istantoro_2022_mar_2026,2025-03,monthly,2025,3.0,Biaya Penyusutan Aktiva Tetap,Biaya Penyusutan Meubelair /Furniture Kantor,beban,74410853.0,84141632.0
cm_2025_04_biaya_penyusutan_aktiva_tetap_biaya_penyusutan_meubelair_furniture_kantor_beban,snapshot_istantoro_2022_mar_2026,2025-04,monthly,2025,4.0,Biaya Penyusutan Aktiva Tetap,Biaya Penyusutan Meubelair /Furniture Kantor,beban,71648108.0,86478509.0
cm_2025_05_biaya_penyusutan_aktiva_tetap_biaya_penyusutan_meubelair_furniture_kantor_beban,snapshot_istantoro_2022_mar_2026,2025-05,monthly,2025,5.0,Biaya Penyusutan Aktiva Tetap,Biaya Penyusutan Meubelair /Furniture Kantor,beban,72311761.0,83060070.0
cm_2025_06_biaya_penyusutan_aktiva_tetap_biaya_penyusutan_meubelair_furniture_kantor_beban,snapshot_istantoro_2022_mar_2026,2025-06,monthly,2025,6.0,Biaya Penyusutan Aktiva Tetap,Biaya Penyusutan Meubelair /Furniture Kantor,beban,77404111.0,86218305.0
cm_2025_07_biaya_penyusutan_aktiva_tetap_biaya_penyusutan_meubelair_furniture_kantor_beban,snapshot_istantoro_2022_mar_2026,2025-07,monthly,2025,7.0,Biaya Penyusutan Aktiva Tetap,Biaya Penyusutan Meubelair /Furniture Kantor,beban,72970804.0,84854613.0
cm_2025_08_biaya_penyusutan_aktiva_tetap_biaya_penyusutan_meubelair_furniture_kantor_beban,snapshot_istantoro_2022_mar_2026,2025-08,monthly,2025,8.0,Biaya Penyusutan Aktiva Tetap,Biaya Penyusutan Meubelair /Furniture Kantor,beban,74263867.0,82302136.0
cm_2025_09_biaya_penyusutan_aktiva_tetap_biaya_penyusutan_meubelair_furniture_kantor_beban,snapshot_istantoro_2022_mar_2026,2025-09,monthly,2025,9.0,Biaya Penyusutan Aktiva Tetap,Biaya Penyusutan Meubelair /Furniture Kantor,beban,84459190.0,86955925.0
cm_2025_10_biaya_penyusutan_aktiva_tetap_biaya_penyusutan_meubelair_furniture_kantor_beban,snapshot_istantoro_2022_mar_2026,2025-10,monthly,2025,10.0,Biaya Penyusutan Aktiva Tetap,Biaya Penyusutan Meubelair /Furniture Kantor,beban,84158092.0,84625923.0
cm_2025_11_biaya_penyusutan_aktiva_tetap_biaya_penyusutan_meubelair_furniture_kantor_beban,snapshot_istantoro_2022_mar_2026,2025-11,monthly,2025,11.0,Biaya Penyusutan Aktiva Tetap,Biaya Penyusutan Meubelair /Furniture Kantor,beban,78793954.0,83500885.0
cm_2025_12_biaya_penyusutan_aktiva_tetap_biaya_penyusutan_meubelair_furniture_kantor_beban,snapshot_istantoro_2022_mar_2026,2025-12,monthly,2025,12.0,Biaya Penyusutan Aktiva Tetap,Biaya Penyusutan Meubelair /Furniture Kantor,beban,79421680.0,84406696.0
cm_2026_01_biaya_penyusutan_aktiva_tetap_biaya_penyusutan_meubelair_furniture_kantor_beban,snapshot_istantoro_2022_mar_2026,2026-01,monthly,2026,1.0,Biaya Penyusutan Aktiva Tetap,Biaya Penyusutan Meubelair /Furniture Kantor,beban,72119812.0,81180849.0
cm_2026_02_biaya_penyusutan_aktiva_tetap_biaya_penyusutan_meubelair_furniture_kantor_beban,snapshot_istantoro_2022_mar_2026,2026-02,monthly,2026,2.0,Biaya Penyusutan Aktiva Tetap,Biaya Penyusutan Meubelair /Furniture Kantor,beban,76564804.0,78544104.0
cm_2026_03_biaya_penyusutan_aktiva_tetap_biaya_penyusutan_meubelair_furniture_kantor_beban,snapshot_istantoro_2022_mar_2026,2026-03,monthly,2026,3.0,Biaya Penyusutan Aktiva Tetap,Biaya Penyusutan Meubelair /Furniture Kantor,beban,79549997.0,78008955.0
cm_2022_biaya_transportasi_dan_perjalanan_biaya_transportasi_dan_perjalanan_beban,snapshot_istantoro_2022_mar_2026,2022,annual,2022,,Biaya Transportasi dan Perjalanan,Biaya Transportasi dan Perjalanan,beban,1828260094.0,2246989317.0
cm_2023_biaya_transportasi_dan_perjalanan_biaya_transportasi_dan_perjalanan_beban,snapshot_istantoro_2022_mar_2026,2023,annual,2023,,Biaya Transportasi dan Perjalanan,Biaya Transportasi dan Perjalanan,beban,1781850992.0,2567714296.0
cm_2024_biaya_transportasi_dan_perjalanan_biaya_transportasi_dan_perjalanan_beban,snapshot_istantoro_2022_mar_2026,2024,annual,2024,,Biaya Transportasi dan Perjalanan,Biaya Transportasi dan Perjalanan,beban,2209130013.0,2138041595.0
cm_2025_biaya_transportasi_dan_perjalanan_biaya_transportasi_dan_perjalanan_beban,snapshot_istantoro_2022_mar_2026,2025,annual,2025,,Biaya Transportasi dan Perjalanan,Biaya Transportasi dan Perjalanan,beban,2872309849.0,3021062119.0
cm_2025_01_biaya_transportasi_dan_perjalanan_biaya_transportasi_dan_perjalanan_beban,snapshot_istantoro_2022_mar_2026,2025-01,monthly,2025,1.0,Biaya Transportasi dan Perjalanan,Biaya Transportasi dan Perjalanan,beban,269658993.0,248061005.0
cm_2025_02_biaya_transportasi_dan_perjalanan_biaya_transportasi_dan_perjalanan_beban,snapshot_istantoro_2022_mar_2026,2025-02,monthly,2025,2.0,Biaya Transportasi dan Perjalanan,Biaya Transportasi dan Perjalanan,beban,270153486.0,247133522.0
cm_2025_03_biaya_transportasi_dan_perjalanan_biaya_transportasi_dan_perjalanan_beban,snapshot_istantoro_2022_mar_2026,2025-03,monthly,2025,3.0,Biaya Transportasi dan Perjalanan,Biaya Transportasi dan Perjalanan,beban,182079765.0,249653518.0
cm_2025_04_biaya_transportasi_dan_perjalanan_biaya_transportasi_dan_perjalanan_beban,snapshot_istantoro_2022_mar_2026,2025-04,monthly,2025,4.0,Biaya Transportasi dan Perjalanan,Biaya Transportasi dan Perjalanan,beban,97572974.0,258841026.0
cm_2025_05_biaya_transportasi_dan_perjalanan_biaya_transportasi_dan_perjalanan_beban,snapshot_istantoro_2022_mar_2026,2025-05,monthly,2025,5.0,Biaya Transportasi dan Perjalanan,Biaya Transportasi dan Perjalanan,beban,206592008.0,249809326.0
cm_2025_06_biaya_transportasi_dan_perjalanan_biaya_transportasi_dan_perjalanan_beban,snapshot_istantoro_2022_mar_2026,2025-06,monthly,2025,6.0,Biaya Transportasi dan Perjalanan,Biaya Transportasi dan Perjalanan,beban,244718417.0,259570340.0
cm_2025_07_biaya_transportasi_dan_perjalanan_biaya_transportasi_dan_perjalanan_beban,snapshot_istantoro_2022_mar_2026,2025-07,monthly,2025,7.0,Biaya Transportasi dan Perjalanan,Biaya Transportasi dan Perjalanan,beban,279014748.0,251961021.0
cm_2025_08_biaya_transportasi_dan_perjalanan_biaya_transportasi_dan_perjalanan_beban,snapshot_istantoro_2022_mar_2026,2025-08,monthly,2025,8.0,Biaya Transportasi dan Perjalanan,Biaya Transportasi dan Perjalanan,beban,304720373.0,247329907.0
cm_2025_09_biaya_transportasi_dan_perjalanan_biaya_transportasi_dan_perjalanan_beban,snapshot_istantoro_2022_mar_2026,2025-09,monthly,2025,9.0,Biaya Transportasi dan Perjalanan,Biaya Transportasi dan Perjalanan,beban,319919645.0,258102868.0
cm_2025_10_biaya_transportasi_dan_perjalanan_biaya_transportasi_dan_perjalanan_beban,snapshot_istantoro_2022_mar_2026,2025-10,monthly,2025,10.0,Biaya Transportasi dan Perjalanan,Biaya Transportasi dan Perjalanan,beban,194520620.0,251584634.0
cm_2025_11_biaya_transportasi_dan_perjalanan_biaya_transportasi_dan_perjalanan_beban,snapshot_istantoro_2022_mar_2026,2025-11,monthly,2025,11.0,Biaya Transportasi dan Perjalanan,Biaya Transportasi dan Perjalanan,beban,257167473.0,255357052.0
cm_2025_12_biaya_transportasi_dan_perjalanan_biaya_transportasi_dan_perjalanan_beban,snapshot_istantoro_2022_mar_2026,2025-12,monthly,2025,12.0,Biaya Transportasi dan Perjalanan,Biaya Transportasi dan Perjalanan,beban,289080519.0,259503574.0
cm_2026_01_biaya_transportasi_dan_perjalanan_biaya_transportasi_dan_perjalanan_beban,snapshot_istantoro_2022_mar_2026,2026-01,monthly,2026,1.0,Biaya Transportasi dan Perjalanan,Biaya Transportasi dan Perjalanan,beban,146693479.0,225313884.0
cm_2026_02_biaya_transportasi_dan_perjalanan_biaya_transportasi_dan_perjalanan_beban,snapshot_istantoro_2022_mar_2026,2026-02,monthly,2026,2.0,Biaya Transportasi dan Perjalanan,Biaya Transportasi dan Perjalanan,beban,208662806.0,225960213.0
cm_2026_03_biaya_transportasi_dan_perjalanan_biaya_transportasi_dan_perjalanan_beban,snapshot_istantoro_2022_mar_2026,2026-03,monthly,2026,3.0,Biaya Transportasi dan Perjalanan,Biaya Transportasi dan Perjalanan,beban,204671294.0,234626653.0
cm_2022_biaya_transportasi_dan_perjalanan_biaya_transportasi_beban,snapshot_istantoro_2022_mar_2026,2022,annual,2022,,Biaya Transportasi dan Perjalanan,Biaya Transportasi,beban,5221608.0,6539262.0
cm_2023_biaya_transportasi_dan_perjalanan_biaya_transportasi_beban,snapshot_istantoro_2022_mar_2026,2023,annual,2023,,Biaya Transportasi dan Perjalanan,Biaya Transportasi,beban,3022270.0,25497700.0
cm_2024_biaya_transportasi_dan_perjalanan_biaya_transportasi_beban,snapshot_istantoro_2022_mar_2026,2024,annual,2024,,Biaya Transportasi dan Perjalanan,Biaya Transportasi,beban,2996632.0,1026814.0
cm_2025_biaya_transportasi_dan_perjalanan_biaya_transportasi_beban,snapshot_istantoro_2022_mar_2026,2025,annual,2025,,Biaya Transportasi dan Perjalanan,Biaya Transportasi,beban,5903246.0,2943072.0
cm_2025_01_biaya_transportasi_dan_perjalanan_biaya_transportasi_beban,snapshot_istantoro_2022_mar_2026,2025-01,monthly,2025,1.0,Biaya Transportasi dan Perjalanan,Biaya Transportasi,beban,468362.0,256658.0
cm_2025_02_biaya_transportasi_dan_perjalanan_biaya_transportasi_beban,snapshot_istantoro_2022_mar_2026,2025-02,monthly,2025,2.0,Biaya Transportasi dan Perjalanan,Biaya Transportasi,beban,504804.0,246962.0
cm_2025_03_biaya_transportasi_dan_perjalanan_biaya_transportasi_beban,snapshot_istantoro_2022_mar_2026,2025-03,monthly,2025,3.0,Biaya Transportasi dan Perjalanan,Biaya Transportasi,beban,0.0,252011.0
cm_2025_04_biaya_transportasi_dan_perjalanan_biaya_transportasi_beban,snapshot_istantoro_2022_mar_2026,2025-04,monthly,2025,4.0,Biaya Transportasi dan Perjalanan,Biaya Transportasi,beban,0.0,254104.0
cm_2025_05_biaya_transportasi_dan_perjalanan_biaya_transportasi_beban,snapshot_istantoro_2022_mar_2026,2025-05,monthly,2025,5.0,Biaya Transportasi dan Perjalanan,Biaya Transportasi,beban,1458570.0,251415.0
cm_2025_06_biaya_transportasi_dan_perjalanan_biaya_transportasi_beban,snapshot_istantoro_2022_mar_2026,2025-06,monthly,2025,6.0,Biaya Transportasi dan Perjalanan,Biaya Transportasi,beban,0.0,245336.0
cm_2025_07_biaya_transportasi_dan_perjalanan_biaya_transportasi_beban,snapshot_istantoro_2022_mar_2026,2025-07,monthly,2025,7.0,Biaya Transportasi dan Perjalanan,Biaya Transportasi,beban,493226.0,256795.0
cm_2025_08_biaya_transportasi_dan_perjalanan_biaya_transportasi_beban,snapshot_istantoro_2022_mar_2026,2025-08,monthly,2025,8.0,Biaya Transportasi dan Perjalanan,Biaya Transportasi,beban,603714.0,245084.0
cm_2025_09_biaya_transportasi_dan_perjalanan_biaya_transportasi_beban,snapshot_istantoro_2022_mar_2026,2025-09,monthly,2025,9.0,Biaya Transportasi dan Perjalanan,Biaya Transportasi,beban,290003.0,256468.0
cm_2025_10_biaya_transportasi_dan_perjalanan_biaya_transportasi_beban,snapshot_istantoro_2022_mar_2026,2025-10,monthly,2025,10.0,Biaya Transportasi dan Perjalanan,Biaya Transportasi,beban,628514.0,258459.0
cm_2025_11_biaya_transportasi_dan_perjalanan_biaya_transportasi_beban,snapshot_istantoro_2022_mar_2026,2025-11,monthly,2025,11.0,Biaya Transportasi dan Perjalanan,Biaya Transportasi,beban,159986.0,251483.0
cm_2025_12_biaya_transportasi_dan_perjalanan_biaya_transportasi_beban,snapshot_istantoro_2022_mar_2026,2025-12,monthly,2025,12.0,Biaya Transportasi dan Perjalanan,Biaya Transportasi,beban,1146124.0,253038.0
cm_2026_01_biaya_transportasi_dan_perjalanan_biaya_transportasi_beban,snapshot_istantoro_2022_mar_2026,2026-01,monthly,2026,1.0,Biaya Transportasi dan Perjalanan,Biaya Transportasi,beban,1501346.0,732404.0
cm_2026_02_biaya_transportasi_dan_perjalanan_biaya_transportasi_beban,snapshot_istantoro_2022_mar_2026,2026-02,monthly,2026,2.0,Biaya Transportasi dan Perjalanan,Biaya Transportasi,beban,1026304.0,728541.0
cm_2026_03_biaya_transportasi_dan_perjalanan_biaya_transportasi_beban,snapshot_istantoro_2022_mar_2026,2026-03,monthly,2026,3.0,Biaya Transportasi dan Perjalanan,Biaya Transportasi,beban,418199.0,750465.0
cm_2022_biaya_transportasi_dan_perjalanan_biaya_perjalanan_dinas_beban,snapshot_istantoro_2022_mar_2026,2022,annual,2022,,Biaya Transportasi dan Perjalanan,Biaya Perjalanan Dinas,beban,1833939580.0,2345672155.0
cm_2023_biaya_transportasi_dan_perjalanan_biaya_perjalanan_dinas_beban,snapshot_istantoro_2022_mar_2026,2023,annual,2023,,Biaya Transportasi dan Perjalanan,Biaya Perjalanan Dinas,beban,1750675679.0,2547899877.0
cm_2024_biaya_transportasi_dan_perjalanan_biaya_perjalanan_dinas_beban,snapshot_istantoro_2022_mar_2026,2024,annual,2024,,Biaya Transportasi dan Perjalanan,Biaya Perjalanan Dinas,beban,2289239374.0,2116163202.0
cm_2025_biaya_transportasi_dan_perjalanan_biaya_perjalanan_dinas_beban,snapshot_istantoro_2022_mar_2026,2025,annual,2025,,Biaya Transportasi dan Perjalanan,Biaya Perjalanan Dinas,beban,3073338036.0,3100621207.0
cm_2025_01_biaya_transportasi_dan_perjalanan_biaya_perjalanan_dinas_beban,snapshot_istantoro_2022_mar_2026,2025-01,monthly,2025,1.0,Biaya Transportasi dan Perjalanan,Biaya Perjalanan Dinas,beban,281544715.0,258916439.0
cm_2025_02_biaya_transportasi_dan_perjalanan_biaya_perjalanan_dinas_beban,snapshot_istantoro_2022_mar_2026,2025-02,monthly,2025,2.0,Biaya Transportasi dan Perjalanan,Biaya Perjalanan Dinas,beban,265472077.0,252067424.0
cm_2025_03_biaya_transportasi_dan_perjalanan_biaya_perjalanan_dinas_beban,snapshot_istantoro_2022_mar_2026,2025-03,monthly,2025,3.0,Biaya Transportasi dan Perjalanan,Biaya Perjalanan Dinas,beban,199212417.0,251218904.0
cm_2025_04_biaya_transportasi_dan_perjalanan_biaya_perjalanan_dinas_beban,snapshot_istantoro_2022_mar_2026,2025-04,monthly,2025,4.0,Biaya Transportasi dan Perjalanan,Biaya Perjalanan Dinas,beban,102390444.0,248586761.0
cm_2025_05_biaya_transportasi_dan_perjalanan_biaya_perjalanan_dinas_beban,snapshot_istantoro_2022_mar_2026,2025-05,monthly,2025,5.0,Biaya Transportasi dan Perjalanan,Biaya Perjalanan Dinas,beban,192315006.0,258868271.0
cm_2025_06_biaya_transportasi_dan_perjalanan_biaya_perjalanan_dinas_beban,snapshot_istantoro_2022_mar_2026,2025-06,monthly,2025,6.0,Biaya Transportasi dan Perjalanan,Biaya Perjalanan Dinas,beban,245141903.0,246532810.0
cm_2025_07_biaya_transportasi_dan_perjalanan_biaya_perjalanan_dinas_beban,snapshot_istantoro_2022_mar_2026,2025-07,monthly,2025,7.0,Biaya Transportasi dan Perjalanan,Biaya Perjalanan Dinas,beban,283291176.0,253138697.0
cm_2025_08_biaya_transportasi_dan_perjalanan_biaya_perjalanan_dinas_beban,snapshot_istantoro_2022_mar_2026,2025-08,monthly,2025,8.0,Biaya Transportasi dan Perjalanan,Biaya Perjalanan Dinas,beban,298468876.0,248645047.0
cm_2025_09_biaya_transportasi_dan_perjalanan_biaya_perjalanan_dinas_beban,snapshot_istantoro_2022_mar_2026,2025-09,monthly,2025,9.0,Biaya Transportasi dan Perjalanan,Biaya Perjalanan Dinas,beban,339629998.0,248591507.0
cm_2025_10_biaya_transportasi_dan_perjalanan_biaya_perjalanan_dinas_beban,snapshot_istantoro_2022_mar_2026,2025-10,monthly,2025,10.0,Biaya Transportasi dan Perjalanan,Biaya Perjalanan Dinas,beban,203945377.0,250495513.0
cm_2025_11_biaya_transportasi_dan_perjalanan_biaya_perjalanan_dinas_beban,snapshot_istantoro_2022_mar_2026,2025-11,monthly,2025,11.0,Biaya Transportasi dan Perjalanan,Biaya Perjalanan Dinas,beban,249698302.0,259471714.0
cm_2025_12_biaya_transportasi_dan_perjalanan_biaya_perjalanan_dinas_beban,snapshot_istantoro_2022_mar_2026,2025-12,monthly,2025,12.0,Biaya Transportasi dan Perjalanan,Biaya Perjalanan Dinas,beban,298534163.0,245204906.0
cm_2026_01_biaya_transportasi_dan_perjalanan_biaya_perjalanan_dinas_beban,snapshot_istantoro_2022_mar_2026,2026-01,monthly,2026,1.0,Biaya Transportasi dan Perjalanan,Biaya Perjalanan Dinas,beban,156167530.0,231918040.0
cm_2026_02_biaya_transportasi_dan_perjalanan_biaya_perjalanan_dinas_beban,snapshot_istantoro_2022_mar_2026,2026-02,monthly,2026,2.0,Biaya Transportasi dan Perjalanan,Biaya Perjalanan Dinas,beban,200694283.0,225048952.0
cm_2026_03_biaya_transportasi_dan_perjalanan_biaya_perjalanan_dinas_beban,snapshot_istantoro_2022_mar_2026,2026-03,monthly,2026,3.0,Biaya Transportasi dan Perjalanan,Biaya Perjalanan Dinas,beban,185367886.0,226045427.0
cm_2022_biaya_operasional_kantor_biaya_operasional_kantor_beban,snapshot_istantoro_2022_mar_2026,2022,annual,2022,,Biaya Operasional Kantor,Biaya Operasional Kantor,beban,33510083510.0,23305724182555.0
cm_2023_biaya_operasional_kantor_biaya_operasional_kantor_beban,snapshot_istantoro_2022_mar_2026,2023,annual,2023,,Biaya Operasional Kantor,Biaya Operasional Kantor,beban,41078932571.0,35031743408.0
cm_2024_biaya_operasional_kantor_biaya_operasional_kantor_beban,snapshot_istantoro_2022_mar_2026,2024,annual,2024,,Biaya Operasional Kantor,Biaya Operasional Kantor,beban,85372972098.0,60778270120.0
cm_2025_biaya_operasional_kantor_biaya_operasional_kantor_beban,snapshot_istantoro_2022_mar_2026,2025,annual,2025,,Biaya Operasional Kantor,Biaya Operasional Kantor,beban,77215465788.0,66080859458.0
cm_2025_01_biaya_operasional_kantor_biaya_operasional_kantor_beban,snapshot_istantoro_2022_mar_2026,2025-01,monthly,2025,1.0,Biaya Operasional Kantor,Biaya Operasional Kantor,beban,2703451647.0,5430069448.0
cm_2025_02_biaya_operasional_kantor_biaya_operasional_kantor_beban,snapshot_istantoro_2022_mar_2026,2025-02,monthly,2025,2.0,Biaya Operasional Kantor,Biaya Operasional Kantor,beban,2953733037.0,5502315910.0
cm_2025_03_biaya_operasional_kantor_biaya_operasional_kantor_beban,snapshot_istantoro_2022_mar_2026,2025-03,monthly,2025,3.0,Biaya Operasional Kantor,Biaya Operasional Kantor,beban,3282261037.0,5723926353.0
cm_2025_04_biaya_operasional_kantor_biaya_operasional_kantor_beban,snapshot_istantoro_2022_mar_2026,2025-04,monthly,2025,4.0,Biaya Operasional Kantor,Biaya Operasional Kantor,beban,2657793750.0,5716626277.0
cm_2025_05_biaya_operasional_kantor_biaya_operasional_kantor_beban,snapshot_istantoro_2022_mar_2026,2025-05,monthly,2025,5.0,Biaya Operasional Kantor,Biaya Operasional Kantor,beban,3570812190.0,5512892492.0
cm_2025_06_biaya_operasional_kantor_biaya_operasional_kantor_beban,snapshot_istantoro_2022_mar_2026,2025-06,monthly,2025,6.0,Biaya Operasional Kantor,Biaya Operasional Kantor,beban,3358490398.0,5591728042.0
cm_2025_07_biaya_operasional_kantor_biaya_operasional_kantor_beban,snapshot_istantoro_2022_mar_2026,2025-07,monthly,2025,7.0,Biaya Operasional Kantor,Biaya Operasional Kantor,beban,4419108121.0,5704895944.0
cm_2025_08_biaya_operasional_kantor_biaya_operasional_kantor_beban,snapshot_istantoro_2022_mar_2026,2025-08,monthly,2025,8.0,Biaya Operasional Kantor,Biaya Operasional Kantor,beban,10449643019.0,5403081122.0
cm_2025_09_biaya_operasional_kantor_biaya_operasional_kantor_beban,snapshot_istantoro_2022_mar_2026,2025-09,monthly,2025,9.0,Biaya Operasional Kantor,Biaya Operasional Kantor,beban,9188959841.0,5671851145.0
cm_2025_10_biaya_operasional_kantor_biaya_operasional_kantor_beban,snapshot_istantoro_2022_mar_2026,2025-10,monthly,2025,10.0,Biaya Operasional Kantor,Biaya Operasional Kantor,beban,9869546935.0,5717849748.0
cm_2025_11_biaya_operasional_kantor_biaya_operasional_kantor_beban,snapshot_istantoro_2022_mar_2026,2025-11,monthly,2025,11.0,Biaya Operasional Kantor,Biaya Operasional Kantor,beban,18373257973.0,5431525622.0
cm_2025_12_biaya_operasional_kantor_biaya_operasional_kantor_beban,snapshot_istantoro_2022_mar_2026,2025-12,monthly,2025,12.0,Biaya Operasional Kantor,Biaya Operasional Kantor,beban,7170094107.0,5454952203.0
cm_2026_01_biaya_operasional_kantor_biaya_operasional_kantor_beban,snapshot_istantoro_2022_mar_2026,2026-01,monthly,2026,1.0,Biaya Operasional Kantor,Biaya Operasional Kantor,beban,3793410526.0,5470301135.0
cm_2026_02_biaya_operasional_kantor_biaya_operasional_kantor_beban,snapshot_istantoro_2022_mar_2026,2026-02,monthly,2026,2.0,Biaya Operasional Kantor,Biaya Operasional Kantor,beban,4297067495.0,5335133895.0
cm_2026_03_biaya_operasional_kantor_biaya_operasional_kantor_beban,snapshot_istantoro_2022_mar_2026,2026-03,monthly,2026,3.0,Biaya Operasional Kantor,Biaya Operasional Kantor,beban,6946683065.0,5167983924.0
cm_2022_biaya_operasional_kantor_biaya_materai_beban,snapshot_istantoro_2022_mar_2026,2022,annual,2022,,Biaya Operasional Kantor,Biaya Materai,beban,455202709.0,527514582907.0
cm_2023_biaya_operasional_kantor_biaya_materai_beban,snapshot_istantoro_2022_mar_2026,2023,annual,2023,,Biaya Operasional Kantor,Biaya Materai,beban,436022077.0,594222947.0
cm_2024_biaya_operasional_kantor_biaya_materai_beban,snapshot_istantoro_2022_mar_2026,2024,annual,2024,,Biaya Operasional Kantor,Biaya Materai,beban,481454980.0,423740480.0
cm_2025_biaya_operasional_kantor_biaya_materai_beban,snapshot_istantoro_2022_mar_2026,2025,annual,2025,,Biaya Operasional Kantor,Biaya Materai,beban,435599732.0,617361498.0
cm_2025_01_biaya_operasional_kantor_biaya_materai_beban,snapshot_istantoro_2022_mar_2026,2025-01,monthly,2025,1.0,Biaya Operasional Kantor,Biaya Materai,beban,41362116.0,52245172.0
cm_2025_02_biaya_operasional_kantor_biaya_materai_beban,snapshot_istantoro_2022_mar_2026,2025-02,monthly,2025,2.0,Biaya Operasional Kantor,Biaya Materai,beban,38386119.0,50090137.0
cm_2025_03_biaya_operasional_kantor_biaya_materai_beban,snapshot_istantoro_2022_mar_2026,2025-03,monthly,2025,3.0,Biaya Operasional Kantor,Biaya Materai,beban,46759963.0,50853350.0
cm_2025_04_biaya_operasional_kantor_biaya_materai_beban,snapshot_istantoro_2022_mar_2026,2025-04,monthly,2025,4.0,Biaya Operasional Kantor,Biaya Materai,beban,34236520.0,50838444.0
cm_2025_05_biaya_operasional_kantor_biaya_materai_beban,snapshot_istantoro_2022_mar_2026,2025-05,monthly,2025,5.0,Biaya Operasional Kantor,Biaya Materai,beban,34187453.0,50449763.0
cm_2025_06_biaya_operasional_kantor_biaya_materai_beban,snapshot_istantoro_2022_mar_2026,2025-06,monthly,2025,6.0,Biaya Operasional Kantor,Biaya Materai,beban,41172716.0,49729856.0
cm_2025_07_biaya_operasional_kantor_biaya_materai_beban,snapshot_istantoro_2022_mar_2026,2025-07,monthly,2025,7.0,Biaya Operasional Kantor,Biaya Materai,beban,30462189.0,52190483.0
cm_2025_08_biaya_operasional_kantor_biaya_materai_beban,snapshot_istantoro_2022_mar_2026,2025-08,monthly,2025,8.0,Biaya Operasional Kantor,Biaya Materai,beban,29338915.0,51812575.0
cm_2025_09_biaya_operasional_kantor_biaya_materai_beban,snapshot_istantoro_2022_mar_2026,2025-09,monthly,2025,9.0,Biaya Operasional Kantor,Biaya Materai,beban,34816120.0,50731925.0
cm_2025_10_biaya_operasional_kantor_biaya_materai_beban,snapshot_istantoro_2022_mar_2026,2025-10,monthly,2025,10.0,Biaya Operasional Kantor,Biaya Materai,beban,34087663.0,51051302.0
cm_2025_11_biaya_operasional_kantor_biaya_materai_beban,snapshot_istantoro_2022_mar_2026,2025-11,monthly,2025,11.0,Biaya Operasional Kantor,Biaya Materai,beban,34730557.0,49906723.0
cm_2025_12_biaya_operasional_kantor_biaya_materai_beban,snapshot_istantoro_2022_mar_2026,2025-12,monthly,2025,12.0,Biaya Operasional Kantor,Biaya Materai,beban,43424651.0,50870297.0
cm_2026_01_biaya_operasional_kantor_biaya_materai_beban,snapshot_istantoro_2022_mar_2026,2026-01,monthly,2026,1.0,Biaya Operasional Kantor,Biaya Materai,beban,37728601.0,46440657.0
cm_2026_02_biaya_operasional_kantor_biaya_materai_beban,snapshot_istantoro_2022_mar_2026,2026-02,monthly,2026,2.0,Biaya Operasional Kantor,Biaya Materai,beban,35540270.0,45945440.0
cm_2026_03_biaya_operasional_kantor_biaya_materai_beban,snapshot_istantoro_2022_mar_2026,2026-03,monthly,2026,3.0,Biaya Operasional Kantor,Biaya Materai,beban,35987059.0,47254020.0
cm_2022_biaya_operasional_kantor_biaya_telpon_dan_faximile_beban,snapshot_istantoro_2022_mar_2026,2022,annual,2022,,Biaya Operasional Kantor,Biaya Telpon Dan Faximile,beban,1293870157.0,922398660059.0
cm_2023_biaya_operasional_kantor_biaya_telpon_dan_faximile_beban,snapshot_istantoro_2022_mar_2026,2023,annual,2023,,Biaya Operasional Kantor,Biaya Telpon Dan Faximile,beban,838743675.0,1037518306.0
cm_2024_biaya_operasional_kantor_biaya_telpon_dan_faximile_beban,snapshot_istantoro_2022_mar_2026,2024,annual,2024,,Biaya Operasional Kantor,Biaya Telpon Dan Faximile,beban,883240614.0,1168955331.0
cm_2025_biaya_operasional_kantor_biaya_telpon_dan_faximile_beban,snapshot_istantoro_2022_mar_2026,2025,annual,2025,,Biaya Operasional Kantor,Biaya Telpon Dan Faximile,beban,1238027997.0,968918863.0
cm_2025_01_biaya_operasional_kantor_biaya_telpon_dan_faximile_beban,snapshot_istantoro_2022_mar_2026,2025-01,monthly,2025,1.0,Biaya Operasional Kantor,Biaya Telpon Dan Faximile,beban,75105163.0,81801157.0
cm_2025_02_biaya_operasional_kantor_biaya_telpon_dan_faximile_beban,snapshot_istantoro_2022_mar_2026,2025-02,monthly,2025,2.0,Biaya Operasional Kantor,Biaya Telpon Dan Faximile,beban,102002303.0,81615540.0
cm_2025_03_biaya_operasional_kantor_biaya_telpon_dan_faximile_beban,snapshot_istantoro_2022_mar_2026,2025-03,monthly,2025,3.0,Biaya Operasional Kantor,Biaya Telpon Dan Faximile,beban,138086832.0,82034886.0
cm_2025_04_biaya_operasional_kantor_biaya_telpon_dan_faximile_beban,snapshot_istantoro_2022_mar_2026,2025-04,monthly,2025,4.0,Biaya Operasional Kantor,Biaya Telpon Dan Faximile,beban,81747792.0,83764561.0
cm_2025_05_biaya_operasional_kantor_biaya_telpon_dan_faximile_beban,snapshot_istantoro_2022_mar_2026,2025-05,monthly,2025,5.0,Biaya Operasional Kantor,Biaya Telpon Dan Faximile,beban,86950496.0,82293695.0
cm_2025_06_biaya_operasional_kantor_biaya_telpon_dan_faximile_beban,snapshot_istantoro_2022_mar_2026,2025-06,monthly,2025,6.0,Biaya Operasional Kantor,Biaya Telpon Dan Faximile,beban,88171091.0,83825029.0
cm_2025_07_biaya_operasional_kantor_biaya_telpon_dan_faximile_beban,snapshot_istantoro_2022_mar_2026,2025-07,monthly,2025,7.0,Biaya Operasional Kantor,Biaya Telpon Dan Faximile,beban,134341679.0,82749949.0
cm_2025_08_biaya_operasional_kantor_biaya_telpon_dan_faximile_beban,snapshot_istantoro_2022_mar_2026,2025-08,monthly,2025,8.0,Biaya Operasional Kantor,Biaya Telpon Dan Faximile,beban,121691987.0,81591374.0
cm_2025_09_biaya_operasional_kantor_biaya_telpon_dan_faximile_beban,snapshot_istantoro_2022_mar_2026,2025-09,monthly,2025,9.0,Biaya Operasional Kantor,Biaya Telpon Dan Faximile,beban,96965977.0,83903929.0
cm_2025_10_biaya_operasional_kantor_biaya_telpon_dan_faximile_beban,snapshot_istantoro_2022_mar_2026,2025-10,monthly,2025,10.0,Biaya Operasional Kantor,Biaya Telpon Dan Faximile,beban,161345726.0,81078462.0
cm_2025_11_biaya_operasional_kantor_biaya_telpon_dan_faximile_beban,snapshot_istantoro_2022_mar_2026,2025-11,monthly,2025,11.0,Biaya Operasional Kantor,Biaya Telpon Dan Faximile,beban,97888691.0,81009731.0
cm_2025_12_biaya_operasional_kantor_biaya_telpon_dan_faximile_beban,snapshot_istantoro_2022_mar_2026,2025-12,monthly,2025,12.0,Biaya Operasional Kantor,Biaya Telpon Dan Faximile,beban,109562623.0,82394172.0
cm_2026_01_biaya_operasional_kantor_biaya_telpon_dan_faximile_beban,snapshot_istantoro_2022_mar_2026,2026-01,monthly,2026,1.0,Biaya Operasional Kantor,Biaya Telpon Dan Faximile,beban,179334433.0,120888283.0
cm_2026_02_biaya_operasional_kantor_biaya_telpon_dan_faximile_beban,snapshot_istantoro_2022_mar_2026,2026-02,monthly,2026,2.0,Biaya Operasional Kantor,Biaya Telpon Dan Faximile,beban,174526007.0,119035592.0
cm_2026_03_biaya_operasional_kantor_biaya_telpon_dan_faximile_beban,snapshot_istantoro_2022_mar_2026,2026-03,monthly,2026,3.0,Biaya Operasional Kantor,Biaya Telpon Dan Faximile,beban,117278602.0,123739472.0
cm_2022_biaya_operasional_kantor_biaya_expedisi_beban,snapshot_istantoro_2022_mar_2026,2022,annual,2022,,Biaya Operasional Kantor,Biaya Expedisi,beban,509180932.0,474529428580.0
cm_2023_biaya_operasional_kantor_biaya_expedisi_beban,snapshot_istantoro_2022_mar_2026,2023,annual,2023,,Biaya Operasional Kantor,Biaya Expedisi,beban,456953666.0,634074456.0
cm_2024_biaya_operasional_kantor_biaya_expedisi_beban,snapshot_istantoro_2022_mar_2026,2024,annual,2024,,Biaya Operasional Kantor,Biaya Expedisi,beban,504292427.0,719375205.0
cm_2025_biaya_operasional_kantor_biaya_expedisi_beban,snapshot_istantoro_2022_mar_2026,2025,annual,2025,,Biaya Operasional Kantor,Biaya Expedisi,beban,500999503.0,580827713.0
cm_2025_01_biaya_operasional_kantor_biaya_expedisi_beban,snapshot_istantoro_2022_mar_2026,2025-01,monthly,2025,1.0,Biaya Operasional Kantor,Biaya Expedisi,beban,28140336.0,49247383.0
cm_2025_02_biaya_operasional_kantor_biaya_expedisi_beban,snapshot_istantoro_2022_mar_2026,2025-02,monthly,2025,2.0,Biaya Operasional Kantor,Biaya Expedisi,beban,77744220.0,47153784.0
cm_2025_03_biaya_operasional_kantor_biaya_expedisi_beban,snapshot_istantoro_2022_mar_2026,2025-03,monthly,2025,3.0,Biaya Operasional Kantor,Biaya Expedisi,beban,55589771.0,48396547.0
cm_2025_04_biaya_operasional_kantor_biaya_expedisi_beban,snapshot_istantoro_2022_mar_2026,2025-04,monthly,2025,4.0,Biaya Operasional Kantor,Biaya Expedisi,beban,23922960.0,49260535.0
cm_2025_05_biaya_operasional_kantor_biaya_expedisi_beban,snapshot_istantoro_2022_mar_2026,2025-05,monthly,2025,5.0,Biaya Operasional Kantor,Biaya Expedisi,beban,20098747.0,48436741.0
cm_2025_06_biaya_operasional_kantor_biaya_expedisi_beban,snapshot_istantoro_2022_mar_2026,2025-06,monthly,2025,6.0,Biaya Operasional Kantor,Biaya Expedisi,beban,35399197.0,48826867.0
cm_2025_07_biaya_operasional_kantor_biaya_expedisi_beban,snapshot_istantoro_2022_mar_2026,2025-07,monthly,2025,7.0,Biaya Operasional Kantor,Biaya Expedisi,beban,28614114.0,47826394.0
cm_2025_08_biaya_operasional_kantor_biaya_expedisi_beban,snapshot_istantoro_2022_mar_2026,2025-08,monthly,2025,8.0,Biaya Operasional Kantor,Biaya Expedisi,beban,38324398.0,47017868.0
cm_2025_09_biaya_operasional_kantor_biaya_expedisi_beban,snapshot_istantoro_2022_mar_2026,2025-09,monthly,2025,9.0,Biaya Operasional Kantor,Biaya Expedisi,beban,31302547.0,48074673.0
cm_2025_10_biaya_operasional_kantor_biaya_expedisi_beban,snapshot_istantoro_2022_mar_2026,2025-10,monthly,2025,10.0,Biaya Operasional Kantor,Biaya Expedisi,beban,37368992.0,47891274.0
cm_2025_11_biaya_operasional_kantor_biaya_expedisi_beban,snapshot_istantoro_2022_mar_2026,2025-11,monthly,2025,11.0,Biaya Operasional Kantor,Biaya Expedisi,beban,27164619.0,49257876.0
cm_2025_12_biaya_operasional_kantor_biaya_expedisi_beban,snapshot_istantoro_2022_mar_2026,2025-12,monthly,2025,12.0,Biaya Operasional Kantor,Biaya Expedisi,beban,90660883.0,47456106.0
cm_2026_01_biaya_operasional_kantor_biaya_expedisi_beban,snapshot_istantoro_2022_mar_2026,2026-01,monthly,2026,1.0,Biaya Operasional Kantor,Biaya Expedisi,beban,42948317.0,43840347.0
cm_2026_02_biaya_operasional_kantor_biaya_expedisi_beban,snapshot_istantoro_2022_mar_2026,2026-02,monthly,2026,2.0,Biaya Operasional Kantor,Biaya Expedisi,beban,23594298.0,43818351.0
cm_2026_03_biaya_operasional_kantor_biaya_expedisi_beban,snapshot_istantoro_2022_mar_2026,2026-03,monthly,2026,3.0,Biaya Operasional Kantor,Biaya Expedisi,beban,43303336.0,42000332.0
cm_2022_biaya_operasional_kantor_biaya_atk_dan_fotocopy_beban,snapshot_istantoro_2022_mar_2026,2022,annual,2022,,Biaya Operasional Kantor,Biaya Atk Dan Fotocopy,beban,951312548.0,600029367814.0
cm_2023_biaya_operasional_kantor_biaya_atk_dan_fotocopy_beban,snapshot_istantoro_2022_mar_2026,2023,annual,2023,,Biaya Operasional Kantor,Biaya Atk Dan Fotocopy,beban,966224453.0,1215680275.0
cm_2024_biaya_operasional_kantor_biaya_atk_dan_fotocopy_beban,snapshot_istantoro_2022_mar_2026,2024,annual,2024,,Biaya Operasional Kantor,Biaya Atk Dan Fotocopy,beban,1020850941.0,1342817405.0
cm_2025_biaya_operasional_kantor_biaya_atk_dan_fotocopy_beban,snapshot_istantoro_2022_mar_2026,2025,annual,2025,,Biaya Operasional Kantor,Biaya Atk Dan Fotocopy,beban,806075477.0,879440321.0
cm_2025_01_biaya_operasional_kantor_biaya_atk_dan_fotocopy_beban,snapshot_istantoro_2022_mar_2026,2025-01,monthly,2025,1.0,Biaya Operasional Kantor,Biaya Atk Dan Fotocopy,beban,64214040.0,72746458.0
cm_2025_02_biaya_operasional_kantor_biaya_atk_dan_fotocopy_beban,snapshot_istantoro_2022_mar_2026,2025-02,monthly,2025,2.0,Biaya Operasional Kantor,Biaya Atk Dan Fotocopy,beban,57379317.0,73651381.0
cm_2025_03_biaya_operasional_kantor_biaya_atk_dan_fotocopy_beban,snapshot_istantoro_2022_mar_2026,2025-03,monthly,2025,3.0,Biaya Operasional Kantor,Biaya Atk Dan Fotocopy,beban,58562439.0,74364721.0
cm_2025_04_biaya_operasional_kantor_biaya_atk_dan_fotocopy_beban,snapshot_istantoro_2022_mar_2026,2025-04,monthly,2025,4.0,Biaya Operasional Kantor,Biaya Atk Dan Fotocopy,beban,38584358.0,72536780.0
cm_2025_05_biaya_operasional_kantor_biaya_atk_dan_fotocopy_beban,snapshot_istantoro_2022_mar_2026,2025-05,monthly,2025,5.0,Biaya Operasional Kantor,Biaya Atk Dan Fotocopy,beban,100357907.0,74579611.0
cm_2025_06_biaya_operasional_kantor_biaya_atk_dan_fotocopy_beban,snapshot_istantoro_2022_mar_2026,2025-06,monthly,2025,6.0,Biaya Operasional Kantor,Biaya Atk Dan Fotocopy,beban,85376626.0,71558084.0
cm_2025_07_biaya_operasional_kantor_biaya_atk_dan_fotocopy_beban,snapshot_istantoro_2022_mar_2026,2025-07,monthly,2025,7.0,Biaya Operasional Kantor,Biaya Atk Dan Fotocopy,beban,73628104.0,71547658.0
cm_2025_08_biaya_operasional_kantor_biaya_atk_dan_fotocopy_beban,snapshot_istantoro_2022_mar_2026,2025-08,monthly,2025,8.0,Biaya Operasional Kantor,Biaya Atk Dan Fotocopy,beban,57879288.0,73034531.0
cm_2025_09_biaya_operasional_kantor_biaya_atk_dan_fotocopy_beban,snapshot_istantoro_2022_mar_2026,2025-09,monthly,2025,9.0,Biaya Operasional Kantor,Biaya Atk Dan Fotocopy,beban,86438605.0,72889748.0
cm_2025_10_biaya_operasional_kantor_biaya_atk_dan_fotocopy_beban,snapshot_istantoro_2022_mar_2026,2025-10,monthly,2025,10.0,Biaya Operasional Kantor,Biaya Atk Dan Fotocopy,beban,56175679.0,72722791.0
cm_2025_11_biaya_operasional_kantor_biaya_atk_dan_fotocopy_beban,snapshot_istantoro_2022_mar_2026,2025-11,monthly,2025,11.0,Biaya Operasional Kantor,Biaya Atk Dan Fotocopy,beban,68618294.0,73496628.0
cm_2025_12_biaya_operasional_kantor_biaya_atk_dan_fotocopy_beban,snapshot_istantoro_2022_mar_2026,2025-12,monthly,2025,12.0,Biaya Operasional Kantor,Biaya Atk Dan Fotocopy,beban,63405441.0,72745295.0
cm_2026_01_biaya_operasional_kantor_biaya_atk_dan_fotocopy_beban,snapshot_istantoro_2022_mar_2026,2026-01,monthly,2026,1.0,Biaya Operasional Kantor,Biaya Atk Dan Fotocopy,beban,57141388.0,72178356.0
cm_2026_02_biaya_operasional_kantor_biaya_atk_dan_fotocopy_beban,snapshot_istantoro_2022_mar_2026,2026-02,monthly,2026,2.0,Biaya Operasional Kantor,Biaya Atk Dan Fotocopy,beban,78552041.0,72695514.0
cm_2026_03_biaya_operasional_kantor_biaya_atk_dan_fotocopy_beban,snapshot_istantoro_2022_mar_2026,2026-03,monthly,2026,3.0,Biaya Operasional Kantor,Biaya Atk Dan Fotocopy,beban,96736638.0,75631525.0
cm_2022_biaya_operasional_kantor_biaya_administrasi_tender_beban,snapshot_istantoro_2022_mar_2026,2022,annual,2022,,Biaya Operasional Kantor,Biaya Administrasi Tender,beban,113596037.0,167088310492.0
cm_2023_biaya_operasional_kantor_biaya_administrasi_tender_beban,snapshot_istantoro_2022_mar_2026,2023,annual,2023,,Biaya Operasional Kantor,Biaya Administrasi Tender,beban,170178135.0,169447034.0
cm_2024_biaya_operasional_kantor_biaya_administrasi_tender_beban,snapshot_istantoro_2022_mar_2026,2024,annual,2024,,Biaya Operasional Kantor,Biaya Administrasi Tender,beban,281678096.0,289250367.0
cm_2025_biaya_operasional_kantor_biaya_administrasi_tender_beban,snapshot_istantoro_2022_mar_2026,2025,annual,2025,,Biaya Operasional Kantor,Biaya Administrasi Tender,beban,491875112.0,482254436.0
cm_2025_01_biaya_operasional_kantor_biaya_administrasi_tender_beban,snapshot_istantoro_2022_mar_2026,2025-01,monthly,2025,1.0,Biaya Operasional Kantor,Biaya Administrasi Tender,beban,2150003.0,38449740.0
cm_2025_02_biaya_operasional_kantor_biaya_administrasi_tender_beban,snapshot_istantoro_2022_mar_2026,2025-02,monthly,2025,2.0,Biaya Operasional Kantor,Biaya Administrasi Tender,beban,16679464.0,39480051.0
cm_2025_03_biaya_operasional_kantor_biaya_administrasi_tender_beban,snapshot_istantoro_2022_mar_2026,2025-03,monthly,2025,3.0,Biaya Operasional Kantor,Biaya Administrasi Tender,beban,18973802.0,39561370.0
cm_2025_04_biaya_operasional_kantor_biaya_administrasi_tender_beban,snapshot_istantoro_2022_mar_2026,2025-04,monthly,2025,4.0,Biaya Operasional Kantor,Biaya Administrasi Tender,beban,9200081.0,39306745.0
cm_2025_05_biaya_operasional_kantor_biaya_administrasi_tender_beban,snapshot_istantoro_2022_mar_2026,2025-05,monthly,2025,5.0,Biaya Operasional Kantor,Biaya Administrasi Tender,beban,12117755.0,38091159.0
cm_2025_06_biaya_operasional_kantor_biaya_administrasi_tender_beban,snapshot_istantoro_2022_mar_2026,2025-06,monthly,2025,6.0,Biaya Operasional Kantor,Biaya Administrasi Tender,beban,26334282.0,39469717.0
cm_2025_07_biaya_operasional_kantor_biaya_administrasi_tender_beban,snapshot_istantoro_2022_mar_2026,2025-07,monthly,2025,7.0,Biaya Operasional Kantor,Biaya Administrasi Tender,beban,4880118.0,38033787.0
cm_2025_08_biaya_operasional_kantor_biaya_administrasi_tender_beban,snapshot_istantoro_2022_mar_2026,2025-08,monthly,2025,8.0,Biaya Operasional Kantor,Biaya Administrasi Tender,beban,12080051.0,39280543.0
cm_2025_09_biaya_operasional_kantor_biaya_administrasi_tender_beban,snapshot_istantoro_2022_mar_2026,2025-09,monthly,2025,9.0,Biaya Operasional Kantor,Biaya Administrasi Tender,beban,24799077.0,39616664.0
cm_2025_10_biaya_operasional_kantor_biaya_administrasi_tender_beban,snapshot_istantoro_2022_mar_2026,2025-10,monthly,2025,10.0,Biaya Operasional Kantor,Biaya Administrasi Tender,beban,201822787.0,38377961.0
cm_2025_11_biaya_operasional_kantor_biaya_administrasi_tender_beban,snapshot_istantoro_2022_mar_2026,2025-11,monthly,2025,11.0,Biaya Operasional Kantor,Biaya Administrasi Tender,beban,13406084.0,39855778.0
cm_2025_12_biaya_operasional_kantor_biaya_administrasi_tender_beban,snapshot_istantoro_2022_mar_2026,2025-12,monthly,2025,12.0,Biaya Operasional Kantor,Biaya Administrasi Tender,beban,149238183.0,37954721.0
cm_2026_01_biaya_operasional_kantor_biaya_administrasi_tender_beban,snapshot_istantoro_2022_mar_2026,2026-01,monthly,2026,1.0,Biaya Operasional Kantor,Biaya Administrasi Tender,beban,18623982.0,39860912.0
cm_2026_02_biaya_operasional_kantor_biaya_administrasi_tender_beban,snapshot_istantoro_2022_mar_2026,2026-02,monthly,2026,2.0,Biaya Operasional Kantor,Biaya Administrasi Tender,beban,16959043.0,38962288.0
cm_2026_03_biaya_operasional_kantor_biaya_administrasi_tender_beban,snapshot_istantoro_2022_mar_2026,2026-03,monthly,2026,3.0,Biaya Operasional Kantor,Biaya Administrasi Tender,beban,12570569.0,38393470.0
cm_2022_biaya_operasional_kantor_biaya_listrik_beban,snapshot_istantoro_2022_mar_2026,2022,annual,2022,,Biaya Operasional Kantor,Biaya Listrik,beban,1414918495.0,1324882958953.0
cm_2023_biaya_operasional_kantor_biaya_listrik_beban,snapshot_istantoro_2022_mar_2026,2023,annual,2023,,Biaya Operasional Kantor,Biaya Listrik,beban,1507905050.0,1644846683.0
cm_2024_biaya_operasional_kantor_biaya_listrik_beban,snapshot_istantoro_2022_mar_2026,2024,annual,2024,,Biaya Operasional Kantor,Biaya Listrik,beban,1700040010.0,1716260000.0
cm_2025_biaya_operasional_kantor_biaya_listrik_beban,snapshot_istantoro_2022_mar_2026,2025,annual,2025,,Biaya Operasional Kantor,Biaya Listrik,beban,1601139213.0,1726928097.0
cm_2025_01_biaya_operasional_kantor_biaya_listrik_beban,snapshot_istantoro_2022_mar_2026,2025-01,monthly,2025,1.0,Biaya Operasional Kantor,Biaya Listrik,beban,142663944.0,145218508.0
cm_2025_02_biaya_operasional_kantor_biaya_listrik_beban,snapshot_istantoro_2022_mar_2026,2025-02,monthly,2025,2.0,Biaya Operasional Kantor,Biaya Listrik,beban,129821949.0,147613940.0
cm_2025_03_biaya_operasional_kantor_biaya_listrik_beban,snapshot_istantoro_2022_mar_2026,2025-03,monthly,2025,3.0,Biaya Operasional Kantor,Biaya Listrik,beban,138232616.0,146950621.0
cm_2025_04_biaya_operasional_kantor_biaya_listrik_beban,snapshot_istantoro_2022_mar_2026,2025-04,monthly,2025,4.0,Biaya Operasional Kantor,Biaya Listrik,beban,115169408.0,143264800.0
cm_2025_05_biaya_operasional_kantor_biaya_listrik_beban,snapshot_istantoro_2022_mar_2026,2025-05,monthly,2025,5.0,Biaya Operasional Kantor,Biaya Listrik,beban,114254097.0,144707661.0
cm_2025_06_biaya_operasional_kantor_biaya_listrik_beban,snapshot_istantoro_2022_mar_2026,2025-06,monthly,2025,6.0,Biaya Operasional Kantor,Biaya Listrik,beban,137080601.0,144259406.0
cm_2025_07_biaya_operasional_kantor_biaya_listrik_beban,snapshot_istantoro_2022_mar_2026,2025-07,monthly,2025,7.0,Biaya Operasional Kantor,Biaya Listrik,beban,133048405.0,144037734.0
cm_2025_08_biaya_operasional_kantor_biaya_listrik_beban,snapshot_istantoro_2022_mar_2026,2025-08,monthly,2025,8.0,Biaya Operasional Kantor,Biaya Listrik,beban,151178856.0,145775323.0
cm_2025_09_biaya_operasional_kantor_biaya_listrik_beban,snapshot_istantoro_2022_mar_2026,2025-09,monthly,2025,9.0,Biaya Operasional Kantor,Biaya Listrik,beban,149664761.0,148350797.0
cm_2025_10_biaya_operasional_kantor_biaya_listrik_beban,snapshot_istantoro_2022_mar_2026,2025-10,monthly,2025,10.0,Biaya Operasional Kantor,Biaya Listrik,beban,142861304.0,144072117.0
cm_2025_11_biaya_operasional_kantor_biaya_listrik_beban,snapshot_istantoro_2022_mar_2026,2025-11,monthly,2025,11.0,Biaya Operasional Kantor,Biaya Listrik,beban,157111089.0,145384321.0
cm_2025_12_biaya_operasional_kantor_biaya_listrik_beban,snapshot_istantoro_2022_mar_2026,2025-12,monthly,2025,12.0,Biaya Operasional Kantor,Biaya Listrik,beban,147839408.0,145597460.0
cm_2026_01_biaya_operasional_kantor_biaya_listrik_beban,snapshot_istantoro_2022_mar_2026,2026-01,monthly,2026,1.0,Biaya Operasional Kantor,Biaya Listrik,beban,140355249.0,150746340.0
cm_2026_02_biaya_operasional_kantor_biaya_listrik_beban,snapshot_istantoro_2022_mar_2026,2026-02,monthly,2026,2.0,Biaya Operasional Kantor,Biaya Listrik,beban,134077233.0,150554730.0
cm_2026_03_biaya_operasional_kantor_biaya_listrik_beban,snapshot_istantoro_2022_mar_2026,2026-03,monthly,2026,3.0,Biaya Operasional Kantor,Biaya Listrik,beban,124032399.0,149195896.0
cm_2022_biaya_operasional_kantor_biaya_rumah_tangga_beban,snapshot_istantoro_2022_mar_2026,2022,annual,2022,,Biaya Operasional Kantor,Biaya Rumah Tangga,beban,1832545368.0,773530753762.0
cm_2023_biaya_operasional_kantor_biaya_rumah_tangga_beban,snapshot_istantoro_2022_mar_2026,2023,annual,2023,,Biaya Operasional Kantor,Biaya Rumah Tangga,beban,1159160015.0,1238579660.0
cm_2024_biaya_operasional_kantor_biaya_rumah_tangga_beban,snapshot_istantoro_2022_mar_2026,2024,annual,2024,,Biaya Operasional Kantor,Biaya Rumah Tangga,beban,1397962433.0,1383323350.0
cm_2025_biaya_operasional_kantor_biaya_rumah_tangga_beban,snapshot_istantoro_2022_mar_2026,2025,annual,2025,,Biaya Operasional Kantor,Biaya Rumah Tangga,beban,1416105835.0,1464345631.0
cm_2025_01_biaya_operasional_kantor_biaya_rumah_tangga_beban,snapshot_istantoro_2022_mar_2026,2025-01,monthly,2025,1.0,Biaya Operasional Kantor,Biaya Rumah Tangga,beban,125444884.0,123804503.0
cm_2025_02_biaya_operasional_kantor_biaya_rumah_tangga_beban,snapshot_istantoro_2022_mar_2026,2025-02,monthly,2025,2.0,Biaya Operasional Kantor,Biaya Rumah Tangga,beban,118003639.0,125822805.0
cm_2025_03_biaya_operasional_kantor_biaya_rumah_tangga_beban,snapshot_istantoro_2022_mar_2026,2025-03,monthly,2025,3.0,Biaya Operasional Kantor,Biaya Rumah Tangga,beban,89712506.0,126421274.0
cm_2025_04_biaya_operasional_kantor_biaya_rumah_tangga_beban,snapshot_istantoro_2022_mar_2026,2025-04,monthly,2025,4.0,Biaya Operasional Kantor,Biaya Rumah Tangga,beban,92198898.0,126321333.0
cm_2025_05_biaya_operasional_kantor_biaya_rumah_tangga_beban,snapshot_istantoro_2022_mar_2026,2025-05,monthly,2025,5.0,Biaya Operasional Kantor,Biaya Rumah Tangga,beban,123784107.0,122718503.0
cm_2025_06_biaya_operasional_kantor_biaya_rumah_tangga_beban,snapshot_istantoro_2022_mar_2026,2025-06,monthly,2025,6.0,Biaya Operasional Kantor,Biaya Rumah Tangga,beban,117763868.0,125150833.0
cm_2025_07_biaya_operasional_kantor_biaya_rumah_tangga_beban,snapshot_istantoro_2022_mar_2026,2025-07,monthly,2025,7.0,Biaya Operasional Kantor,Biaya Rumah Tangga,beban,131672136.0,122370676.0
cm_2025_08_biaya_operasional_kantor_biaya_rumah_tangga_beban,snapshot_istantoro_2022_mar_2026,2025-08,monthly,2025,8.0,Biaya Operasional Kantor,Biaya Rumah Tangga,beban,105066552.0,120499947.0
cm_2025_09_biaya_operasional_kantor_biaya_rumah_tangga_beban,snapshot_istantoro_2022_mar_2026,2025-09,monthly,2025,9.0,Biaya Operasional Kantor,Biaya Rumah Tangga,beban,121707023.0,125257249.0
cm_2025_10_biaya_operasional_kantor_biaya_rumah_tangga_beban,snapshot_istantoro_2022_mar_2026,2025-10,monthly,2025,10.0,Biaya Operasional Kantor,Biaya Rumah Tangga,beban,118139724.0,120120661.0
cm_2025_11_biaya_operasional_kantor_biaya_rumah_tangga_beban,snapshot_istantoro_2022_mar_2026,2025-11,monthly,2025,11.0,Biaya Operasional Kantor,Biaya Rumah Tangga,beban,101440604.0,123086123.0
cm_2025_12_biaya_operasional_kantor_biaya_rumah_tangga_beban,snapshot_istantoro_2022_mar_2026,2025-12,monthly,2025,12.0,Biaya Operasional Kantor,Biaya Rumah Tangga,beban,130688148.0,122493534.0
cm_2026_01_biaya_operasional_kantor_biaya_rumah_tangga_beban,snapshot_istantoro_2022_mar_2026,2026-01,monthly,2026,1.0,Biaya Operasional Kantor,Biaya Rumah Tangga,beban,116195709.0,125196450.0
cm_2026_02_biaya_operasional_kantor_biaya_rumah_tangga_beban,snapshot_istantoro_2022_mar_2026,2026-02,monthly,2026,2.0,Biaya Operasional Kantor,Biaya Rumah Tangga,beban,117538486.0,125737540.0
cm_2026_03_biaya_operasional_kantor_biaya_rumah_tangga_beban,snapshot_istantoro_2022_mar_2026,2026-03,monthly,2026,3.0,Biaya Operasional Kantor,Biaya Rumah Tangga,beban,80892044.0,122305779.0
cm_2022_biaya_operasional_kantor_biaya_perlengkapan_kantor_beban,snapshot_istantoro_2022_mar_2026,2022,annual,2022,,Biaya Operasional Kantor,Biaya Perlengkapan Kantor,beban,200266399.0,67166441184.0
cm_2023_biaya_operasional_kantor_biaya_perlengkapan_kantor_beban,snapshot_istantoro_2022_mar_2026,2023,annual,2023,,Biaya Operasional Kantor,Biaya Perlengkapan Kantor,beban,127753559.0,208875915.0
cm_2024_biaya_operasional_kantor_biaya_perlengkapan_kantor_beban,snapshot_istantoro_2022_mar_2026,2024,annual,2024,,Biaya Operasional Kantor,Biaya Perlengkapan Kantor,beban,165478917.0,231891799.0
cm_2025_biaya_operasional_kantor_biaya_perlengkapan_kantor_beban,snapshot_istantoro_2022_mar_2026,2025,annual,2025,,Biaya Operasional Kantor,Biaya Perlengkapan Kantor,beban,108193769.0,159875417.0
cm_2025_01_biaya_operasional_kantor_biaya_perlengkapan_kantor_beban,snapshot_istantoro_2022_mar_2026,2025-01,monthly,2025,1.0,Biaya Operasional Kantor,Biaya Perlengkapan Kantor,beban,51840100.0,13296060.0
cm_2025_02_biaya_operasional_kantor_biaya_perlengkapan_kantor_beban,snapshot_istantoro_2022_mar_2026,2025-02,monthly,2025,2.0,Biaya Operasional Kantor,Biaya Perlengkapan Kantor,beban,12561185.0,13528273.0
cm_2025_03_biaya_operasional_kantor_biaya_perlengkapan_kantor_beban,snapshot_istantoro_2022_mar_2026,2025-03,monthly,2025,3.0,Biaya Operasional Kantor,Biaya Perlengkapan Kantor,beban,12367427.0,12927169.0
cm_2025_04_biaya_operasional_kantor_biaya_perlengkapan_kantor_beban,snapshot_istantoro_2022_mar_2026,2025-04,monthly,2025,4.0,Biaya Operasional Kantor,Biaya Perlengkapan Kantor,beban,68680932.0,13271926.0
cm_2025_05_biaya_operasional_kantor_biaya_perlengkapan_kantor_beban,snapshot_istantoro_2022_mar_2026,2025-05,monthly,2025,5.0,Biaya Operasional Kantor,Biaya Perlengkapan Kantor,beban,14426327.0,13230416.0
cm_2025_06_biaya_operasional_kantor_biaya_perlengkapan_kantor_beban,snapshot_istantoro_2022_mar_2026,2025-06,monthly,2025,6.0,Biaya Operasional Kantor,Biaya Perlengkapan Kantor,beban,89506633.0,13471278.0
cm_2025_07_biaya_operasional_kantor_biaya_perlengkapan_kantor_beban,snapshot_istantoro_2022_mar_2026,2025-07,monthly,2025,7.0,Biaya Operasional Kantor,Biaya Perlengkapan Kantor,beban,4438420.0,12872912.0
cm_2025_08_biaya_operasional_kantor_biaya_perlengkapan_kantor_beban,snapshot_istantoro_2022_mar_2026,2025-08,monthly,2025,8.0,Biaya Operasional Kantor,Biaya Perlengkapan Kantor,beban,4032956.0,13342494.0
cm_2025_09_biaya_operasional_kantor_biaya_perlengkapan_kantor_beban,snapshot_istantoro_2022_mar_2026,2025-09,monthly,2025,9.0,Biaya Operasional Kantor,Biaya Perlengkapan Kantor,beban,2845825.0,13197756.0
cm_2025_10_biaya_operasional_kantor_biaya_perlengkapan_kantor_beban,snapshot_istantoro_2022_mar_2026,2025-10,monthly,2025,10.0,Biaya Operasional Kantor,Biaya Perlengkapan Kantor,beban,10427079.0,12966210.0
cm_2025_11_biaya_operasional_kantor_biaya_perlengkapan_kantor_beban,snapshot_istantoro_2022_mar_2026,2025-11,monthly,2025,11.0,Biaya Operasional Kantor,Biaya Perlengkapan Kantor,beban,4561681.0,13123755.0
cm_2025_12_biaya_operasional_kantor_biaya_perlengkapan_kantor_beban,snapshot_istantoro_2022_mar_2026,2025-12,monthly,2025,12.0,Biaya Operasional Kantor,Biaya Perlengkapan Kantor,beban,1270593.0,13012827.0
cm_2026_01_biaya_operasional_kantor_biaya_perlengkapan_kantor_beban,snapshot_istantoro_2022_mar_2026,2026-01,monthly,2026,1.0,Biaya Operasional Kantor,Biaya Perlengkapan Kantor,beban,6799624.0,13206382.0
cm_2026_02_biaya_operasional_kantor_biaya_perlengkapan_kantor_beban,snapshot_istantoro_2022_mar_2026,2026-02,monthly,2026,2.0,Biaya Operasional Kantor,Biaya Perlengkapan Kantor,beban,996741.0,13450611.0
cm_2026_03_biaya_operasional_kantor_biaya_perlengkapan_kantor_beban,snapshot_istantoro_2022_mar_2026,2026-03,monthly,2026,3.0,Biaya Operasional Kantor,Biaya Perlengkapan Kantor,beban,11440621.0,13198489.0
cm_2022_biaya_operasional_kantor_biaya_sewa_kendaraan_beban,snapshot_istantoro_2022_mar_2026,2022,annual,2022,,Biaya Operasional Kantor,Biaya Sewa Kendaraan,beban,1207060228.0,744486032956.0
cm_2023_biaya_operasional_kantor_biaya_sewa_kendaraan_beban,snapshot_istantoro_2022_mar_2026,2023,annual,2023,,Biaya Operasional Kantor,Biaya Sewa Kendaraan,beban,691711602.0,1015189674.0
cm_2024_biaya_operasional_kantor_biaya_sewa_kendaraan_beban,snapshot_istantoro_2022_mar_2026,2024,annual,2024,,Biaya Operasional Kantor,Biaya Sewa Kendaraan,beban,582480216.0,986740590.0
cm_2025_biaya_operasional_kantor_biaya_sewa_kendaraan_beban,snapshot_istantoro_2022_mar_2026,2025,annual,2025,,Biaya Operasional Kantor,Biaya Sewa Kendaraan,beban,2122996822.0,3492858784.0
cm_2025_01_biaya_operasional_kantor_biaya_sewa_kendaraan_beban,snapshot_istantoro_2022_mar_2026,2025-01,monthly,2025,1.0,Biaya Operasional Kantor,Biaya Sewa Kendaraan,beban,4948277.0,295671040.0
cm_2025_02_biaya_operasional_kantor_biaya_sewa_kendaraan_beban,snapshot_istantoro_2022_mar_2026,2025-02,monthly,2025,2.0,Biaya Operasional Kantor,Biaya Sewa Kendaraan,beban,113449572.0,292444908.0
cm_2025_03_biaya_operasional_kantor_biaya_sewa_kendaraan_beban,snapshot_istantoro_2022_mar_2026,2025-03,monthly,2025,3.0,Biaya Operasional Kantor,Biaya Sewa Kendaraan,beban,256167919.0,290164692.0
cm_2025_04_biaya_operasional_kantor_biaya_sewa_kendaraan_beban,snapshot_istantoro_2022_mar_2026,2025-04,monthly,2025,4.0,Biaya Operasional Kantor,Biaya Sewa Kendaraan,beban,0.0,295886353.0
cm_2025_05_biaya_operasional_kantor_biaya_sewa_kendaraan_beban,snapshot_istantoro_2022_mar_2026,2025-05,monthly,2025,5.0,Biaya Operasional Kantor,Biaya Sewa Kendaraan,beban,191701222.0,292668090.0
cm_2025_06_biaya_operasional_kantor_biaya_sewa_kendaraan_beban,snapshot_istantoro_2022_mar_2026,2025-06,monthly,2025,6.0,Biaya Operasional Kantor,Biaya Sewa Kendaraan,beban,139006903.0,291519706.0
cm_2025_07_biaya_operasional_kantor_biaya_sewa_kendaraan_beban,snapshot_istantoro_2022_mar_2026,2025-07,monthly,2025,7.0,Biaya Operasional Kantor,Biaya Sewa Kendaraan,beban,5286625.0,295173785.0
cm_2025_08_biaya_operasional_kantor_biaya_sewa_kendaraan_beban,snapshot_istantoro_2022_mar_2026,2025-08,monthly,2025,8.0,Biaya Operasional Kantor,Biaya Sewa Kendaraan,beban,117977170.0,289304243.0
cm_2025_09_biaya_operasional_kantor_biaya_sewa_kendaraan_beban,snapshot_istantoro_2022_mar_2026,2025-09,monthly,2025,9.0,Biaya Operasional Kantor,Biaya Sewa Kendaraan,beban,343809864.0,303404965.0
cm_2025_10_biaya_operasional_kantor_biaya_sewa_kendaraan_beban,snapshot_istantoro_2022_mar_2026,2025-10,monthly,2025,10.0,Biaya Operasional Kantor,Biaya Sewa Kendaraan,beban,115116128.0,302339264.0
cm_2025_11_biaya_operasional_kantor_biaya_sewa_kendaraan_beban,snapshot_istantoro_2022_mar_2026,2025-11,monthly,2025,11.0,Biaya Operasional Kantor,Biaya Sewa Kendaraan,beban,329539459.0,299498012.0
cm_2025_12_biaya_operasional_kantor_biaya_sewa_kendaraan_beban,snapshot_istantoro_2022_mar_2026,2025-12,monthly,2025,12.0,Biaya Operasional Kantor,Biaya Sewa Kendaraan,beban,501013283.0,288823776.0
cm_2026_01_biaya_operasional_kantor_biaya_sewa_kendaraan_beban,snapshot_istantoro_2022_mar_2026,2026-01,monthly,2026,1.0,Biaya Operasional Kantor,Biaya Sewa Kendaraan,beban,238725031.0,261712238.0
cm_2026_02_biaya_operasional_kantor_biaya_sewa_kendaraan_beban,snapshot_istantoro_2022_mar_2026,2026-02,monthly,2026,2.0,Biaya Operasional Kantor,Biaya Sewa Kendaraan,beban,235236814.0,262207781.0
cm_2026_03_biaya_operasional_kantor_biaya_sewa_kendaraan_beban,snapshot_istantoro_2022_mar_2026,2026-03,monthly,2026,3.0,Biaya Operasional Kantor,Biaya Sewa Kendaraan,beban,113548222.0,261586922.0
cm_2022_biaya_operasional_kantor_biaya_amortisasi_sewa_kendaraan_direksi_beban,snapshot_istantoro_2022_mar_2026,2022,annual,2022,,Biaya Operasional Kantor,Biaya Amortisasi Sewa Kendaraan Direksi,beban,481116959.0,0.0
cm_2023_biaya_operasional_kantor_biaya_amortisasi_sewa_kendaraan_direksi_beban,snapshot_istantoro_2022_mar_2026,2023,annual,2023,,Biaya Operasional Kantor,Biaya Amortisasi Sewa Kendaraan Direksi,beban,552734154.0,617850005.0
cm_2024_biaya_operasional_kantor_biaya_amortisasi_sewa_kendaraan_direksi_beban,snapshot_istantoro_2022_mar_2026,2024,annual,2024,,Biaya Operasional Kantor,Biaya Amortisasi Sewa Kendaraan Direksi,beban,400968911.0,956941960.0
cm_2025_biaya_operasional_kantor_biaya_amortisasi_sewa_kendaraan_direksi_beban,snapshot_istantoro_2022_mar_2026,2025,annual,2025,,Biaya Operasional Kantor,Biaya Amortisasi Sewa Kendaraan Direksi,beban,0.0,799046259.0
cm_2025_01_biaya_operasional_kantor_biaya_amortisasi_sewa_kendaraan_direksi_beban,snapshot_istantoro_2022_mar_2026,2025-01,monthly,2025,1.0,Biaya Operasional Kantor,Biaya Amortisasi Sewa Kendaraan Direksi,beban,0.0,65580717.0
cm_2025_02_biaya_operasional_kantor_biaya_amortisasi_sewa_kendaraan_direksi_beban,snapshot_istantoro_2022_mar_2026,2025-02,monthly,2025,2.0,Biaya Operasional Kantor,Biaya Amortisasi Sewa Kendaraan Direksi,beban,0.0,65851179.0
cm_2025_03_biaya_operasional_kantor_biaya_amortisasi_sewa_kendaraan_direksi_beban,snapshot_istantoro_2022_mar_2026,2025-03,monthly,2025,3.0,Biaya Operasional Kantor,Biaya Amortisasi Sewa Kendaraan Direksi,beban,0.0,65114674.0
cm_2025_04_biaya_operasional_kantor_biaya_amortisasi_sewa_kendaraan_direksi_beban,snapshot_istantoro_2022_mar_2026,2025-04,monthly,2025,4.0,Biaya Operasional Kantor,Biaya Amortisasi Sewa Kendaraan Direksi,beban,0.0,65390187.0
cm_2025_05_biaya_operasional_kantor_biaya_amortisasi_sewa_kendaraan_direksi_beban,snapshot_istantoro_2022_mar_2026,2025-05,monthly,2025,5.0,Biaya Operasional Kantor,Biaya Amortisasi Sewa Kendaraan Direksi,beban,0.0,63454060.0
cm_2025_06_biaya_operasional_kantor_biaya_amortisasi_sewa_kendaraan_direksi_beban,snapshot_istantoro_2022_mar_2026,2025-06,monthly,2025,6.0,Biaya Operasional Kantor,Biaya Amortisasi Sewa Kendaraan Direksi,beban,0.0,65822022.0
cm_2025_07_biaya_operasional_kantor_biaya_amortisasi_sewa_kendaraan_direksi_beban,snapshot_istantoro_2022_mar_2026,2025-07,monthly,2025,7.0,Biaya Operasional Kantor,Biaya Amortisasi Sewa Kendaraan Direksi,beban,0.0,63638419.0
cm_2025_08_biaya_operasional_kantor_biaya_amortisasi_sewa_kendaraan_direksi_beban,snapshot_istantoro_2022_mar_2026,2025-08,monthly,2025,8.0,Biaya Operasional Kantor,Biaya Amortisasi Sewa Kendaraan Direksi,beban,0.0,65023224.0
cm_2025_09_biaya_operasional_kantor_biaya_amortisasi_sewa_kendaraan_direksi_beban,snapshot_istantoro_2022_mar_2026,2025-09,monthly,2025,9.0,Biaya Operasional Kantor,Biaya Amortisasi Sewa Kendaraan Direksi,beban,0.0,64465649.0
cm_2025_10_biaya_operasional_kantor_biaya_amortisasi_sewa_kendaraan_direksi_beban,snapshot_istantoro_2022_mar_2026,2025-10,monthly,2025,10.0,Biaya Operasional Kantor,Biaya Amortisasi Sewa Kendaraan Direksi,beban,0.0,65455676.0
cm_2025_11_biaya_operasional_kantor_biaya_amortisasi_sewa_kendaraan_direksi_beban,snapshot_istantoro_2022_mar_2026,2025-11,monthly,2025,11.0,Biaya Operasional Kantor,Biaya Amortisasi Sewa Kendaraan Direksi,beban,0.0,63841965.0
cm_2025_12_biaya_operasional_kantor_biaya_amortisasi_sewa_kendaraan_direksi_beban,snapshot_istantoro_2022_mar_2026,2025-12,monthly,2025,12.0,Biaya Operasional Kantor,Biaya Amortisasi Sewa Kendaraan Direksi,beban,0.0,66028353.0
cm_2026_01_biaya_operasional_kantor_biaya_amortisasi_sewa_kendaraan_direksi_beban,snapshot_istantoro_2022_mar_2026,2026-01,monthly,2026,1.0,Biaya Operasional Kantor,Biaya Amortisasi Sewa Kendaraan Direksi,beban,0.0,0.0
cm_2026_02_biaya_operasional_kantor_biaya_amortisasi_sewa_kendaraan_direksi_beban,snapshot_istantoro_2022_mar_2026,2026-02,monthly,2026,2.0,Biaya Operasional Kantor,Biaya Amortisasi Sewa Kendaraan Direksi,beban,0.0,0.0
cm_2026_03_biaya_operasional_kantor_biaya_amortisasi_sewa_kendaraan_direksi_beban,snapshot_istantoro_2022_mar_2026,2026-03,monthly,2026,3.0,Biaya Operasional Kantor,Biaya Amortisasi Sewa Kendaraan Direksi,beban,0.0,0.0
cm_2022_biaya_operasional_kantor_biaya_sewa_kantor_beban,snapshot_istantoro_2022_mar_2026,2022,annual,2022,,Biaya Operasional Kantor,Biaya Sewa Kantor,beban,1456711909.0,759861718517.0
cm_2023_biaya_operasional_kantor_biaya_sewa_kantor_beban,snapshot_istantoro_2022_mar_2026,2023,annual,2023,,Biaya Operasional Kantor,Biaya Sewa Kantor,beban,1664022679.0,3084186095.0
cm_2024_biaya_operasional_kantor_biaya_sewa_kantor_beban,snapshot_istantoro_2022_mar_2026,2024,annual,2024,,Biaya Operasional Kantor,Biaya Sewa Kantor,beban,2916883371.0,4916856105.0
cm_2025_biaya_operasional_kantor_biaya_sewa_kantor_beban,snapshot_istantoro_2022_mar_2026,2025,annual,2025,,Biaya Operasional Kantor,Biaya Sewa Kantor,beban,2095098031.0,3116774516.0
cm_2025_01_biaya_operasional_kantor_biaya_sewa_kantor_beban,snapshot_istantoro_2022_mar_2026,2025-01,monthly,2025,1.0,Biaya Operasional Kantor,Biaya Sewa Kantor,beban,82578440.0,271380325.0
cm_2025_02_biaya_operasional_kantor_biaya_sewa_kantor_beban,snapshot_istantoro_2022_mar_2026,2025-02,monthly,2025,2.0,Biaya Operasional Kantor,Biaya Sewa Kantor,beban,74177087.0,265824344.0
cm_2025_03_biaya_operasional_kantor_biaya_sewa_kantor_beban,snapshot_istantoro_2022_mar_2026,2025-03,monthly,2025,3.0,Biaya Operasional Kantor,Biaya Sewa Kantor,beban,77184051.0,264854212.0
cm_2025_04_biaya_operasional_kantor_biaya_sewa_kantor_beban,snapshot_istantoro_2022_mar_2026,2025-04,monthly,2025,4.0,Biaya Operasional Kantor,Biaya Sewa Kantor,beban,221260021.0,259113357.0
cm_2025_05_biaya_operasional_kantor_biaya_sewa_kantor_beban,snapshot_istantoro_2022_mar_2026,2025-05,monthly,2025,5.0,Biaya Operasional Kantor,Biaya Sewa Kantor,beban,72172968.0,267756810.0
cm_2025_06_biaya_operasional_kantor_biaya_sewa_kantor_beban,snapshot_istantoro_2022_mar_2026,2025-06,monthly,2025,6.0,Biaya Operasional Kantor,Biaya Sewa Kantor,beban,238695814.0,271234985.0
cm_2025_07_biaya_operasional_kantor_biaya_sewa_kantor_beban,snapshot_istantoro_2022_mar_2026,2025-07,monthly,2025,7.0,Biaya Operasional Kantor,Biaya Sewa Kantor,beban,142262741.0,270601049.0
cm_2025_08_biaya_operasional_kantor_biaya_sewa_kantor_beban,snapshot_istantoro_2022_mar_2026,2025-08,monthly,2025,8.0,Biaya Operasional Kantor,Biaya Sewa Kantor,beban,171311169.0,267382610.0
cm_2025_09_biaya_operasional_kantor_biaya_sewa_kantor_beban,snapshot_istantoro_2022_mar_2026,2025-09,monthly,2025,9.0,Biaya Operasional Kantor,Biaya Sewa Kantor,beban,175669108.0,258612863.0
cm_2025_10_biaya_operasional_kantor_biaya_sewa_kantor_beban,snapshot_istantoro_2022_mar_2026,2025-10,monthly,2025,10.0,Biaya Operasional Kantor,Biaya Sewa Kantor,beban,370686819.0,259203880.0
cm_2025_11_biaya_operasional_kantor_biaya_sewa_kantor_beban,snapshot_istantoro_2022_mar_2026,2025-11,monthly,2025,11.0,Biaya Operasional Kantor,Biaya Sewa Kantor,beban,213229050.0,258199359.0
cm_2025_12_biaya_operasional_kantor_biaya_sewa_kantor_beban,snapshot_istantoro_2022_mar_2026,2025-12,monthly,2025,12.0,Biaya Operasional Kantor,Biaya Sewa Kantor,beban,269105904.0,261513956.0
cm_2026_01_biaya_operasional_kantor_biaya_sewa_kantor_beban,snapshot_istantoro_2022_mar_2026,2026-01,monthly,2026,1.0,Biaya Operasional Kantor,Biaya Sewa Kantor,beban,200447075.0,203779102.0
cm_2026_02_biaya_operasional_kantor_biaya_sewa_kantor_beban,snapshot_istantoro_2022_mar_2026,2026-02,monthly,2026,2.0,Biaya Operasional Kantor,Biaya Sewa Kantor,beban,201905707.0,205333934.0
cm_2026_03_biaya_operasional_kantor_biaya_sewa_kantor_beban,snapshot_istantoro_2022_mar_2026,2026-03,monthly,2026,3.0,Biaya Operasional Kantor,Biaya Sewa Kantor,beban,168596283.0,206896559.0
cm_2022_biaya_operasional_kantor_biaya_pendidikan_beban,snapshot_istantoro_2022_mar_2026,2022,annual,2022,,Biaya Operasional Kantor,Biaya Pendidikan,beban,2077117841.0,1575591878256.0
cm_2023_biaya_operasional_kantor_biaya_pendidikan_beban,snapshot_istantoro_2022_mar_2026,2023,annual,2023,,Biaya Operasional Kantor,Biaya Pendidikan,beban,1618878176.0,1721324584.0
cm_2024_biaya_operasional_kantor_biaya_pendidikan_beban,snapshot_istantoro_2022_mar_2026,2024,annual,2024,,Biaya Operasional Kantor,Biaya Pendidikan,beban,5880645480.0,5486089341.0
cm_2025_biaya_operasional_kantor_biaya_pendidikan_beban,snapshot_istantoro_2022_mar_2026,2025,annual,2025,,Biaya Operasional Kantor,Biaya Pendidikan,beban,4129627326.0,6262757656.0
cm_2025_01_biaya_operasional_kantor_biaya_pendidikan_beban,snapshot_istantoro_2022_mar_2026,2025-01,monthly,2025,1.0,Biaya Operasional Kantor,Biaya Pendidikan,beban,298084045.0,503408907.0
cm_2025_02_biaya_operasional_kantor_biaya_pendidikan_beban,snapshot_istantoro_2022_mar_2026,2025-02,monthly,2025,2.0,Biaya Operasional Kantor,Biaya Pendidikan,beban,262691732.0,522687151.0
cm_2025_03_biaya_operasional_kantor_biaya_pendidikan_beban,snapshot_istantoro_2022_mar_2026,2025-03,monthly,2025,3.0,Biaya Operasional Kantor,Biaya Pendidikan,beban,106854758.0,508436937.0
cm_2025_04_biaya_operasional_kantor_biaya_pendidikan_beban,snapshot_istantoro_2022_mar_2026,2025-04,monthly,2025,4.0,Biaya Operasional Kantor,Biaya Pendidikan,beban,67800927.0,519693368.0
cm_2025_05_biaya_operasional_kantor_biaya_pendidikan_beban,snapshot_istantoro_2022_mar_2026,2025-05,monthly,2025,5.0,Biaya Operasional Kantor,Biaya Pendidikan,beban,364349916.0,510473654.0
cm_2025_06_biaya_operasional_kantor_biaya_pendidikan_beban,snapshot_istantoro_2022_mar_2026,2025-06,monthly,2025,6.0,Biaya Operasional Kantor,Biaya Pendidikan,beban,57404280.0,530781435.0
cm_2025_07_biaya_operasional_kantor_biaya_pendidikan_beban,snapshot_istantoro_2022_mar_2026,2025-07,monthly,2025,7.0,Biaya Operasional Kantor,Biaya Pendidikan,beban,166567850.0,508079851.0
cm_2025_08_biaya_operasional_kantor_biaya_pendidikan_beban,snapshot_istantoro_2022_mar_2026,2025-08,monthly,2025,8.0,Biaya Operasional Kantor,Biaya Pendidikan,beban,131979010.0,508561608.0
cm_2025_09_biaya_operasional_kantor_biaya_pendidikan_beban,snapshot_istantoro_2022_mar_2026,2025-09,monthly,2025,9.0,Biaya Operasional Kantor,Biaya Pendidikan,beban,17950502.0,528709560.0
cm_2025_10_biaya_operasional_kantor_biaya_pendidikan_beban,snapshot_istantoro_2022_mar_2026,2025-10,monthly,2025,10.0,Biaya Operasional Kantor,Biaya Pendidikan,beban,1221212292.0,500692008.0
cm_2025_11_biaya_operasional_kantor_biaya_pendidikan_beban,snapshot_istantoro_2022_mar_2026,2025-11,monthly,2025,11.0,Biaya Operasional Kantor,Biaya Pendidikan,beban,1144896801.0,521473979.0
cm_2025_12_biaya_operasional_kantor_biaya_pendidikan_beban,snapshot_istantoro_2022_mar_2026,2025-12,monthly,2025,12.0,Biaya Operasional Kantor,Biaya Pendidikan,beban,120882596.0,522359547.0
cm_2026_01_biaya_operasional_kantor_biaya_pendidikan_beban,snapshot_istantoro_2022_mar_2026,2026-01,monthly,2026,1.0,Biaya Operasional Kantor,Biaya Pendidikan,beban,2902241.0,538086021.0
cm_2026_02_biaya_operasional_kantor_biaya_pendidikan_beban,snapshot_istantoro_2022_mar_2026,2026-02,monthly,2026,2.0,Biaya Operasional Kantor,Biaya Pendidikan,beban,1043908365.0,542455153.0
cm_2026_03_biaya_operasional_kantor_biaya_pendidikan_beban,snapshot_istantoro_2022_mar_2026,2026-03,monthly,2026,3.0,Biaya Operasional Kantor,Biaya Pendidikan,beban,519345891.0,542491946.0
cm_2022_biaya_operasional_kantor_biaya_rekrutmen_peg_organik_beban,snapshot_istantoro_2022_mar_2026,2022,annual,2022,,Biaya Operasional Kantor,Biaya Rekrutmen Peg Organik,beban,38184494.0,39139378765.0
cm_2023_biaya_operasional_kantor_biaya_rekrutmen_peg_organik_beban,snapshot_istantoro_2022_mar_2026,2023,annual,2023,,Biaya Operasional Kantor,Biaya Rekrutmen Peg Organik,beban,35017087.0,42535821.0
cm_2024_biaya_operasional_kantor_biaya_rekrutmen_peg_organik_beban,snapshot_istantoro_2022_mar_2026,2024,annual,2024,,Biaya Operasional Kantor,Biaya Rekrutmen Peg Organik,beban,82053504.0,77474196.0
cm_2025_biaya_operasional_kantor_biaya_rekrutmen_peg_organik_beban,snapshot_istantoro_2022_mar_2026,2025,annual,2025,,Biaya Operasional Kantor,Biaya Rekrutmen Peg Organik,beban,110299661.0,116218429.0
cm_2025_01_biaya_operasional_kantor_biaya_rekrutmen_peg_organik_beban,snapshot_istantoro_2022_mar_2026,2025-01,monthly,2025,1.0,Biaya Operasional Kantor,Biaya Rekrutmen Peg Organik,beban,3809728.0,9385930.0
cm_2025_02_biaya_operasional_kantor_biaya_rekrutmen_peg_organik_beban,snapshot_istantoro_2022_mar_2026,2025-02,monthly,2025,2.0,Biaya Operasional Kantor,Biaya Rekrutmen Peg Organik,beban,1216581.0,9686508.0
cm_2025_03_biaya_operasional_kantor_biaya_rekrutmen_peg_organik_beban,snapshot_istantoro_2022_mar_2026,2025-03,monthly,2025,3.0,Biaya Operasional Kantor,Biaya Rekrutmen Peg Organik,beban,8656095.0,9877910.0
cm_2025_04_biaya_operasional_kantor_biaya_rekrutmen_peg_organik_beban,snapshot_istantoro_2022_mar_2026,2025-04,monthly,2025,4.0,Biaya Operasional Kantor,Biaya Rekrutmen Peg Organik,beban,4801813.0,9837207.0
cm_2025_05_biaya_operasional_kantor_biaya_rekrutmen_peg_organik_beban,snapshot_istantoro_2022_mar_2026,2025-05,monthly,2025,5.0,Biaya Operasional Kantor,Biaya Rekrutmen Peg Organik,beban,6334374.0,9564939.0
cm_2025_06_biaya_operasional_kantor_biaya_rekrutmen_peg_organik_beban,snapshot_istantoro_2022_mar_2026,2025-06,monthly,2025,6.0,Biaya Operasional Kantor,Biaya Rekrutmen Peg Organik,beban,8451684.0,9335010.0
cm_2025_07_biaya_operasional_kantor_biaya_rekrutmen_peg_organik_beban,snapshot_istantoro_2022_mar_2026,2025-07,monthly,2025,7.0,Biaya Operasional Kantor,Biaya Rekrutmen Peg Organik,beban,12840858.0,9520681.0
cm_2025_08_biaya_operasional_kantor_biaya_rekrutmen_peg_organik_beban,snapshot_istantoro_2022_mar_2026,2025-08,monthly,2025,8.0,Biaya Operasional Kantor,Biaya Rekrutmen Peg Organik,beban,13682794.0,9788001.0
cm_2025_09_biaya_operasional_kantor_biaya_rekrutmen_peg_organik_beban,snapshot_istantoro_2022_mar_2026,2025-09,monthly,2025,9.0,Biaya Operasional Kantor,Biaya Rekrutmen Peg Organik,beban,10146319.0,9716063.0
cm_2025_10_biaya_operasional_kantor_biaya_rekrutmen_peg_organik_beban,snapshot_istantoro_2022_mar_2026,2025-10,monthly,2025,10.0,Biaya Operasional Kantor,Biaya Rekrutmen Peg Organik,beban,12366093.0,9576582.0
cm_2025_11_biaya_operasional_kantor_biaya_rekrutmen_peg_organik_beban,snapshot_istantoro_2022_mar_2026,2025-11,monthly,2025,11.0,Biaya Operasional Kantor,Biaya Rekrutmen Peg Organik,beban,7918913.0,9343738.0
cm_2025_12_biaya_operasional_kantor_biaya_rekrutmen_peg_organik_beban,snapshot_istantoro_2022_mar_2026,2025-12,monthly,2025,12.0,Biaya Operasional Kantor,Biaya Rekrutmen Peg Organik,beban,19790670.0,9557891.0
cm_2026_01_biaya_operasional_kantor_biaya_rekrutmen_peg_organik_beban,snapshot_istantoro_2022_mar_2026,2026-01,monthly,2026,1.0,Biaya Operasional Kantor,Biaya Rekrutmen Peg Organik,beban,5705489.0,9582158.0
cm_2026_02_biaya_operasional_kantor_biaya_rekrutmen_peg_organik_beban,snapshot_istantoro_2022_mar_2026,2026-02,monthly,2026,2.0,Biaya Operasional Kantor,Biaya Rekrutmen Peg Organik,beban,7491597.0,9846848.0
cm_2026_03_biaya_operasional_kantor_biaya_rekrutmen_peg_organik_beban,snapshot_istantoro_2022_mar_2026,2026-03,monthly,2026,3.0,Biaya Operasional Kantor,Biaya Rekrutmen Peg Organik,beban,1355903.0,9681266.0
cm_2022_biaya_operasional_kantor_biaya_rapat_beban,snapshot_istantoro_2022_mar_2026,2022,annual,2022,,Biaya Operasional Kantor,Biaya Rapat,beban,326989117.0,142908126069.0
cm_2023_biaya_operasional_kantor_biaya_rapat_beban,snapshot_istantoro_2022_mar_2026,2023,annual,2023,,Biaya Operasional Kantor,Biaya Rapat,beban,283179559.0,322882746.0
cm_2024_biaya_operasional_kantor_biaya_rapat_beban,snapshot_istantoro_2022_mar_2026,2024,annual,2024,,Biaya Operasional Kantor,Biaya Rapat,beban,408092676.0,408197766.0
cm_2025_biaya_operasional_kantor_biaya_rapat_beban,snapshot_istantoro_2022_mar_2026,2025,annual,2025,,Biaya Operasional Kantor,Biaya Rapat,beban,403277445.0,403440793.0
cm_2025_01_biaya_operasional_kantor_biaya_rapat_beban,snapshot_istantoro_2022_mar_2026,2025-01,monthly,2025,1.0,Biaya Operasional Kantor,Biaya Rapat,beban,37703819.0,32418579.0
cm_2025_02_biaya_operasional_kantor_biaya_rapat_beban,snapshot_istantoro_2022_mar_2026,2025-02,monthly,2025,2.0,Biaya Operasional Kantor,Biaya Rapat,beban,45434883.0,32649668.0
cm_2025_03_biaya_operasional_kantor_biaya_rapat_beban,snapshot_istantoro_2022_mar_2026,2025-03,monthly,2025,3.0,Biaya Operasional Kantor,Biaya Rapat,beban,21341471.0,32409211.0
cm_2025_04_biaya_operasional_kantor_biaya_rapat_beban,snapshot_istantoro_2022_mar_2026,2025-04,monthly,2025,4.0,Biaya Operasional Kantor,Biaya Rapat,beban,19394192.0,33051096.0
cm_2025_05_biaya_operasional_kantor_biaya_rapat_beban,snapshot_istantoro_2022_mar_2026,2025-05,monthly,2025,5.0,Biaya Operasional Kantor,Biaya Rapat,beban,22508919.0,33011316.0
cm_2025_06_biaya_operasional_kantor_biaya_rapat_beban,snapshot_istantoro_2022_mar_2026,2025-06,monthly,2025,6.0,Biaya Operasional Kantor,Biaya Rapat,beban,20368629.0,33115456.0
cm_2025_07_biaya_operasional_kantor_biaya_rapat_beban,snapshot_istantoro_2022_mar_2026,2025-07,monthly,2025,7.0,Biaya Operasional Kantor,Biaya Rapat,beban,62976554.0,32238277.0
cm_2025_08_biaya_operasional_kantor_biaya_rapat_beban,snapshot_istantoro_2022_mar_2026,2025-08,monthly,2025,8.0,Biaya Operasional Kantor,Biaya Rapat,beban,29595616.0,32331501.0
cm_2025_09_biaya_operasional_kantor_biaya_rapat_beban,snapshot_istantoro_2022_mar_2026,2025-09,monthly,2025,9.0,Biaya Operasional Kantor,Biaya Rapat,beban,40885079.0,31957982.0
cm_2025_10_biaya_operasional_kantor_biaya_rapat_beban,snapshot_istantoro_2022_mar_2026,2025-10,monthly,2025,10.0,Biaya Operasional Kantor,Biaya Rapat,beban,27338934.0,32998129.0
cm_2025_11_biaya_operasional_kantor_biaya_rapat_beban,snapshot_istantoro_2022_mar_2026,2025-11,monthly,2025,11.0,Biaya Operasional Kantor,Biaya Rapat,beban,30552111.0,31790356.0
cm_2025_12_biaya_operasional_kantor_biaya_rapat_beban,snapshot_istantoro_2022_mar_2026,2025-12,monthly,2025,12.0,Biaya Operasional Kantor,Biaya Rapat,beban,36645299.0,32884696.0
cm_2026_01_biaya_operasional_kantor_biaya_rapat_beban,snapshot_istantoro_2022_mar_2026,2026-01,monthly,2026,1.0,Biaya Operasional Kantor,Biaya Rapat,beban,19641831.0,40182135.0
cm_2026_02_biaya_operasional_kantor_biaya_rapat_beban,snapshot_istantoro_2022_mar_2026,2026-02,monthly,2026,2.0,Biaya Operasional Kantor,Biaya Rapat,beban,20900854.0,40231987.0
cm_2026_03_biaya_operasional_kantor_biaya_rapat_beban,snapshot_istantoro_2022_mar_2026,2026-03,monthly,2026,3.0,Biaya Operasional Kantor,Biaya Rapat,beban,11362824.0,39189967.0
cm_2022_biaya_operasional_kantor_biaya_pemeliharaan_barang_bangunan_dan_peralatan_beban,snapshot_istantoro_2022_mar_2026,2022,annual,2022,,Biaya Operasional Kantor,Biaya Pemeliharaan Barang/Bangunan dan Peralatan,beban,897533387.0,432963246795.0
cm_2023_biaya_operasional_kantor_biaya_pemeliharaan_barang_bangunan_dan_peralatan_beban,snapshot_istantoro_2022_mar_2026,2023,annual,2023,,Biaya Operasional Kantor,Biaya Pemeliharaan Barang/Bangunan dan Peralatan,beban,511886350.0,855522737.0
cm_2024_biaya_operasional_kantor_biaya_pemeliharaan_barang_bangunan_dan_peralatan_beban,snapshot_istantoro_2022_mar_2026,2024,annual,2024,,Biaya Operasional Kantor,Biaya Pemeliharaan Barang/Bangunan dan Peralatan,beban,1642784657.0,886796883.0
cm_2025_biaya_operasional_kantor_biaya_pemeliharaan_barang_bangunan_dan_peralatan_beban,snapshot_istantoro_2022_mar_2026,2025,annual,2025,,Biaya Operasional Kantor,Biaya Pemeliharaan Barang/Bangunan dan Peralatan,beban,1197490367.0,1473930566.0
cm_2025_01_biaya_operasional_kantor_biaya_pemeliharaan_barang_bangunan_dan_peralatan_beban,snapshot_istantoro_2022_mar_2026,2025-01,monthly,2025,1.0,Biaya Operasional Kantor,Biaya Pemeliharaan Barang/Bangunan dan Peralatan,beban,56292261.0,118658533.0
cm_2025_02_biaya_operasional_kantor_biaya_pemeliharaan_barang_bangunan_dan_peralatan_beban,snapshot_istantoro_2022_mar_2026,2025-02,monthly,2025,2.0,Biaya Operasional Kantor,Biaya Pemeliharaan Barang/Bangunan dan Peralatan,beban,216286721.0,119935733.0
cm_2025_03_biaya_operasional_kantor_biaya_pemeliharaan_barang_bangunan_dan_peralatan_beban,snapshot_istantoro_2022_mar_2026,2025-03,monthly,2025,3.0,Biaya Operasional Kantor,Biaya Pemeliharaan Barang/Bangunan dan Peralatan,beban,75268747.0,122954655.0
cm_2025_04_biaya_operasional_kantor_biaya_pemeliharaan_barang_bangunan_dan_peralatan_beban,snapshot_istantoro_2022_mar_2026,2025-04,monthly,2025,4.0,Biaya Operasional Kantor,Biaya Pemeliharaan Barang/Bangunan dan Peralatan,beban,27651101.0,123231438.0
cm_2025_05_biaya_operasional_kantor_biaya_pemeliharaan_barang_bangunan_dan_peralatan_beban,snapshot_istantoro_2022_mar_2026,2025-05,monthly,2025,5.0,Biaya Operasional Kantor,Biaya Pemeliharaan Barang/Bangunan dan Peralatan,beban,87061502.0,118647868.0
cm_2025_06_biaya_operasional_kantor_biaya_pemeliharaan_barang_bangunan_dan_peralatan_beban,snapshot_istantoro_2022_mar_2026,2025-06,monthly,2025,6.0,Biaya Operasional Kantor,Biaya Pemeliharaan Barang/Bangunan dan Peralatan,beban,288457123.0,120870390.0
cm_2025_07_biaya_operasional_kantor_biaya_pemeliharaan_barang_bangunan_dan_peralatan_beban,snapshot_istantoro_2022_mar_2026,2025-07,monthly,2025,7.0,Biaya Operasional Kantor,Biaya Pemeliharaan Barang/Bangunan dan Peralatan,beban,94441558.0,118281388.0
cm_2025_08_biaya_operasional_kantor_biaya_pemeliharaan_barang_bangunan_dan_peralatan_beban,snapshot_istantoro_2022_mar_2026,2025-08,monthly,2025,8.0,Biaya Operasional Kantor,Biaya Pemeliharaan Barang/Bangunan dan Peralatan,beban,38295825.0,117626220.0
cm_2025_09_biaya_operasional_kantor_biaya_pemeliharaan_barang_bangunan_dan_peralatan_beban,snapshot_istantoro_2022_mar_2026,2025-09,monthly,2025,9.0,Biaya Operasional Kantor,Biaya Pemeliharaan Barang/Bangunan dan Peralatan,beban,55553735.0,123477268.0
cm_2025_10_biaya_operasional_kantor_biaya_pemeliharaan_barang_bangunan_dan_peralatan_beban,snapshot_istantoro_2022_mar_2026,2025-10,monthly,2025,10.0,Biaya Operasional Kantor,Biaya Pemeliharaan Barang/Bangunan dan Peralatan,beban,64050869.0,122822111.0
cm_2025_11_biaya_operasional_kantor_biaya_pemeliharaan_barang_bangunan_dan_peralatan_beban,snapshot_istantoro_2022_mar_2026,2025-11,monthly,2025,11.0,Biaya Operasional Kantor,Biaya Pemeliharaan Barang/Bangunan dan Peralatan,beban,49318134.0,122384876.0
cm_2025_12_biaya_operasional_kantor_biaya_pemeliharaan_barang_bangunan_dan_peralatan_beban,snapshot_istantoro_2022_mar_2026,2025-12,monthly,2025,12.0,Biaya Operasional Kantor,Biaya Pemeliharaan Barang/Bangunan dan Peralatan,beban,188425539.0,117242202.0
cm_2026_01_biaya_operasional_kantor_biaya_pemeliharaan_barang_bangunan_dan_peralatan_beban,snapshot_istantoro_2022_mar_2026,2026-01,monthly,2026,1.0,Biaya Operasional Kantor,Biaya Pemeliharaan Barang/Bangunan dan Peralatan,beban,21648819.0,139521560.0
cm_2026_02_biaya_operasional_kantor_biaya_pemeliharaan_barang_bangunan_dan_peralatan_beban,snapshot_istantoro_2022_mar_2026,2026-02,monthly,2026,2.0,Biaya Operasional Kantor,Biaya Pemeliharaan Barang/Bangunan dan Peralatan,beban,37005717.0,136194079.0
cm_2026_03_biaya_operasional_kantor_biaya_pemeliharaan_barang_bangunan_dan_peralatan_beban,snapshot_istantoro_2022_mar_2026,2026-03,monthly,2026,3.0,Biaya Operasional Kantor,Biaya Pemeliharaan Barang/Bangunan dan Peralatan,beban,45139519.0,135409554.0
cm_2022_biaya_operasional_kantor_biaya_pembelian_peralatan_bisnis_beban,snapshot_istantoro_2022_mar_2026,2022,annual,2022,,Biaya Operasional Kantor,Biaya Pembelian Peralatan Bisnis,beban,0.0,0.0
cm_2023_biaya_operasional_kantor_biaya_pembelian_peralatan_bisnis_beban,snapshot_istantoro_2022_mar_2026,2023,annual,2023,,Biaya Operasional Kantor,Biaya Pembelian Peralatan Bisnis,beban,123385.0,0.0
cm_2024_biaya_operasional_kantor_biaya_pembelian_peralatan_bisnis_beban,snapshot_istantoro_2022_mar_2026,2024,annual,2024,,Biaya Operasional Kantor,Biaya Pembelian Peralatan Bisnis,beban,0.0,0.0
cm_2025_biaya_operasional_kantor_biaya_pembelian_peralatan_bisnis_beban,snapshot_istantoro_2022_mar_2026,2025,annual,2025,,Biaya Operasional Kantor,Biaya Pembelian Peralatan Bisnis,beban,0.0,0.0
cm_2025_01_biaya_operasional_kantor_biaya_pembelian_peralatan_bisnis_beban,snapshot_istantoro_2022_mar_2026,2025-01,monthly,2025,1.0,Biaya Operasional Kantor,Biaya Pembelian Peralatan Bisnis,beban,0.0,0.0
cm_2025_02_biaya_operasional_kantor_biaya_pembelian_peralatan_bisnis_beban,snapshot_istantoro_2022_mar_2026,2025-02,monthly,2025,2.0,Biaya Operasional Kantor,Biaya Pembelian Peralatan Bisnis,beban,0.0,0.0
cm_2025_03_biaya_operasional_kantor_biaya_pembelian_peralatan_bisnis_beban,snapshot_istantoro_2022_mar_2026,2025-03,monthly,2025,3.0,Biaya Operasional Kantor,Biaya Pembelian Peralatan Bisnis,beban,0.0,0.0
cm_2025_04_biaya_operasional_kantor_biaya_pembelian_peralatan_bisnis_beban,snapshot_istantoro_2022_mar_2026,2025-04,monthly,2025,4.0,Biaya Operasional Kantor,Biaya Pembelian Peralatan Bisnis,beban,0.0,0.0
cm_2025_05_biaya_operasional_kantor_biaya_pembelian_peralatan_bisnis_beban,snapshot_istantoro_2022_mar_2026,2025-05,monthly,2025,5.0,Biaya Operasional Kantor,Biaya Pembelian Peralatan Bisnis,beban,0.0,0.0
cm_2025_06_biaya_operasional_kantor_biaya_pembelian_peralatan_bisnis_beban,snapshot_istantoro_2022_mar_2026,2025-06,monthly,2025,6.0,Biaya Operasional Kantor,Biaya Pembelian Peralatan Bisnis,beban,0.0,0.0
cm_2025_07_biaya_operasional_kantor_biaya_pembelian_peralatan_bisnis_beban,snapshot_istantoro_2022_mar_2026,2025-07,monthly,2025,7.0,Biaya Operasional Kantor,Biaya Pembelian Peralatan Bisnis,beban,0.0,0.0
cm_2025_08_biaya_operasional_kantor_biaya_pembelian_peralatan_bisnis_beban,snapshot_istantoro_2022_mar_2026,2025-08,monthly,2025,8.0,Biaya Operasional Kantor,Biaya Pembelian Peralatan Bisnis,beban,0.0,0.0
cm_2025_09_biaya_operasional_kantor_biaya_pembelian_peralatan_bisnis_beban,snapshot_istantoro_2022_mar_2026,2025-09,monthly,2025,9.0,Biaya Operasional Kantor,Biaya Pembelian Peralatan Bisnis,beban,0.0,0.0
cm_2025_10_biaya_operasional_kantor_biaya_pembelian_peralatan_bisnis_beban,snapshot_istantoro_2022_mar_2026,2025-10,monthly,2025,10.0,Biaya Operasional Kantor,Biaya Pembelian Peralatan Bisnis,beban,0.0,0.0
cm_2025_11_biaya_operasional_kantor_biaya_pembelian_peralatan_bisnis_beban,snapshot_istantoro_2022_mar_2026,2025-11,monthly,2025,11.0,Biaya Operasional Kantor,Biaya Pembelian Peralatan Bisnis,beban,0.0,0.0
cm_2025_12_biaya_operasional_kantor_biaya_pembelian_peralatan_bisnis_beban,snapshot_istantoro_2022_mar_2026,2025-12,monthly,2025,12.0,Biaya Operasional Kantor,Biaya Pembelian Peralatan Bisnis,beban,0.0,0.0
cm_2026_01_biaya_operasional_kantor_biaya_pembelian_peralatan_bisnis_beban,snapshot_istantoro_2022_mar_2026,2026-01,monthly,2026,1.0,Biaya Operasional Kantor,Biaya Pembelian Peralatan Bisnis,beban,0.0,0.0
cm_2026_02_biaya_operasional_kantor_biaya_pembelian_peralatan_bisnis_beban,snapshot_istantoro_2022_mar_2026,2026-02,monthly,2026,2.0,Biaya Operasional Kantor,Biaya Pembelian Peralatan Bisnis,beban,0.0,0.0
cm_2026_03_biaya_operasional_kantor_biaya_pembelian_peralatan_bisnis_beban,snapshot_istantoro_2022_mar_2026,2026-03,monthly,2026,3.0,Biaya Operasional Kantor,Biaya Pembelian Peralatan Bisnis,beban,0.0,0.0
cm_2022_biaya_operasional_kantor_biaya_perawatan_hardware_software_beban,snapshot_istantoro_2022_mar_2026,2022,annual,2022,,Biaya Operasional Kantor,Biaya Perawatan Hardware & Software,beban,1262079406.0,848767730304.0
cm_2023_biaya_operasional_kantor_biaya_perawatan_hardware_software_beban,snapshot_istantoro_2022_mar_2026,2023,annual,2023,,Biaya Operasional Kantor,Biaya Perawatan Hardware & Software,beban,132911058.0,288832178.0
cm_2024_biaya_operasional_kantor_biaya_perawatan_hardware_software_beban,snapshot_istantoro_2022_mar_2026,2024,annual,2024,,Biaya Operasional Kantor,Biaya Perawatan Hardware & Software,beban,230849743.0,300651459.0
cm_2025_biaya_operasional_kantor_biaya_perawatan_hardware_software_beban,snapshot_istantoro_2022_mar_2026,2025,annual,2025,,Biaya Operasional Kantor,Biaya Perawatan Hardware & Software,beban,265340938.0,266604162.0
cm_2025_01_biaya_operasional_kantor_biaya_perawatan_hardware_software_beban,snapshot_istantoro_2022_mar_2026,2025-01,monthly,2025,1.0,Biaya Operasional Kantor,Biaya Perawatan Hardware & Software,beban,8724948.0,21691941.0
cm_2025_02_biaya_operasional_kantor_biaya_perawatan_hardware_software_beban,snapshot_istantoro_2022_mar_2026,2025-02,monthly,2025,2.0,Biaya Operasional Kantor,Biaya Perawatan Hardware & Software,beban,29746481.0,21694119.0
cm_2025_03_biaya_operasional_kantor_biaya_perawatan_hardware_software_beban,snapshot_istantoro_2022_mar_2026,2025-03,monthly,2025,3.0,Biaya Operasional Kantor,Biaya Perawatan Hardware & Software,beban,5337246.0,21688835.0
cm_2025_04_biaya_operasional_kantor_biaya_perawatan_hardware_software_beban,snapshot_istantoro_2022_mar_2026,2025-04,monthly,2025,4.0,Biaya Operasional Kantor,Biaya Perawatan Hardware & Software,beban,8835762.0,21520048.0
cm_2025_05_biaya_operasional_kantor_biaya_perawatan_hardware_software_beban,snapshot_istantoro_2022_mar_2026,2025-05,monthly,2025,5.0,Biaya Operasional Kantor,Biaya Perawatan Hardware & Software,beban,323673497.0,22224128.0
cm_2025_06_biaya_operasional_kantor_biaya_perawatan_hardware_software_beban,snapshot_istantoro_2022_mar_2026,2025-06,monthly,2025,6.0,Biaya Operasional Kantor,Biaya Perawatan Hardware & Software,beban,345208388.0,22559125.0
cm_2025_07_biaya_operasional_kantor_biaya_perawatan_hardware_software_beban,snapshot_istantoro_2022_mar_2026,2025-07,monthly,2025,7.0,Biaya Operasional Kantor,Biaya Perawatan Hardware & Software,beban,7169893.0,21467647.0
cm_2025_08_biaya_operasional_kantor_biaya_perawatan_hardware_software_beban,snapshot_istantoro_2022_mar_2026,2025-08,monthly,2025,8.0,Biaya Operasional Kantor,Biaya Perawatan Hardware & Software,beban,11679435.0,21509439.0
cm_2025_09_biaya_operasional_kantor_biaya_perawatan_hardware_software_beban,snapshot_istantoro_2022_mar_2026,2025-09,monthly,2025,9.0,Biaya Operasional Kantor,Biaya Perawatan Hardware & Software,beban,7548462.0,22204194.0
cm_2025_10_biaya_operasional_kantor_biaya_perawatan_hardware_software_beban,snapshot_istantoro_2022_mar_2026,2025-10,monthly,2025,10.0,Biaya Operasional Kantor,Biaya Perawatan Hardware & Software,beban,25902865.0,22531465.0
cm_2025_11_biaya_operasional_kantor_biaya_perawatan_hardware_software_beban,snapshot_istantoro_2022_mar_2026,2025-11,monthly,2025,11.0,Biaya Operasional Kantor,Biaya Perawatan Hardware & Software,beban,9240594.0,21877843.0
cm_2025_12_biaya_operasional_kantor_biaya_perawatan_hardware_software_beban,snapshot_istantoro_2022_mar_2026,2025-12,monthly,2025,12.0,Biaya Operasional Kantor,Biaya Perawatan Hardware & Software,beban,140938824.0,21908186.0
cm_2026_01_biaya_operasional_kantor_biaya_perawatan_hardware_software_beban,snapshot_istantoro_2022_mar_2026,2026-01,monthly,2026,1.0,Biaya Operasional Kantor,Biaya Perawatan Hardware & Software,beban,13565009.0,12080517.0
cm_2026_02_biaya_operasional_kantor_biaya_perawatan_hardware_software_beban,snapshot_istantoro_2022_mar_2026,2026-02,monthly,2026,2.0,Biaya Operasional Kantor,Biaya Perawatan Hardware & Software,beban,30131921.0,11848366.0
cm_2026_03_biaya_operasional_kantor_biaya_perawatan_hardware_software_beban,snapshot_istantoro_2022_mar_2026,2026-03,monthly,2026,3.0,Biaya Operasional Kantor,Biaya Perawatan Hardware & Software,beban,57714305.0,11669927.0
cm_2022_biaya_operasional_kantor_biaya_pemeliharaan_mobil_dinas_beban,snapshot_istantoro_2022_mar_2026,2022,annual,2022,,Biaya Operasional Kantor,Biaya Pemeliharaan Mobil Dinas,beban,782937024.0,729372395613.0
cm_2023_biaya_operasional_kantor_biaya_pemeliharaan_mobil_dinas_beban,snapshot_istantoro_2022_mar_2026,2023,annual,2023,,Biaya Operasional Kantor,Biaya Pemeliharaan Mobil Dinas,beban,1032177798.0,691184848.0
cm_2024_biaya_operasional_kantor_biaya_pemeliharaan_mobil_dinas_beban,snapshot_istantoro_2022_mar_2026,2024,annual,2024,,Biaya Operasional Kantor,Biaya Pemeliharaan Mobil Dinas,beban,792846919.0,758271381.0
cm_2025_biaya_operasional_kantor_biaya_pemeliharaan_mobil_dinas_beban,snapshot_istantoro_2022_mar_2026,2025,annual,2025,,Biaya Operasional Kantor,Biaya Pemeliharaan Mobil Dinas,beban,696886173.0,765557708.0
cm_2025_01_biaya_operasional_kantor_biaya_pemeliharaan_mobil_dinas_beban,snapshot_istantoro_2022_mar_2026,2025-01,monthly,2025,1.0,Biaya Operasional Kantor,Biaya Pemeliharaan Mobil Dinas,beban,58817570.0,63545742.0
cm_2025_02_biaya_operasional_kantor_biaya_pemeliharaan_mobil_dinas_beban,snapshot_istantoro_2022_mar_2026,2025-02,monthly,2025,2.0,Biaya Operasional Kantor,Biaya Pemeliharaan Mobil Dinas,beban,56582236.0,61774854.0
cm_2025_03_biaya_operasional_kantor_biaya_pemeliharaan_mobil_dinas_beban,snapshot_istantoro_2022_mar_2026,2025-03,monthly,2025,3.0,Biaya Operasional Kantor,Biaya Pemeliharaan Mobil Dinas,beban,67033102.0,62327983.0
cm_2025_04_biaya_operasional_kantor_biaya_pemeliharaan_mobil_dinas_beban,snapshot_istantoro_2022_mar_2026,2025-04,monthly,2025,4.0,Biaya Operasional Kantor,Biaya Pemeliharaan Mobil Dinas,beban,56329065.0,61473869.0
cm_2025_05_biaya_operasional_kantor_biaya_pemeliharaan_mobil_dinas_beban,snapshot_istantoro_2022_mar_2026,2025-05,monthly,2025,5.0,Biaya Operasional Kantor,Biaya Pemeliharaan Mobil Dinas,beban,74311343.0,61488006.0
cm_2025_06_biaya_operasional_kantor_biaya_pemeliharaan_mobil_dinas_beban,snapshot_istantoro_2022_mar_2026,2025-06,monthly,2025,6.0,Biaya Operasional Kantor,Biaya Pemeliharaan Mobil Dinas,beban,59786986.0,63549383.0
cm_2025_07_biaya_operasional_kantor_biaya_pemeliharaan_mobil_dinas_beban,snapshot_istantoro_2022_mar_2026,2025-07,monthly,2025,7.0,Biaya Operasional Kantor,Biaya Pemeliharaan Mobil Dinas,beban,55015289.0,64237608.0
cm_2025_08_biaya_operasional_kantor_biaya_pemeliharaan_mobil_dinas_beban,snapshot_istantoro_2022_mar_2026,2025-08,monthly,2025,8.0,Biaya Operasional Kantor,Biaya Pemeliharaan Mobil Dinas,beban,36938965.0,64630508.0
cm_2025_09_biaya_operasional_kantor_biaya_pemeliharaan_mobil_dinas_beban,snapshot_istantoro_2022_mar_2026,2025-09,monthly,2025,9.0,Biaya Operasional Kantor,Biaya Pemeliharaan Mobil Dinas,beban,70555276.0,63368847.0
cm_2025_10_biaya_operasional_kantor_biaya_pemeliharaan_mobil_dinas_beban,snapshot_istantoro_2022_mar_2026,2025-10,monthly,2025,10.0,Biaya Operasional Kantor,Biaya Pemeliharaan Mobil Dinas,beban,42060837.0,61692674.0
cm_2025_11_biaya_operasional_kantor_biaya_pemeliharaan_mobil_dinas_beban,snapshot_istantoro_2022_mar_2026,2025-11,monthly,2025,11.0,Biaya Operasional Kantor,Biaya Pemeliharaan Mobil Dinas,beban,45594807.0,61396673.0
cm_2025_12_biaya_operasional_kantor_biaya_pemeliharaan_mobil_dinas_beban,snapshot_istantoro_2022_mar_2026,2025-12,monthly,2025,12.0,Biaya Operasional Kantor,Biaya Pemeliharaan Mobil Dinas,beban,50791883.0,64064994.0
cm_2026_01_biaya_operasional_kantor_biaya_pemeliharaan_mobil_dinas_beban,snapshot_istantoro_2022_mar_2026,2026-01,monthly,2026,1.0,Biaya Operasional Kantor,Biaya Pemeliharaan Mobil Dinas,beban,42479452.0,63181737.0
cm_2026_02_biaya_operasional_kantor_biaya_pemeliharaan_mobil_dinas_beban,snapshot_istantoro_2022_mar_2026,2026-02,monthly,2026,2.0,Biaya Operasional Kantor,Biaya Pemeliharaan Mobil Dinas,beban,70879675.0,63330882.0
cm_2026_03_biaya_operasional_kantor_biaya_pemeliharaan_mobil_dinas_beban,snapshot_istantoro_2022_mar_2026,2026-03,monthly,2026,3.0,Biaya Operasional Kantor,Biaya Pemeliharaan Mobil Dinas,beban,51197619.0,63946561.0
cm_2022_biaya_operasional_kantor_biaya_transportasi_operasional_beban,snapshot_istantoro_2022_mar_2026,2022,annual,2022,,Biaya Operasional Kantor,Biaya Transportasi Operasional,beban,1201165474.0,976266283868.0
cm_2023_biaya_operasional_kantor_biaya_transportasi_operasional_beban,snapshot_istantoro_2022_mar_2026,2023,annual,2023,,Biaya Operasional Kantor,Biaya Transportasi Operasional,beban,1546249449.0,1357756759.0
cm_2024_biaya_operasional_kantor_biaya_transportasi_operasional_beban,snapshot_istantoro_2022_mar_2026,2024,annual,2024,,Biaya Operasional Kantor,Biaya Transportasi Operasional,beban,1818388124.0,1554724626.0
cm_2025_biaya_operasional_kantor_biaya_transportasi_operasional_beban,snapshot_istantoro_2022_mar_2026,2025,annual,2025,,Biaya Operasional Kantor,Biaya Transportasi Operasional,beban,2051199059.0,1649569648.0
cm_2025_01_biaya_operasional_kantor_biaya_transportasi_operasional_beban,snapshot_istantoro_2022_mar_2026,2025-01,monthly,2025,1.0,Biaya Operasional Kantor,Biaya Transportasi Operasional,beban,151953312.0,138303933.0
cm_2025_02_biaya_operasional_kantor_biaya_transportasi_operasional_beban,snapshot_istantoro_2022_mar_2026,2025-02,monthly,2025,2.0,Biaya Operasional Kantor,Biaya Transportasi Operasional,beban,164132446.0,133714387.0
cm_2025_03_biaya_operasional_kantor_biaya_transportasi_operasional_beban,snapshot_istantoro_2022_mar_2026,2025-03,monthly,2025,3.0,Biaya Operasional Kantor,Biaya Transportasi Operasional,beban,150446339.0,136593936.0
cm_2025_04_biaya_operasional_kantor_biaya_transportasi_operasional_beban,snapshot_istantoro_2022_mar_2026,2025-04,monthly,2025,4.0,Biaya Operasional Kantor,Biaya Transportasi Operasional,beban,139881753.0,133942167.0
cm_2025_05_biaya_operasional_kantor_biaya_transportasi_operasional_beban,snapshot_istantoro_2022_mar_2026,2025-05,monthly,2025,5.0,Biaya Operasional Kantor,Biaya Transportasi Operasional,beban,154463486.0,139174500.0
cm_2025_06_biaya_operasional_kantor_biaya_transportasi_operasional_beban,snapshot_istantoro_2022_mar_2026,2025-06,monthly,2025,6.0,Biaya Operasional Kantor,Biaya Transportasi Operasional,beban,141595303.0,131660563.0
cm_2025_07_biaya_operasional_kantor_biaya_transportasi_operasional_beban,snapshot_istantoro_2022_mar_2026,2025-07,monthly,2025,7.0,Biaya Operasional Kantor,Biaya Transportasi Operasional,beban,179030595.0,136100988.0
cm_2025_08_biaya_operasional_kantor_biaya_transportasi_operasional_beban,snapshot_istantoro_2022_mar_2026,2025-08,monthly,2025,8.0,Biaya Operasional Kantor,Biaya Transportasi Operasional,beban,170768301.0,132742124.0
cm_2025_09_biaya_operasional_kantor_biaya_transportasi_operasional_beban,snapshot_istantoro_2022_mar_2026,2025-09,monthly,2025,9.0,Biaya Operasional Kantor,Biaya Transportasi Operasional,beban,253392623.0,137177245.0
cm_2025_10_biaya_operasional_kantor_biaya_transportasi_operasional_beban,snapshot_istantoro_2022_mar_2026,2025-10,monthly,2025,10.0,Biaya Operasional Kantor,Biaya Transportasi Operasional,beban,181836264.0,132818412.0
cm_2025_11_biaya_operasional_kantor_biaya_transportasi_operasional_beban,snapshot_istantoro_2022_mar_2026,2025-11,monthly,2025,11.0,Biaya Operasional Kantor,Biaya Transportasi Operasional,beban,168617742.0,133301920.0
cm_2025_12_biaya_operasional_kantor_biaya_transportasi_operasional_beban,snapshot_istantoro_2022_mar_2026,2025-12,monthly,2025,12.0,Biaya Operasional Kantor,Biaya Transportasi Operasional,beban,170850777.0,135406751.0
cm_2026_01_biaya_operasional_kantor_biaya_transportasi_operasional_beban,snapshot_istantoro_2022_mar_2026,2026-01,monthly,2026,1.0,Biaya Operasional Kantor,Biaya Transportasi Operasional,beban,163485579.0,159741933.0
cm_2026_02_biaya_operasional_kantor_biaya_transportasi_operasional_beban,snapshot_istantoro_2022_mar_2026,2026-02,monthly,2026,2.0,Biaya Operasional Kantor,Biaya Transportasi Operasional,beban,144000997.0,153166525.0
cm_2026_03_biaya_operasional_kantor_biaya_transportasi_operasional_beban,snapshot_istantoro_2022_mar_2026,2026-03,monthly,2026,3.0,Biaya Operasional Kantor,Biaya Transportasi Operasional,beban,124220260.0,152535522.0
cm_2022_biaya_operasional_kantor_biaya_pemeliharaan_spd_motor_dinas_beban,snapshot_istantoro_2022_mar_2026,2022,annual,2022,,Biaya Operasional Kantor,Biaya Pemeliharaan Spd Motor Dinas,beban,24151553.0,23166153983.0
cm_2023_biaya_operasional_kantor_biaya_pemeliharaan_spd_motor_dinas_beban,snapshot_istantoro_2022_mar_2026,2023,annual,2023,,Biaya Operasional Kantor,Biaya Pemeliharaan Spd Motor Dinas,beban,34616728.0,28775070.0
cm_2024_biaya_operasional_kantor_biaya_pemeliharaan_spd_motor_dinas_beban,snapshot_istantoro_2022_mar_2026,2024,annual,2024,,Biaya Operasional Kantor,Biaya Pemeliharaan Spd Motor Dinas,beban,25166028.0,38330194.0
cm_2025_biaya_operasional_kantor_biaya_pemeliharaan_spd_motor_dinas_beban,snapshot_istantoro_2022_mar_2026,2025,annual,2025,,Biaya Operasional Kantor,Biaya Pemeliharaan Spd Motor Dinas,beban,29189381.0,28604360.0
cm_2025_01_biaya_operasional_kantor_biaya_pemeliharaan_spd_motor_dinas_beban,snapshot_istantoro_2022_mar_2026,2025-01,monthly,2025,1.0,Biaya Operasional Kantor,Biaya Pemeliharaan Spd Motor Dinas,beban,4685310.0,2456656.0
cm_2025_02_biaya_operasional_kantor_biaya_pemeliharaan_spd_motor_dinas_beban,snapshot_istantoro_2022_mar_2026,2025-02,monthly,2025,2.0,Biaya Operasional Kantor,Biaya Pemeliharaan Spd Motor Dinas,beban,2910174.0,2396302.0
cm_2025_03_biaya_operasional_kantor_biaya_pemeliharaan_spd_motor_dinas_beban,snapshot_istantoro_2022_mar_2026,2025-03,monthly,2025,3.0,Biaya Operasional Kantor,Biaya Pemeliharaan Spd Motor Dinas,beban,2451454.0,2385179.0
cm_2025_04_biaya_operasional_kantor_biaya_pemeliharaan_spd_motor_dinas_beban,snapshot_istantoro_2022_mar_2026,2025-04,monthly,2025,4.0,Biaya Operasional Kantor,Biaya Pemeliharaan Spd Motor Dinas,beban,2153100.0,2462136.0
cm_2025_05_biaya_operasional_kantor_biaya_pemeliharaan_spd_motor_dinas_beban,snapshot_istantoro_2022_mar_2026,2025-05,monthly,2025,5.0,Biaya Operasional Kantor,Biaya Pemeliharaan Spd Motor Dinas,beban,1644185.0,2449023.0
cm_2025_06_biaya_operasional_kantor_biaya_pemeliharaan_spd_motor_dinas_beban,snapshot_istantoro_2022_mar_2026,2025-06,monthly,2025,6.0,Biaya Operasional Kantor,Biaya Pemeliharaan Spd Motor Dinas,beban,3180810.0,2472569.0
cm_2025_07_biaya_operasional_kantor_biaya_pemeliharaan_spd_motor_dinas_beban,snapshot_istantoro_2022_mar_2026,2025-07,monthly,2025,7.0,Biaya Operasional Kantor,Biaya Pemeliharaan Spd Motor Dinas,beban,1174712.0,2407492.0
cm_2025_08_biaya_operasional_kantor_biaya_pemeliharaan_spd_motor_dinas_beban,snapshot_istantoro_2022_mar_2026,2025-08,monthly,2025,8.0,Biaya Operasional Kantor,Biaya Pemeliharaan Spd Motor Dinas,beban,708886.0,2427731.0
cm_2025_09_biaya_operasional_kantor_biaya_pemeliharaan_spd_motor_dinas_beban,snapshot_istantoro_2022_mar_2026,2025-09,monthly,2025,9.0,Biaya Operasional Kantor,Biaya Pemeliharaan Spd Motor Dinas,beban,2706704.0,2421521.0
cm_2025_10_biaya_operasional_kantor_biaya_pemeliharaan_spd_motor_dinas_beban,snapshot_istantoro_2022_mar_2026,2025-10,monthly,2025,10.0,Biaya Operasional Kantor,Biaya Pemeliharaan Spd Motor Dinas,beban,1726462.0,2506068.0
cm_2025_11_biaya_operasional_kantor_biaya_pemeliharaan_spd_motor_dinas_beban,snapshot_istantoro_2022_mar_2026,2025-11,monthly,2025,11.0,Biaya Operasional Kantor,Biaya Pemeliharaan Spd Motor Dinas,beban,1381118.0,2404977.0
cm_2025_12_biaya_operasional_kantor_biaya_pemeliharaan_spd_motor_dinas_beban,snapshot_istantoro_2022_mar_2026,2025-12,monthly,2025,12.0,Biaya Operasional Kantor,Biaya Pemeliharaan Spd Motor Dinas,beban,3021086.0,2405352.0
cm_2026_01_biaya_operasional_kantor_biaya_pemeliharaan_spd_motor_dinas_beban,snapshot_istantoro_2022_mar_2026,2026-01,monthly,2026,1.0,Biaya Operasional Kantor,Biaya Pemeliharaan Spd Motor Dinas,beban,2146008.0,2414080.0
cm_2026_02_biaya_operasional_kantor_biaya_pemeliharaan_spd_motor_dinas_beban,snapshot_istantoro_2022_mar_2026,2026-02,monthly,2026,2.0,Biaya Operasional Kantor,Biaya Pemeliharaan Spd Motor Dinas,beban,2664485.0,2444772.0
cm_2026_03_biaya_operasional_kantor_biaya_pemeliharaan_spd_motor_dinas_beban,snapshot_istantoro_2022_mar_2026,2026-03,monthly,2026,3.0,Biaya Operasional Kantor,Biaya Pemeliharaan Spd Motor Dinas,beban,1507329.0,2399143.0
cm_2022_biaya_operasional_kantor_biaya_honorarium_konsultan_beban,snapshot_istantoro_2022_mar_2026,2022,annual,2022,,Biaya Operasional Kantor,Biaya Honorarium Konsultan,beban,1566978707.0,1680510338155.0
cm_2023_biaya_operasional_kantor_biaya_honorarium_konsultan_beban,snapshot_istantoro_2022_mar_2026,2023,annual,2023,,Biaya Operasional Kantor,Biaya Honorarium Konsultan,beban,744075923.0,2085903402.0
cm_2024_biaya_operasional_kantor_biaya_honorarium_konsultan_beban,snapshot_istantoro_2022_mar_2026,2024,annual,2024,,Biaya Operasional Kantor,Biaya Honorarium Konsultan,beban,3089900171.0,2599069249.0
cm_2025_biaya_operasional_kantor_biaya_honorarium_konsultan_beban,snapshot_istantoro_2022_mar_2026,2025,annual,2025,,Biaya Operasional Kantor,Biaya Honorarium Konsultan,beban,3138526629.0,2726212583.0
cm_2025_01_biaya_operasional_kantor_biaya_honorarium_konsultan_beban,snapshot_istantoro_2022_mar_2026,2025-01,monthly,2025,1.0,Biaya Operasional Kantor,Biaya Honorarium Konsultan,beban,89812324.0,234907294.0
cm_2025_02_biaya_operasional_kantor_biaya_honorarium_konsultan_beban,snapshot_istantoro_2022_mar_2026,2025-02,monthly,2025,2.0,Biaya Operasional Kantor,Biaya Honorarium Konsultan,beban,49268946.0,238404015.0
cm_2025_03_biaya_operasional_kantor_biaya_honorarium_konsultan_beban,snapshot_istantoro_2022_mar_2026,2025-03,monthly,2025,3.0,Biaya Operasional Kantor,Biaya Honorarium Konsultan,beban,157663672.0,228095826.0
cm_2025_04_biaya_operasional_kantor_biaya_honorarium_konsultan_beban,snapshot_istantoro_2022_mar_2026,2025-04,monthly,2025,4.0,Biaya Operasional Kantor,Biaya Honorarium Konsultan,beban,62575700.0,239260542.0
cm_2025_05_biaya_operasional_kantor_biaya_honorarium_konsultan_beban,snapshot_istantoro_2022_mar_2026,2025-05,monthly,2025,5.0,Biaya Operasional Kantor,Biaya Honorarium Konsultan,beban,59247093.0,232063264.0
cm_2025_06_biaya_operasional_kantor_biaya_honorarium_konsultan_beban,snapshot_istantoro_2022_mar_2026,2025-06,monthly,2025,6.0,Biaya Operasional Kantor,Biaya Honorarium Konsultan,beban,532683705.0,238944807.0
cm_2025_07_biaya_operasional_kantor_biaya_honorarium_konsultan_beban,snapshot_istantoro_2022_mar_2026,2025-07,monthly,2025,7.0,Biaya Operasional Kantor,Biaya Honorarium Konsultan,beban,149370727.0,235190153.0
cm_2025_08_biaya_operasional_kantor_biaya_honorarium_konsultan_beban,snapshot_istantoro_2022_mar_2026,2025-08,monthly,2025,8.0,Biaya Operasional Kantor,Biaya Honorarium Konsultan,beban,1331564028.0,229950671.0
cm_2025_09_biaya_operasional_kantor_biaya_honorarium_konsultan_beban,snapshot_istantoro_2022_mar_2026,2025-09,monthly,2025,9.0,Biaya Operasional Kantor,Biaya Honorarium Konsultan,beban,135991064.0,228368851.0
cm_2025_10_biaya_operasional_kantor_biaya_honorarium_konsultan_beban,snapshot_istantoro_2022_mar_2026,2025-10,monthly,2025,10.0,Biaya Operasional Kantor,Biaya Honorarium Konsultan,beban,299127978.0,229980666.0
cm_2025_11_biaya_operasional_kantor_biaya_honorarium_konsultan_beban,snapshot_istantoro_2022_mar_2026,2025-11,monthly,2025,11.0,Biaya Operasional Kantor,Biaya Honorarium Konsultan,beban,248498675.0,227038359.0
cm_2025_12_biaya_operasional_kantor_biaya_honorarium_konsultan_beban,snapshot_istantoro_2022_mar_2026,2025-12,monthly,2025,12.0,Biaya Operasional Kantor,Biaya Honorarium Konsultan,beban,29053694.0,227748399.0
cm_2026_01_biaya_operasional_kantor_biaya_honorarium_konsultan_beban,snapshot_istantoro_2022_mar_2026,2026-01,monthly,2026,1.0,Biaya Operasional Kantor,Biaya Honorarium Konsultan,beban,205173545.0,113600467.0
cm_2026_02_biaya_operasional_kantor_biaya_honorarium_konsultan_beban,snapshot_istantoro_2022_mar_2026,2026-02,monthly,2026,2.0,Biaya Operasional Kantor,Biaya Honorarium Konsultan,beban,9892731.0,115822603.0
cm_2026_03_biaya_operasional_kantor_biaya_honorarium_konsultan_beban,snapshot_istantoro_2022_mar_2026,2026-03,monthly,2026,3.0,Biaya Operasional Kantor,Biaya Honorarium Konsultan,beban,119092235.0,118424204.0
cm_2022_biaya_operasional_kantor_biaya_keamanan_beban,snapshot_istantoro_2022_mar_2026,2022,annual,2022,,Biaya Operasional Kantor,Biaya Keamanan,beban,43063485.0,37677897441.0
cm_2023_biaya_operasional_kantor_biaya_keamanan_beban,snapshot_istantoro_2022_mar_2026,2023,annual,2023,,Biaya Operasional Kantor,Biaya Keamanan,beban,32280564.0,56146380.0
cm_2024_biaya_operasional_kantor_biaya_keamanan_beban,snapshot_istantoro_2022_mar_2026,2024,annual,2024,,Biaya Operasional Kantor,Biaya Keamanan,beban,39428764.0,57914141.0
cm_2025_biaya_operasional_kantor_biaya_keamanan_beban,snapshot_istantoro_2022_mar_2026,2025,annual,2025,,Biaya Operasional Kantor,Biaya Keamanan,beban,40387189.0,37668927.0
cm_2025_01_biaya_operasional_kantor_biaya_keamanan_beban,snapshot_istantoro_2022_mar_2026,2025-01,monthly,2025,1.0,Biaya Operasional Kantor,Biaya Keamanan,beban,3178907.0,3119976.0
cm_2025_02_biaya_operasional_kantor_biaya_keamanan_beban,snapshot_istantoro_2022_mar_2026,2025-02,monthly,2025,2.0,Biaya Operasional Kantor,Biaya Keamanan,beban,3402854.0,3133258.0
cm_2025_03_biaya_operasional_kantor_biaya_keamanan_beban,snapshot_istantoro_2022_mar_2026,2025-03,monthly,2025,3.0,Biaya Operasional Kantor,Biaya Keamanan,beban,12231413.0,3278451.0
cm_2025_04_biaya_operasional_kantor_biaya_keamanan_beban,snapshot_istantoro_2022_mar_2026,2025-04,monthly,2025,4.0,Biaya Operasional Kantor,Biaya Keamanan,beban,3960775.0,3258834.0
cm_2025_05_biaya_operasional_kantor_biaya_keamanan_beban,snapshot_istantoro_2022_mar_2026,2025-05,monthly,2025,5.0,Biaya Operasional Kantor,Biaya Keamanan,beban,9387643.0,3169172.0
cm_2025_06_biaya_operasional_kantor_biaya_keamanan_beban,snapshot_istantoro_2022_mar_2026,2025-06,monthly,2025,6.0,Biaya Operasional Kantor,Biaya Keamanan,beban,11606929.0,3227058.0
cm_2025_07_biaya_operasional_kantor_biaya_keamanan_beban,snapshot_istantoro_2022_mar_2026,2025-07,monthly,2025,7.0,Biaya Operasional Kantor,Biaya Keamanan,beban,3647252.0,3204317.0
cm_2025_08_biaya_operasional_kantor_biaya_keamanan_beban,snapshot_istantoro_2022_mar_2026,2025-08,monthly,2025,8.0,Biaya Operasional Kantor,Biaya Keamanan,beban,3300625.0,3231144.0
cm_2025_09_biaya_operasional_kantor_biaya_keamanan_beban,snapshot_istantoro_2022_mar_2026,2025-09,monthly,2025,9.0,Biaya Operasional Kantor,Biaya Keamanan,beban,3756470.0,3232208.0
cm_2025_10_biaya_operasional_kantor_biaya_keamanan_beban,snapshot_istantoro_2022_mar_2026,2025-10,monthly,2025,10.0,Biaya Operasional Kantor,Biaya Keamanan,beban,3098877.0,3221862.0
cm_2025_11_biaya_operasional_kantor_biaya_keamanan_beban,snapshot_istantoro_2022_mar_2026,2025-11,monthly,2025,11.0,Biaya Operasional Kantor,Biaya Keamanan,beban,2967015.0,3152298.0
cm_2025_12_biaya_operasional_kantor_biaya_keamanan_beban,snapshot_istantoro_2022_mar_2026,2025-12,monthly,2025,12.0,Biaya Operasional Kantor,Biaya Keamanan,beban,3078393.0,3108734.0
cm_2026_01_biaya_operasional_kantor_biaya_keamanan_beban,snapshot_istantoro_2022_mar_2026,2026-01,monthly,2026,1.0,Biaya Operasional Kantor,Biaya Keamanan,beban,3444472.0,3640186.0
cm_2026_02_biaya_operasional_kantor_biaya_keamanan_beban,snapshot_istantoro_2022_mar_2026,2026-02,monthly,2026,2.0,Biaya Operasional Kantor,Biaya Keamanan,beban,3407950.0,3735538.0
cm_2026_03_biaya_operasional_kantor_biaya_keamanan_beban,snapshot_istantoro_2022_mar_2026,2026-03,monthly,2026,3.0,Biaya Operasional Kantor,Biaya Keamanan,beban,3924126.0,3665136.0
cm_2022_biaya_operasional_kantor_biaya_kebersihan_beban,snapshot_istantoro_2022_mar_2026,2022,annual,2022,,Biaya Operasional Kantor,Biaya Kebersihan,beban,57957020.0,36890179044.0
cm_2023_biaya_operasional_kantor_biaya_kebersihan_beban,snapshot_istantoro_2022_mar_2026,2023,annual,2023,,Biaya Operasional Kantor,Biaya Kebersihan,beban,56248435.0,71559339.0
cm_2024_biaya_operasional_kantor_biaya_kebersihan_beban,snapshot_istantoro_2022_mar_2026,2024,annual,2024,,Biaya Operasional Kantor,Biaya Kebersihan,beban,57000756.0,81727513.0
cm_2025_biaya_operasional_kantor_biaya_kebersihan_beban,snapshot_istantoro_2022_mar_2026,2025,annual,2025,,Biaya Operasional Kantor,Biaya Kebersihan,beban,83506091.0,61582548.0
cm_2025_01_biaya_operasional_kantor_biaya_kebersihan_beban,snapshot_istantoro_2022_mar_2026,2025-01,monthly,2025,1.0,Biaya Operasional Kantor,Biaya Kebersihan,beban,5345739.0,5126557.0
cm_2025_02_biaya_operasional_kantor_biaya_kebersihan_beban,snapshot_istantoro_2022_mar_2026,2025-02,monthly,2025,2.0,Biaya Operasional Kantor,Biaya Kebersihan,beban,7833785.0,5219603.0
cm_2025_03_biaya_operasional_kantor_biaya_kebersihan_beban,snapshot_istantoro_2022_mar_2026,2025-03,monthly,2025,3.0,Biaya Operasional Kantor,Biaya Kebersihan,beban,7029689.0,5221322.0
cm_2025_04_biaya_operasional_kantor_biaya_kebersihan_beban,snapshot_istantoro_2022_mar_2026,2025-04,monthly,2025,4.0,Biaya Operasional Kantor,Biaya Kebersihan,beban,6296259.0,5130327.0
cm_2025_05_biaya_operasional_kantor_biaya_kebersihan_beban,snapshot_istantoro_2022_mar_2026,2025-05,monthly,2025,5.0,Biaya Operasional Kantor,Biaya Kebersihan,beban,6607819.0,4995454.0
cm_2025_06_biaya_operasional_kantor_biaya_kebersihan_beban,snapshot_istantoro_2022_mar_2026,2025-06,monthly,2025,6.0,Biaya Operasional Kantor,Biaya Kebersihan,beban,6755984.0,5164383.0
cm_2025_07_biaya_operasional_kantor_biaya_kebersihan_beban,snapshot_istantoro_2022_mar_2026,2025-07,monthly,2025,7.0,Biaya Operasional Kantor,Biaya Kebersihan,beban,8359740.0,4953876.0
cm_2025_08_biaya_operasional_kantor_biaya_kebersihan_beban,snapshot_istantoro_2022_mar_2026,2025-08,monthly,2025,8.0,Biaya Operasional Kantor,Biaya Kebersihan,beban,8706004.0,5158948.0
cm_2025_09_biaya_operasional_kantor_biaya_kebersihan_beban,snapshot_istantoro_2022_mar_2026,2025-09,monthly,2025,9.0,Biaya Operasional Kantor,Biaya Kebersihan,beban,6329743.0,5198368.0
cm_2025_10_biaya_operasional_kantor_biaya_kebersihan_beban,snapshot_istantoro_2022_mar_2026,2025-10,monthly,2025,10.0,Biaya Operasional Kantor,Biaya Kebersihan,beban,8550405.0,5037833.0
cm_2025_11_biaya_operasional_kantor_biaya_kebersihan_beban,snapshot_istantoro_2022_mar_2026,2025-11,monthly,2025,11.0,Biaya Operasional Kantor,Biaya Kebersihan,beban,7322371.0,5113267.0
cm_2025_12_biaya_operasional_kantor_biaya_kebersihan_beban,snapshot_istantoro_2022_mar_2026,2025-12,monthly,2025,12.0,Biaya Operasional Kantor,Biaya Kebersihan,beban,7222643.0,5052235.0
cm_2026_01_biaya_operasional_kantor_biaya_kebersihan_beban,snapshot_istantoro_2022_mar_2026,2026-01,monthly,2026,1.0,Biaya Operasional Kantor,Biaya Kebersihan,beban,6482379.0,8586816.0
cm_2026_02_biaya_operasional_kantor_biaya_kebersihan_beban,snapshot_istantoro_2022_mar_2026,2026-02,monthly,2026,2.0,Biaya Operasional Kantor,Biaya Kebersihan,beban,8336615.0,8520935.0
cm_2026_03_biaya_operasional_kantor_biaya_kebersihan_beban,snapshot_istantoro_2022_mar_2026,2026-03,monthly,2026,3.0,Biaya Operasional Kantor,Biaya Kebersihan,beban,10526334.0,8754558.0
cm_2022_biaya_operasional_kantor_biaya_pendirian_beban,snapshot_istantoro_2022_mar_2026,2022,annual,2022,,Biaya Operasional Kantor,Biaya Pendirian,beban,438246078.0,0.0
cm_2023_biaya_operasional_kantor_biaya_pendirian_beban,snapshot_istantoro_2022_mar_2026,2023,annual,2023,,Biaya Operasional Kantor,Biaya Pendirian,beban,227341951.0,0.0
cm_2024_biaya_operasional_kantor_biaya_pendirian_beban,snapshot_istantoro_2022_mar_2026,2024,annual,2024,,Biaya Operasional Kantor,Biaya Pendirian,beban,9910198.0,0.0
cm_2025_biaya_operasional_kantor_biaya_pendirian_beban,snapshot_istantoro_2022_mar_2026,2025,annual,2025,,Biaya Operasional Kantor,Biaya Pendirian,beban,502045250.0,0.0
cm_2025_01_biaya_operasional_kantor_biaya_pendirian_beban,snapshot_istantoro_2022_mar_2026,2025-01,monthly,2025,1.0,Biaya Operasional Kantor,Biaya Pendirian,beban,0.0,0.0
cm_2025_02_biaya_operasional_kantor_biaya_pendirian_beban,snapshot_istantoro_2022_mar_2026,2025-02,monthly,2025,2.0,Biaya Operasional Kantor,Biaya Pendirian,beban,0.0,0.0
cm_2025_03_biaya_operasional_kantor_biaya_pendirian_beban,snapshot_istantoro_2022_mar_2026,2025-03,monthly,2025,3.0,Biaya Operasional Kantor,Biaya Pendirian,beban,0.0,0.0
cm_2025_04_biaya_operasional_kantor_biaya_pendirian_beban,snapshot_istantoro_2022_mar_2026,2025-04,monthly,2025,4.0,Biaya Operasional Kantor,Biaya Pendirian,beban,0.0,0.0
cm_2025_05_biaya_operasional_kantor_biaya_pendirian_beban,snapshot_istantoro_2022_mar_2026,2025-05,monthly,2025,5.0,Biaya Operasional Kantor,Biaya Pendirian,beban,0.0,0.0
cm_2025_06_biaya_operasional_kantor_biaya_pendirian_beban,snapshot_istantoro_2022_mar_2026,2025-06,monthly,2025,6.0,Biaya Operasional Kantor,Biaya Pendirian,beban,0.0,0.0
cm_2025_07_biaya_operasional_kantor_biaya_pendirian_beban,snapshot_istantoro_2022_mar_2026,2025-07,monthly,2025,7.0,Biaya Operasional Kantor,Biaya Pendirian,beban,0.0,0.0
cm_2025_08_biaya_operasional_kantor_biaya_pendirian_beban,snapshot_istantoro_2022_mar_2026,2025-08,monthly,2025,8.0,Biaya Operasional Kantor,Biaya Pendirian,beban,0.0,0.0
cm_2025_09_biaya_operasional_kantor_biaya_pendirian_beban,snapshot_istantoro_2022_mar_2026,2025-09,monthly,2025,9.0,Biaya Operasional Kantor,Biaya Pendirian,beban,0.0,0.0
cm_2025_10_biaya_operasional_kantor_biaya_pendirian_beban,snapshot_istantoro_2022_mar_2026,2025-10,monthly,2025,10.0,Biaya Operasional Kantor,Biaya Pendirian,beban,0.0,0.0
cm_2025_11_biaya_operasional_kantor_biaya_pendirian_beban,snapshot_istantoro_2022_mar_2026,2025-11,monthly,2025,11.0,Biaya Operasional Kantor,Biaya Pendirian,beban,509821490.0,0.0
cm_2025_12_biaya_operasional_kantor_biaya_pendirian_beban,snapshot_istantoro_2022_mar_2026,2025-12,monthly,2025,12.0,Biaya Operasional Kantor,Biaya Pendirian,beban,0.0,0.0
cm_2026_01_biaya_operasional_kantor_biaya_pendirian_beban,snapshot_istantoro_2022_mar_2026,2026-01,monthly,2026,1.0,Biaya Operasional Kantor,Biaya Pendirian,beban,0.0,0.0
cm_2026_02_biaya_operasional_kantor_biaya_pendirian_beban,snapshot_istantoro_2022_mar_2026,2026-02,monthly,2026,2.0,Biaya Operasional Kantor,Biaya Pendirian,beban,0.0,0.0
cm_2026_03_biaya_operasional_kantor_biaya_pendirian_beban,snapshot_istantoro_2022_mar_2026,2026-03,monthly,2026,3.0,Biaya Operasional Kantor,Biaya Pendirian,beban,0.0,0.0
cm_2022_biaya_operasional_kantor_biaya_seragam_dinas_beban,snapshot_istantoro_2022_mar_2026,2022,annual,2022,,Biaya Operasional Kantor,Biaya Seragam Dinas,beban,444576370.0,234239461700.0
cm_2023_biaya_operasional_kantor_biaya_seragam_dinas_beban,snapshot_istantoro_2022_mar_2026,2023,annual,2023,,Biaya Operasional Kantor,Biaya Seragam Dinas,beban,221745828.0,380883992.0
cm_2024_biaya_operasional_kantor_biaya_seragam_dinas_beban,snapshot_istantoro_2022_mar_2026,2024,annual,2024,,Biaya Operasional Kantor,Biaya Seragam Dinas,beban,9981233.0,400213173.0
cm_2025_biaya_operasional_kantor_biaya_seragam_dinas_beban,snapshot_istantoro_2022_mar_2026,2025,annual,2025,,Biaya Operasional Kantor,Biaya Seragam Dinas,beban,495597905.0,366231496.0
cm_2025_01_biaya_operasional_kantor_biaya_seragam_dinas_beban,snapshot_istantoro_2022_mar_2026,2025-01,monthly,2025,1.0,Biaya Operasional Kantor,Biaya Seragam Dinas,beban,0.0,30273380.0
cm_2025_02_biaya_operasional_kantor_biaya_seragam_dinas_beban,snapshot_istantoro_2022_mar_2026,2025-02,monthly,2025,2.0,Biaya Operasional Kantor,Biaya Seragam Dinas,beban,0.0,29405526.0
cm_2025_03_biaya_operasional_kantor_biaya_seragam_dinas_beban,snapshot_istantoro_2022_mar_2026,2025-03,monthly,2025,3.0,Biaya Operasional Kantor,Biaya Seragam Dinas,beban,0.0,29073221.0
cm_2025_04_biaya_operasional_kantor_biaya_seragam_dinas_beban,snapshot_istantoro_2022_mar_2026,2025-04,monthly,2025,4.0,Biaya Operasional Kantor,Biaya Seragam Dinas,beban,0.0,29432675.0
cm_2025_05_biaya_operasional_kantor_biaya_seragam_dinas_beban,snapshot_istantoro_2022_mar_2026,2025-05,monthly,2025,5.0,Biaya Operasional Kantor,Biaya Seragam Dinas,beban,0.0,30586386.0
cm_2025_06_biaya_operasional_kantor_biaya_seragam_dinas_beban,snapshot_istantoro_2022_mar_2026,2025-06,monthly,2025,6.0,Biaya Operasional Kantor,Biaya Seragam Dinas,beban,0.0,30086675.0
cm_2025_07_biaya_operasional_kantor_biaya_seragam_dinas_beban,snapshot_istantoro_2022_mar_2026,2025-07,monthly,2025,7.0,Biaya Operasional Kantor,Biaya Seragam Dinas,beban,0.0,30244051.0
cm_2025_08_biaya_operasional_kantor_biaya_seragam_dinas_beban,snapshot_istantoro_2022_mar_2026,2025-08,monthly,2025,8.0,Biaya Operasional Kantor,Biaya Seragam Dinas,beban,0.0,29413253.0
cm_2025_09_biaya_operasional_kantor_biaya_seragam_dinas_beban,snapshot_istantoro_2022_mar_2026,2025-09,monthly,2025,9.0,Biaya Operasional Kantor,Biaya Seragam Dinas,beban,0.0,30241067.0
cm_2025_10_biaya_operasional_kantor_biaya_seragam_dinas_beban,snapshot_istantoro_2022_mar_2026,2025-10,monthly,2025,10.0,Biaya Operasional Kantor,Biaya Seragam Dinas,beban,0.0,29003084.0
cm_2025_11_biaya_operasional_kantor_biaya_seragam_dinas_beban,snapshot_istantoro_2022_mar_2026,2025-11,monthly,2025,11.0,Biaya Operasional Kantor,Biaya Seragam Dinas,beban,518526348.0,29624881.0
cm_2025_12_biaya_operasional_kantor_biaya_seragam_dinas_beban,snapshot_istantoro_2022_mar_2026,2025-12,monthly,2025,12.0,Biaya Operasional Kantor,Biaya Seragam Dinas,beban,0.0,30075168.0
cm_2026_01_biaya_operasional_kantor_biaya_seragam_dinas_beban,snapshot_istantoro_2022_mar_2026,2026-01,monthly,2026,1.0,Biaya Operasional Kantor,Biaya Seragam Dinas,beban,0.0,4730701.0
cm_2026_02_biaya_operasional_kantor_biaya_seragam_dinas_beban,snapshot_istantoro_2022_mar_2026,2026-02,monthly,2026,2.0,Biaya Operasional Kantor,Biaya Seragam Dinas,beban,0.0,4927004.0
cm_2026_03_biaya_operasional_kantor_biaya_seragam_dinas_beban,snapshot_istantoro_2022_mar_2026,2026-03,monthly,2026,3.0,Biaya Operasional Kantor,Biaya Seragam Dinas,beban,0.0,4756492.0
cm_2022_biaya_operasional_kantor_biaya_premi_asuransi_barang_beban,snapshot_istantoro_2022_mar_2026,2022,annual,2022,,Biaya Operasional Kantor,Biaya Premi Asuransi Barang,beban,94594887.0,364993174408.0
cm_2023_biaya_operasional_kantor_biaya_premi_asuransi_barang_beban,snapshot_istantoro_2022_mar_2026,2023,annual,2023,,Biaya Operasional Kantor,Biaya Premi Asuransi Barang,beban,303480016.0,117545556.0
cm_2024_biaya_operasional_kantor_biaya_premi_asuransi_barang_beban,snapshot_istantoro_2022_mar_2026,2024,annual,2024,,Biaya Operasional Kantor,Biaya Premi Asuransi Barang,beban,1862614463.0,154569622.0
cm_2025_biaya_operasional_kantor_biaya_premi_asuransi_barang_beban,snapshot_istantoro_2022_mar_2026,2025,annual,2025,,Biaya Operasional Kantor,Biaya Premi Asuransi Barang,beban,436124802.0,150064286.0
cm_2025_01_biaya_operasional_kantor_biaya_premi_asuransi_barang_beban,snapshot_istantoro_2022_mar_2026,2025-01,monthly,2025,1.0,Biaya Operasional Kantor,Biaya Premi Asuransi Barang,beban,32309712.0,12435786.0
cm_2025_02_biaya_operasional_kantor_biaya_premi_asuransi_barang_beban,snapshot_istantoro_2022_mar_2026,2025-02,monthly,2025,2.0,Biaya Operasional Kantor,Biaya Premi Asuransi Barang,beban,33048827.0,13121717.0
cm_2025_03_biaya_operasional_kantor_biaya_premi_asuransi_barang_beban,snapshot_istantoro_2022_mar_2026,2025-03,monthly,2025,3.0,Biaya Operasional Kantor,Biaya Premi Asuransi Barang,beban,34066020.0,12629979.0
cm_2025_04_biaya_operasional_kantor_biaya_premi_asuransi_barang_beban,snapshot_istantoro_2022_mar_2026,2025-04,monthly,2025,4.0,Biaya Operasional Kantor,Biaya Premi Asuransi Barang,beban,35056400.0,13052646.0
cm_2025_05_biaya_operasional_kantor_biaya_premi_asuransi_barang_beban,snapshot_istantoro_2022_mar_2026,2025-05,monthly,2025,5.0,Biaya Operasional Kantor,Biaya Premi Asuransi Barang,beban,38451370.0,13190711.0
cm_2025_06_biaya_operasional_kantor_biaya_premi_asuransi_barang_beban,snapshot_istantoro_2022_mar_2026,2025-06,monthly,2025,6.0,Biaya Operasional Kantor,Biaya Premi Asuransi Barang,beban,29094317.0,12585258.0
cm_2025_07_biaya_operasional_kantor_biaya_premi_asuransi_barang_beban,snapshot_istantoro_2022_mar_2026,2025-07,monthly,2025,7.0,Biaya Operasional Kantor,Biaya Premi Asuransi Barang,beban,39385451.0,12626553.0
cm_2025_08_biaya_operasional_kantor_biaya_premi_asuransi_barang_beban,snapshot_istantoro_2022_mar_2026,2025-08,monthly,2025,8.0,Biaya Operasional Kantor,Biaya Premi Asuransi Barang,beban,31205601.0,12932145.0
cm_2025_09_biaya_operasional_kantor_biaya_premi_asuransi_barang_beban,snapshot_istantoro_2022_mar_2026,2025-09,monthly,2025,9.0,Biaya Operasional Kantor,Biaya Premi Asuransi Barang,beban,31581043.0,13164660.0
cm_2025_10_biaya_operasional_kantor_biaya_premi_asuransi_barang_beban,snapshot_istantoro_2022_mar_2026,2025-10,monthly,2025,10.0,Biaya Operasional Kantor,Biaya Premi Asuransi Barang,beban,51891934.0,13126520.0
cm_2025_11_biaya_operasional_kantor_biaya_premi_asuransi_barang_beban,snapshot_istantoro_2022_mar_2026,2025-11,monthly,2025,11.0,Biaya Operasional Kantor,Biaya Premi Asuransi Barang,beban,35907181.0,12809210.0
cm_2025_12_biaya_operasional_kantor_biaya_premi_asuransi_barang_beban,snapshot_istantoro_2022_mar_2026,2025-12,monthly,2025,12.0,Biaya Operasional Kantor,Biaya Premi Asuransi Barang,beban,34979786.0,13033769.0
cm_2026_01_biaya_operasional_kantor_biaya_premi_asuransi_barang_beban,snapshot_istantoro_2022_mar_2026,2026-01,monthly,2026,1.0,Biaya Operasional Kantor,Biaya Premi Asuransi Barang,beban,33881606.0,40492992.0
cm_2026_02_biaya_operasional_kantor_biaya_premi_asuransi_barang_beban,snapshot_istantoro_2022_mar_2026,2026-02,monthly,2026,2.0,Biaya Operasional Kantor,Biaya Premi Asuransi Barang,beban,38114632.0,42583642.0
cm_2026_03_biaya_operasional_kantor_biaya_premi_asuransi_barang_beban,snapshot_istantoro_2022_mar_2026,2026-03,monthly,2026,3.0,Biaya Operasional Kantor,Biaya Premi Asuransi Barang,beban,38331369.0,42551141.0
cm_2022_biaya_operasional_kantor_biaya_perijinan_beban,snapshot_istantoro_2022_mar_2026,2022,annual,2022,,Biaya Operasional Kantor,Biaya Perijinan,beban,480486980.0,393767725646.0
cm_2023_biaya_operasional_kantor_biaya_perijinan_beban,snapshot_istantoro_2022_mar_2026,2023,annual,2023,,Biaya Operasional Kantor,Biaya Perijinan,beban,291535288.0,668209402.0
cm_2024_biaya_operasional_kantor_biaya_perijinan_beban,snapshot_istantoro_2022_mar_2026,2024,annual,2024,,Biaya Operasional Kantor,Biaya Perijinan,beban,538382367.0,539495973.0
cm_2025_biaya_operasional_kantor_biaya_perijinan_beban,snapshot_istantoro_2022_mar_2026,2025,annual,2025,,Biaya Operasional Kantor,Biaya Perijinan,beban,434905011.0,710954859.0
cm_2025_01_biaya_operasional_kantor_biaya_perijinan_beban,snapshot_istantoro_2022_mar_2026,2025-01,monthly,2025,1.0,Biaya Operasional Kantor,Biaya Perijinan,beban,31695512.0,61207749.0
cm_2025_02_biaya_operasional_kantor_biaya_perijinan_beban,snapshot_istantoro_2022_mar_2026,2025-02,monthly,2025,2.0,Biaya Operasional Kantor,Biaya Perijinan,beban,90361052.0,59630432.0
cm_2025_03_biaya_operasional_kantor_biaya_perijinan_beban,snapshot_istantoro_2022_mar_2026,2025-03,monthly,2025,3.0,Biaya Operasional Kantor,Biaya Perijinan,beban,7442005.0,58585525.0
cm_2025_04_biaya_operasional_kantor_biaya_perijinan_beban,snapshot_istantoro_2022_mar_2026,2025-04,monthly,2025,4.0,Biaya Operasional Kantor,Biaya Perijinan,beban,24461690.0,59500359.0
cm_2025_05_biaya_operasional_kantor_biaya_perijinan_beban,snapshot_istantoro_2022_mar_2026,2025-05,monthly,2025,5.0,Biaya Operasional Kantor,Biaya Perijinan,beban,21720985.0,61803973.0
cm_2025_06_biaya_operasional_kantor_biaya_perijinan_beban,snapshot_istantoro_2022_mar_2026,2025-06,monthly,2025,6.0,Biaya Operasional Kantor,Biaya Perijinan,beban,47695302.0,60536398.0
cm_2025_07_biaya_operasional_kantor_biaya_perijinan_beban,snapshot_istantoro_2022_mar_2026,2025-07,monthly,2025,7.0,Biaya Operasional Kantor,Biaya Perijinan,beban,40563717.0,59766832.0
cm_2025_08_biaya_operasional_kantor_biaya_perijinan_beban,snapshot_istantoro_2022_mar_2026,2025-08,monthly,2025,8.0,Biaya Operasional Kantor,Biaya Perijinan,beban,45073423.0,58867158.0
cm_2025_09_biaya_operasional_kantor_biaya_perijinan_beban,snapshot_istantoro_2022_mar_2026,2025-09,monthly,2025,9.0,Biaya Operasional Kantor,Biaya Perijinan,beban,44551944.0,61821249.0
cm_2025_10_biaya_operasional_kantor_biaya_perijinan_beban,snapshot_istantoro_2022_mar_2026,2025-10,monthly,2025,10.0,Biaya Operasional Kantor,Biaya Perijinan,beban,35760952.0,61225385.0
cm_2025_11_biaya_operasional_kantor_biaya_perijinan_beban,snapshot_istantoro_2022_mar_2026,2025-11,monthly,2025,11.0,Biaya Operasional Kantor,Biaya Perijinan,beban,12088498.0,59281414.0
cm_2025_12_biaya_operasional_kantor_biaya_perijinan_beban,snapshot_istantoro_2022_mar_2026,2025-12,monthly,2025,12.0,Biaya Operasional Kantor,Biaya Perijinan,beban,60410420.0,58519467.0
cm_2026_01_biaya_operasional_kantor_biaya_perijinan_beban,snapshot_istantoro_2022_mar_2026,2026-01,monthly,2026,1.0,Biaya Operasional Kantor,Biaya Perijinan,beban,27688813.0,36938408.0
cm_2026_02_biaya_operasional_kantor_biaya_perijinan_beban,snapshot_istantoro_2022_mar_2026,2026-02,monthly,2026,2.0,Biaya Operasional Kantor,Biaya Perijinan,beban,17276521.0,37083565.0
cm_2026_03_biaya_operasional_kantor_biaya_perijinan_beban,snapshot_istantoro_2022_mar_2026,2026-03,monthly,2026,3.0,Biaya Operasional Kantor,Biaya Perijinan,beban,11589395.0,38131817.0
cm_2022_biaya_operasional_kantor_biaya_jasmani_dan_rohani_beban,snapshot_istantoro_2022_mar_2026,2022,annual,2022,,Biaya Operasional Kantor,Biaya Jasmani Dan Rohani,beban,162448860.0,164885867337.0
cm_2023_biaya_operasional_kantor_biaya_jasmani_dan_rohani_beban,snapshot_istantoro_2022_mar_2026,2023,annual,2023,,Biaya Operasional Kantor,Biaya Jasmani Dan Rohani,beban,228511584.0,155862539.0
cm_2024_biaya_operasional_kantor_biaya_jasmani_dan_rohani_beban,snapshot_istantoro_2022_mar_2026,2024,annual,2024,,Biaya Operasional Kantor,Biaya Jasmani Dan Rohani,beban,427907116.0,318200515.0
cm_2025_biaya_operasional_kantor_biaya_jasmani_dan_rohani_beban,snapshot_istantoro_2022_mar_2026,2025,annual,2025,,Biaya Operasional Kantor,Biaya Jasmani Dan Rohani,beban,385013314.0,291745674.0
cm_2025_01_biaya_operasional_kantor_biaya_jasmani_dan_rohani_beban,snapshot_istantoro_2022_mar_2026,2025-01,monthly,2025,1.0,Biaya Operasional Kantor,Biaya Jasmani Dan Rohani,beban,32124645.0,24696591.0
cm_2025_02_biaya_operasional_kantor_biaya_jasmani_dan_rohani_beban,snapshot_istantoro_2022_mar_2026,2025-02,monthly,2025,2.0,Biaya Operasional Kantor,Biaya Jasmani Dan Rohani,beban,29131221.0,24730674.0
cm_2025_03_biaya_operasional_kantor_biaya_jasmani_dan_rohani_beban,snapshot_istantoro_2022_mar_2026,2025-03,monthly,2025,3.0,Biaya Operasional Kantor,Biaya Jasmani Dan Rohani,beban,174011675.0,23914186.0
cm_2025_04_biaya_operasional_kantor_biaya_jasmani_dan_rohani_beban,snapshot_istantoro_2022_mar_2026,2025-04,monthly,2025,4.0,Biaya Operasional Kantor,Biaya Jasmani Dan Rohani,beban,33410277.0,24188226.0
cm_2025_05_biaya_operasional_kantor_biaya_jasmani_dan_rohani_beban,snapshot_istantoro_2022_mar_2026,2025-05,monthly,2025,5.0,Biaya Operasional Kantor,Biaya Jasmani Dan Rohani,beban,28243847.0,24592272.0
cm_2025_06_biaya_operasional_kantor_biaya_jasmani_dan_rohani_beban,snapshot_istantoro_2022_mar_2026,2025-06,monthly,2025,6.0,Biaya Operasional Kantor,Biaya Jasmani Dan Rohani,beban,91269834.0,23763056.0
cm_2025_07_biaya_operasional_kantor_biaya_jasmani_dan_rohani_beban,snapshot_istantoro_2022_mar_2026,2025-07,monthly,2025,7.0,Biaya Operasional Kantor,Biaya Jasmani Dan Rohani,beban,30100940.0,24188700.0
cm_2025_08_biaya_operasional_kantor_biaya_jasmani_dan_rohani_beban,snapshot_istantoro_2022_mar_2026,2025-08,monthly,2025,8.0,Biaya Operasional Kantor,Biaya Jasmani Dan Rohani,beban,31239621.0,24442262.0
cm_2025_09_biaya_operasional_kantor_biaya_jasmani_dan_rohani_beban,snapshot_istantoro_2022_mar_2026,2025-09,monthly,2025,9.0,Biaya Operasional Kantor,Biaya Jasmani Dan Rohani,beban,24541398.0,25117548.0
cm_2025_10_biaya_operasional_kantor_biaya_jasmani_dan_rohani_beban,snapshot_istantoro_2022_mar_2026,2025-10,monthly,2025,10.0,Biaya Operasional Kantor,Biaya Jasmani Dan Rohani,beban,29451752.0,24354064.0
cm_2025_11_biaya_operasional_kantor_biaya_jasmani_dan_rohani_beban,snapshot_istantoro_2022_mar_2026,2025-11,monthly,2025,11.0,Biaya Operasional Kantor,Biaya Jasmani Dan Rohani,beban,17036612.0,24853876.0
cm_2025_12_biaya_operasional_kantor_biaya_jasmani_dan_rohani_beban,snapshot_istantoro_2022_mar_2026,2025-12,monthly,2025,12.0,Biaya Operasional Kantor,Biaya Jasmani Dan Rohani,beban,64845299.0,24291915.0
cm_2026_01_biaya_operasional_kantor_biaya_jasmani_dan_rohani_beban,snapshot_istantoro_2022_mar_2026,2026-01,monthly,2026,1.0,Biaya Operasional Kantor,Biaya Jasmani Dan Rohani,beban,27698378.0,40957472.0
cm_2026_02_biaya_operasional_kantor_biaya_jasmani_dan_rohani_beban,snapshot_istantoro_2022_mar_2026,2026-02,monthly,2026,2.0,Biaya Operasional Kantor,Biaya Jasmani Dan Rohani,beban,9619333.0,40472213.0
cm_2026_03_biaya_operasional_kantor_biaya_jasmani_dan_rohani_beban,snapshot_istantoro_2022_mar_2026,2026-03,monthly,2026,3.0,Biaya Operasional Kantor,Biaya Jasmani Dan Rohani,beban,118128683.0,41175272.0
cm_2022_biaya_operasional_kantor_biaya_pajak_beban,snapshot_istantoro_2022_mar_2026,2022,annual,2022,,Biaya Operasional Kantor,Biaya Pajak,beban,9428957093.0,239837207903.0
cm_2023_biaya_operasional_kantor_biaya_pajak_beban,snapshot_istantoro_2022_mar_2026,2023,annual,2023,,Biaya Operasional Kantor,Biaya Pajak,beban,8789785963.0,7461173597.0
cm_2024_biaya_operasional_kantor_biaya_pajak_beban,snapshot_istantoro_2022_mar_2026,2024,annual,2024,,Biaya Operasional Kantor,Biaya Pajak,beban,17215324832.0,11085812329.0
cm_2025_biaya_operasional_kantor_biaya_pajak_beban,snapshot_istantoro_2022_mar_2026,2025,annual,2025,,Biaya Operasional Kantor,Biaya Pajak,beban,27872124929.0,11940515718.0
cm_2025_01_biaya_operasional_kantor_biaya_pajak_beban,snapshot_istantoro_2022_mar_2026,2025-01,monthly,2025,1.0,Biaya Operasional Kantor,Biaya Pajak,beban,983978.0,978658723.0
cm_2025_02_biaya_operasional_kantor_biaya_pajak_beban,snapshot_istantoro_2022_mar_2026,2025-02,monthly,2025,2.0,Biaya Operasional Kantor,Biaya Pajak,beban,1686091.0,975613564.0
cm_2025_03_biaya_operasional_kantor_biaya_pajak_beban,snapshot_istantoro_2022_mar_2026,2025-03,monthly,2025,3.0,Biaya Operasional Kantor,Biaya Pajak,beban,117583682.0,971000293.0
cm_2025_04_biaya_operasional_kantor_biaya_pajak_beban,snapshot_istantoro_2022_mar_2026,2025-04,monthly,2025,4.0,Biaya Operasional Kantor,Biaya Pajak,beban,50573846.0,1022412056.0
cm_2025_05_biaya_operasional_kantor_biaya_pajak_beban,snapshot_istantoro_2022_mar_2026,2025-05,monthly,2025,5.0,Biaya Operasional Kantor,Biaya Pajak,beban,123952778.0,984188495.0
cm_2025_06_biaya_operasional_kantor_biaya_pajak_beban,snapshot_istantoro_2022_mar_2026,2025-06,monthly,2025,6.0,Biaya Operasional Kantor,Biaya Pajak,beban,617243720.0,982690405.0
cm_2025_07_biaya_operasional_kantor_biaya_pajak_beban,snapshot_istantoro_2022_mar_2026,2025-07,monthly,2025,7.0,Biaya Operasional Kantor,Biaya Pajak,beban,1067982392.0,1014162124.0
cm_2025_08_biaya_operasional_kantor_biaya_pajak_beban,snapshot_istantoro_2022_mar_2026,2025-08,monthly,2025,8.0,Biaya Operasional Kantor,Biaya Pajak,beban,680575497.0,989200967.0
cm_2025_09_biaya_operasional_kantor_biaya_pajak_beban,snapshot_istantoro_2022_mar_2026,2025-09,monthly,2025,9.0,Biaya Operasional Kantor,Biaya Pajak,beban,5711588831.0,1000362682.0
cm_2025_10_biaya_operasional_kantor_biaya_pajak_beban,snapshot_istantoro_2022_mar_2026,2025-10,monthly,2025,10.0,Biaya Operasional Kantor,Biaya Pajak,beban,4856918623.0,979750664.0
cm_2025_11_biaya_operasional_kantor_biaya_pajak_beban,snapshot_istantoro_2022_mar_2026,2025-11,monthly,2025,11.0,Biaya Operasional Kantor,Biaya Pajak,beban,12269089224.0,1027584743.0
cm_2025_12_biaya_operasional_kantor_biaya_pajak_beban,snapshot_istantoro_2022_mar_2026,2025-12,monthly,2025,12.0,Biaya Operasional Kantor,Biaya Pajak,beban,2678400904.0,1021094884.0
cm_2026_01_biaya_operasional_kantor_biaya_pajak_beban,snapshot_istantoro_2022_mar_2026,2026-01,monthly,2026,1.0,Biaya Operasional Kantor,Biaya Pajak,beban,882597755.0,1024279763.0
cm_2026_02_biaya_operasional_kantor_biaya_pajak_beban,snapshot_istantoro_2022_mar_2026,2026-02,monthly,2026,2.0,Biaya Operasional Kantor,Biaya Pajak,beban,1184199254.0,996793000.0
cm_2026_03_biaya_operasional_kantor_biaya_pajak_beban,snapshot_istantoro_2022_mar_2026,2026-03,monthly,2026,3.0,Biaya Operasional Kantor,Biaya Pajak,beban,852099702.0,1018179453.0
cm_2022_biaya_operasional_kantor_beban_kegiatan_sosial_beban,snapshot_istantoro_2022_mar_2026,2022,annual,2022,,Biaya Operasional Kantor,Beban Kegiatan Sosial,beban,48512292.0,1573156094624.0
cm_2023_biaya_operasional_kantor_beban_kegiatan_sosial_beban,snapshot_istantoro_2022_mar_2026,2023,annual,2023,,Biaya Operasional Kantor,Beban Kegiatan Sosial,beban,679287230.0,679361998.0
cm_2024_biaya_operasional_kantor_beban_kegiatan_sosial_beban,snapshot_istantoro_2022_mar_2026,2024,annual,2024,,Biaya Operasional Kantor,Beban Kegiatan Sosial,beban,674793151.0,883790522.0
cm_2025_biaya_operasional_kantor_beban_kegiatan_sosial_beban,snapshot_istantoro_2022_mar_2026,2025,annual,2025,,Biaya Operasional Kantor,Beban Kegiatan Sosial,beban,525041957.0,693183233.0
cm_2025_01_biaya_operasional_kantor_beban_kegiatan_sosial_beban,snapshot_istantoro_2022_mar_2026,2025-01,monthly,2025,1.0,Biaya Operasional Kantor,Beban Kegiatan Sosial,beban,8849924.0,57312868.0
cm_2025_02_biaya_operasional_kantor_beban_kegiatan_sosial_beban,snapshot_istantoro_2022_mar_2026,2025-02,monthly,2025,2.0,Biaya Operasional Kantor,Beban Kegiatan Sosial,beban,13156616.0,57528784.0
cm_2025_03_biaya_operasional_kantor_beban_kegiatan_sosial_beban,snapshot_istantoro_2022_mar_2026,2025-03,monthly,2025,3.0,Biaya Operasional Kantor,Beban Kegiatan Sosial,beban,15276320.0,55768400.0
cm_2025_04_biaya_operasional_kantor_beban_kegiatan_sosial_beban,snapshot_istantoro_2022_mar_2026,2025-04,monthly,2025,4.0,Biaya Operasional Kantor,Beban Kegiatan Sosial,beban,44099492.0,57200090.0
cm_2025_05_biaya_operasional_kantor_beban_kegiatan_sosial_beban,snapshot_istantoro_2022_mar_2026,2025-05,monthly,2025,5.0,Biaya Operasional Kantor,Beban Kegiatan Sosial,beban,78529299.0,58218566.0
cm_2025_06_biaya_operasional_kantor_beban_kegiatan_sosial_beban,snapshot_istantoro_2022_mar_2026,2025-06,monthly,2025,6.0,Biaya Operasional Kantor,Beban Kegiatan Sosial,beban,5195205.0,57269075.0
cm_2025_07_biaya_operasional_kantor_beban_kegiatan_sosial_beban,snapshot_istantoro_2022_mar_2026,2025-07,monthly,2025,7.0,Biaya Operasional Kantor,Beban Kegiatan Sosial,beban,4817490.0,58267358.0
cm_2025_08_biaya_operasional_kantor_beban_kegiatan_sosial_beban,snapshot_istantoro_2022_mar_2026,2025-08,monthly,2025,8.0,Biaya Operasional Kantor,Beban Kegiatan Sosial,beban,5204114.0,56546116.0
cm_2025_09_biaya_operasional_kantor_beban_kegiatan_sosial_beban,snapshot_istantoro_2022_mar_2026,2025-09,monthly,2025,9.0,Biaya Operasional Kantor,Beban Kegiatan Sosial,beban,69759264.0,58546380.0
cm_2025_10_biaya_operasional_kantor_beban_kegiatan_sosial_beban,snapshot_istantoro_2022_mar_2026,2025-10,monthly,2025,10.0,Biaya Operasional Kantor,Beban Kegiatan Sosial,beban,2524289.0,57771578.0
cm_2025_11_biaya_operasional_kantor_beban_kegiatan_sosial_beban,snapshot_istantoro_2022_mar_2026,2025-11,monthly,2025,11.0,Biaya Operasional Kantor,Beban Kegiatan Sosial,beban,7615600.0,56469378.0
cm_2025_12_biaya_operasional_kantor_beban_kegiatan_sosial_beban,snapshot_istantoro_2022_mar_2026,2025-12,monthly,2025,12.0,Biaya Operasional Kantor,Beban Kegiatan Sosial,beban,299944512.0,56558879.0
cm_2026_01_biaya_operasional_kantor_beban_kegiatan_sosial_beban,snapshot_istantoro_2022_mar_2026,2026-01,monthly,2026,1.0,Biaya Operasional Kantor,Beban Kegiatan Sosial,beban,20792578.0,29806557.0
cm_2026_02_biaya_operasional_kantor_beban_kegiatan_sosial_beban,snapshot_istantoro_2022_mar_2026,2026-02,monthly,2026,2.0,Biaya Operasional Kantor,Beban Kegiatan Sosial,beban,2026478.0,30164897.0
cm_2026_03_biaya_operasional_kantor_beban_kegiatan_sosial_beban,snapshot_istantoro_2022_mar_2026,2026-03,monthly,2026,3.0,Biaya Operasional Kantor,Beban Kegiatan Sosial,beban,14037668.0,29429593.0
cm_2022_biaya_operasional_kantor_biaya_penghapusan_piutang_beban,snapshot_istantoro_2022_mar_2026,2022,annual,2022,,Biaya Operasional Kantor,Biaya Penghapusan Piutang,beban,6645946116.0,6675612283483.0
cm_2023_biaya_operasional_kantor_biaya_penghapusan_piutang_beban,snapshot_istantoro_2022_mar_2026,2023,annual,2023,,Biaya Operasional Kantor,Biaya Penghapusan Piutang,beban,11606073523.0,6040142316.0
cm_2024_biaya_operasional_kantor_biaya_penghapusan_piutang_beban,snapshot_istantoro_2022_mar_2026,2024,annual,2024,,Biaya Operasional Kantor,Biaya Penghapusan Piutang,beban,20213099580.0,6566014634.0
cm_2025_biaya_operasional_kantor_biaya_penghapusan_piutang_beban,snapshot_istantoro_2022_mar_2026,2025,annual,2025,,Biaya Operasional Kantor,Biaya Penghapusan Piutang,beban,9238971437.0,7476638469.0
cm_2025_01_biaya_operasional_kantor_biaya_penghapusan_piutang_beban,snapshot_istantoro_2022_mar_2026,2025-01,monthly,2025,1.0,Biaya Operasional Kantor,Biaya Penghapusan Piutang,beban,0.0,624546257.0
cm_2025_02_biaya_operasional_kantor_biaya_penghapusan_piutang_beban,snapshot_istantoro_2022_mar_2026,2025-02,monthly,2025,2.0,Biaya Operasional Kantor,Biaya Penghapusan Piutang,beban,0.0,613909618.0
cm_2025_03_biaya_operasional_kantor_biaya_penghapusan_piutang_beban,snapshot_istantoro_2022_mar_2026,2025-03,monthly,2025,3.0,Biaya Operasional Kantor,Biaya Penghapusan Piutang,beban,0.0,629755099.0
cm_2025_04_biaya_operasional_kantor_biaya_penghapusan_piutang_beban,snapshot_istantoro_2022_mar_2026,2025-04,monthly,2025,4.0,Biaya Operasional Kantor,Biaya Penghapusan Piutang,beban,0.0,619702844.0
cm_2025_05_biaya_operasional_kantor_biaya_penghapusan_piutang_beban,snapshot_istantoro_2022_mar_2026,2025-05,monthly,2025,5.0,Biaya Operasional Kantor,Biaya Penghapusan Piutang,beban,0.0,643586694.0
cm_2025_06_biaya_operasional_kantor_biaya_penghapusan_piutang_beban,snapshot_istantoro_2022_mar_2026,2025-06,monthly,2025,6.0,Biaya Operasional Kantor,Biaya Penghapusan Piutang,beban,0.0,624256882.0
cm_2025_07_biaya_operasional_kantor_biaya_penghapusan_piutang_beban,snapshot_istantoro_2022_mar_2026,2025-07,monthly,2025,7.0,Biaya Operasional Kantor,Biaya Penghapusan Piutang,beban,523128315.0,624470710.0
cm_2025_08_biaya_operasional_kantor_biaya_penghapusan_piutang_beban,snapshot_istantoro_2022_mar_2026,2025-08,monthly,2025,8.0,Biaya Operasional Kantor,Biaya Penghapusan Piutang,beban,6087899743.0,627469442.0
cm_2025_09_biaya_operasional_kantor_biaya_penghapusan_piutang_beban,snapshot_istantoro_2022_mar_2026,2025-09,monthly,2025,9.0,Biaya Operasional Kantor,Biaya Penghapusan Piutang,beban,427456156.0,640628350.0
cm_2025_10_biaya_operasional_kantor_biaya_penghapusan_piutang_beban,snapshot_istantoro_2022_mar_2026,2025-10,monthly,2025,10.0,Biaya Operasional Kantor,Biaya Penghapusan Piutang,beban,297745525.0,636280679.0
cm_2025_11_biaya_operasional_kantor_biaya_penghapusan_piutang_beban,snapshot_istantoro_2022_mar_2026,2025-11,monthly,2025,11.0,Biaya Operasional Kantor,Biaya Penghapusan Piutang,beban,2081567703.0,623167378.0
cm_2025_12_biaya_operasional_kantor_biaya_penghapusan_piutang_beban,snapshot_istantoro_2022_mar_2026,2025-12,monthly,2025,12.0,Biaya Operasional Kantor,Biaya Penghapusan Piutang,beban,0.0,633201222.0
cm_2026_01_biaya_operasional_kantor_biaya_penghapusan_piutang_beban,snapshot_istantoro_2022_mar_2026,2026-01,monthly,2026,1.0,Biaya Operasional Kantor,Biaya Penghapusan Piutang,beban,0.0,628233915.0
cm_2026_02_biaya_operasional_kantor_biaya_penghapusan_piutang_beban,snapshot_istantoro_2022_mar_2026,2026-02,monthly,2026,2.0,Biaya Operasional Kantor,Biaya Penghapusan Piutang,beban,0.0,624713848.0
cm_2026_03_biaya_operasional_kantor_biaya_penghapusan_piutang_beban,snapshot_istantoro_2022_mar_2026,2026-03,monthly,2026,3.0,Biaya Operasional Kantor,Biaya Penghapusan Piutang,beban,0.0,613461923.0
cm_2022_biaya_operasional_kantor_biaya_os_kantor_beban,snapshot_istantoro_2022_mar_2026,2022,annual,2022,,Biaya Operasional Kantor,Biaya OS Kantor,beban,0.0,0.0
cm_2023_biaya_operasional_kantor_biaya_os_kantor_beban,snapshot_istantoro_2022_mar_2026,2023,annual,2023,,Biaya Operasional Kantor,Biaya OS Kantor,beban,4605368651.0,0.0
cm_2024_biaya_operasional_kantor_biaya_os_kantor_beban,snapshot_istantoro_2022_mar_2026,2024,annual,2024,,Biaya Operasional Kantor,Biaya OS Kantor,beban,14865538592.0,14568008034.0
cm_2025_biaya_operasional_kantor_biaya_os_kantor_beban,snapshot_istantoro_2022_mar_2026,2025,annual,2025,,Biaya Operasional Kantor,Biaya OS Kantor,beban,15311393852.0,15842575818.0
cm_2025_01_biaya_operasional_kantor_biaya_os_kantor_beban,snapshot_istantoro_2022_mar_2026,2025-01,monthly,2025,1.0,Biaya Operasional Kantor,Biaya OS Kantor,beban,1201266109.0,1374030676.0
cm_2025_02_biaya_operasional_kantor_biaya_os_kantor_beban,snapshot_istantoro_2022_mar_2026,2025-02,monthly,2025,2.0,Biaya Operasional Kantor,Biaya OS Kantor,beban,1222092142.0,1327421098.0
cm_2025_03_biaya_operasional_kantor_biaya_os_kantor_beban,snapshot_istantoro_2022_mar_2026,2025-03,monthly,2025,3.0,Biaya Operasional Kantor,Biaya OS Kantor,beban,1520507704.0,1377040878.0
cm_2025_04_biaya_operasional_kantor_biaya_os_kantor_beban,snapshot_istantoro_2022_mar_2026,2025-04,monthly,2025,4.0,Biaya Operasional Kantor,Biaya OS Kantor,beban,1254157320.0,1343319873.0
cm_2025_05_biaya_operasional_kantor_biaya_os_kantor_beban,snapshot_istantoro_2022_mar_2026,2025-05,monthly,2025,5.0,Biaya Operasional Kantor,Biaya OS Kantor,beban,1289919591.0,1351242301.0
cm_2025_06_biaya_operasional_kantor_biaya_os_kantor_beban,snapshot_istantoro_2022_mar_2026,2025-06,monthly,2025,6.0,Biaya Operasional Kantor,Biaya OS Kantor,beban,1247482537.0,1344115031.0
cm_2025_07_biaya_operasional_kantor_biaya_os_kantor_beban,snapshot_istantoro_2022_mar_2026,2025-07,monthly,2025,7.0,Biaya Operasional Kantor,Biaya OS Kantor,beban,1278392946.0,1310848421.0
cm_2025_08_biaya_operasional_kantor_biaya_os_kantor_beban,snapshot_istantoro_2022_mar_2026,2025-08,monthly,2025,8.0,Biaya Operasional Kantor,Biaya OS Kantor,beban,1193182018.0,1330672018.0
cm_2025_09_biaya_operasional_kantor_biaya_os_kantor_beban,snapshot_istantoro_2022_mar_2026,2025-09,monthly,2025,9.0,Biaya Operasional Kantor,Biaya OS Kantor,beban,1420995328.0,1308416368.0
cm_2025_10_biaya_operasional_kantor_biaya_os_kantor_beban,snapshot_istantoro_2022_mar_2026,2025-10,monthly,2025,10.0,Biaya Operasional Kantor,Biaya OS Kantor,beban,1333012722.0,1350551298.0
cm_2025_11_biaya_operasional_kantor_biaya_os_kantor_beban,snapshot_istantoro_2022_mar_2026,2025-11,monthly,2025,11.0,Biaya Operasional Kantor,Biaya OS Kantor,beban,1463103131.0,1336387495.0
cm_2025_12_biaya_operasional_kantor_biaya_os_kantor_beban,snapshot_istantoro_2022_mar_2026,2025-12,monthly,2025,12.0,Biaya Operasional Kantor,Biaya OS Kantor,beban,1655138568.0,1363021932.0
cm_2026_01_biaya_operasional_kantor_biaya_os_kantor_beban,snapshot_istantoro_2022_mar_2026,2026-01,monthly,2026,1.0,Biaya Operasional Kantor,Biaya OS Kantor,beban,1251705901.0,1318175659.0
cm_2026_02_biaya_operasional_kantor_biaya_os_kantor_beban,snapshot_istantoro_2022_mar_2026,2026-02,monthly,2026,2.0,Biaya Operasional Kantor,Biaya OS Kantor,beban,438656164.0,1313678726.0
cm_2026_03_biaya_operasional_kantor_biaya_os_kantor_beban,snapshot_istantoro_2022_mar_2026,2026-03,monthly,2026,3.0,Biaya Operasional Kantor,Biaya OS Kantor,beban,3705356196.0,1333126314.0
cm_2022_biaya_operasional_kantor_biaya_operasional_lainnya_beban,snapshot_istantoro_2022_mar_2026,2022,annual,2022,,Biaya Operasional Kantor,Biaya Operasional Lainnya,beban,46144723.0,824324301545.0
cm_2023_biaya_operasional_kantor_biaya_operasional_lainnya_beban,snapshot_istantoro_2022_mar_2026,2023,annual,2023,,Biaya Operasional Kantor,Biaya Operasional Lainnya,beban,59332631.0,59865396.0
cm_2024_biaya_operasional_kantor_biaya_operasional_lainnya_beban,snapshot_istantoro_2022_mar_2026,2024,annual,2024,,Biaya Operasional Kantor,Biaya Operasional Lainnya,beban,168856350.0,58831411.0
cm_2025_biaya_operasional_kantor_biaya_operasional_lainnya_beban,snapshot_istantoro_2022_mar_2026,2025,annual,2025,,Biaya Operasional Kantor,Biaya Operasional Lainnya,beban,84277173.0,38180527.0
cm_2025_01_biaya_operasional_kantor_biaya_operasional_lainnya_beban,snapshot_istantoro_2022_mar_2026,2025-01,monthly,2025,1.0,Biaya Operasional Kantor,Biaya Operasional Lainnya,beban,136698.0,3099124.0
cm_2025_02_biaya_operasional_kantor_biaya_operasional_lainnya_beban,snapshot_istantoro_2022_mar_2026,2025-02,monthly,2025,2.0,Biaya Operasional Kantor,Biaya Operasional Lainnya,beban,1490902.0,3270828.0
cm_2025_03_biaya_operasional_kantor_biaya_operasional_lainnya_beban,snapshot_istantoro_2022_mar_2026,2025-03,monthly,2025,3.0,Biaya Operasional Kantor,Biaya Operasional Lainnya,beban,770174.0,3210151.0
cm_2025_04_biaya_operasional_kantor_biaya_operasional_lainnya_beban,snapshot_istantoro_2022_mar_2026,2025-04,monthly,2025,4.0,Biaya Operasional Kantor,Biaya Operasional Lainnya,beban,47942.0,3137492.0
cm_2025_05_biaya_operasional_kantor_biaya_operasional_lainnya_beban,snapshot_istantoro_2022_mar_2026,2025-05,monthly,2025,5.0,Biaya Operasional Kantor,Biaya Operasional Lainnya,beban,2009193.0,3194781.0
cm_2025_06_biaya_operasional_kantor_biaya_operasional_lainnya_beban,snapshot_istantoro_2022_mar_2026,2025-06,monthly,2025,6.0,Biaya Operasional Kantor,Biaya Operasional Lainnya,beban,641443.0,3103943.0
cm_2025_07_biaya_operasional_kantor_biaya_operasional_lainnya_beban,snapshot_istantoro_2022_mar_2026,2025-07,monthly,2025,7.0,Biaya Operasional Kantor,Biaya Operasional Lainnya,beban,1169236.0,3267254.0
cm_2025_08_biaya_operasional_kantor_biaya_operasional_lainnya_beban,snapshot_istantoro_2022_mar_2026,2025-08,monthly,2025,8.0,Biaya Operasional Kantor,Biaya Operasional Lainnya,beban,6747072.0,3116397.0
cm_2025_09_biaya_operasional_kantor_biaya_operasional_lainnya_beban,snapshot_istantoro_2022_mar_2026,2025-09,monthly,2025,9.0,Biaya Operasional Kantor,Biaya Operasional Lainnya,beban,512378.0,3206647.0
cm_2025_10_biaya_operasional_kantor_biaya_operasional_lainnya_beban,snapshot_istantoro_2022_mar_2026,2025-10,monthly,2025,10.0,Biaya Operasional Kantor,Biaya Operasional Lainnya,beban,1082072.0,3129874.0
cm_2025_11_biaya_operasional_kantor_biaya_operasional_lainnya_beban,snapshot_istantoro_2022_mar_2026,2025-11,monthly,2025,11.0,Biaya Operasional Kantor,Biaya Operasional Lainnya,beban,1283718.0,3219907.0
cm_2025_12_biaya_operasional_kantor_biaya_operasional_lainnya_beban,snapshot_istantoro_2022_mar_2026,2025-12,monthly,2025,12.0,Biaya Operasional Kantor,Biaya Operasional Lainnya,beban,63819248.0,3231208.0
cm_2026_01_biaya_operasional_kantor_biaya_operasional_lainnya_beban,snapshot_istantoro_2022_mar_2026,2026-01,monthly,2026,1.0,Biaya Operasional Kantor,Biaya Operasional Lainnya,beban,373448.0,1836917.0
cm_2026_02_biaya_operasional_kantor_biaya_operasional_lainnya_beban,snapshot_istantoro_2022_mar_2026,2026-02,monthly,2026,2.0,Biaya Operasional Kantor,Biaya Operasional Lainnya,beban,744295.0,1830490.0
cm_2026_03_biaya_operasional_kantor_biaya_operasional_lainnya_beban,snapshot_istantoro_2022_mar_2026,2026-03,monthly,2026,3.0,Biaya Operasional Kantor,Biaya Operasional Lainnya,beban,44988.0,1860811.0
cm_2022_biaya_operasional_kantor_biaya_kerugian_fraud_beban,snapshot_istantoro_2022_mar_2026,2022,annual,2022,,Biaya Operasional Kantor,Biaya Kerugian Fraud,beban,18124836.0,0.0
cm_2023_biaya_operasional_kantor_biaya_kerugian_fraud_beban,snapshot_istantoro_2022_mar_2026,2023,annual,2023,,Biaya Operasional Kantor,Biaya Kerugian Fraud,beban,102092900.0,52634751.0
cm_2024_biaya_operasional_kantor_biaya_kerugian_fraud_beban,snapshot_istantoro_2022_mar_2026,2024,annual,2024,,Biaya Operasional Kantor,Biaya Kerugian Fraud,beban,0.0,53452164.0
cm_2025_biaya_operasional_kantor_biaya_kerugian_fraud_beban,snapshot_istantoro_2022_mar_2026,2025,annual,2025,,Biaya Operasional Kantor,Biaya Kerugian Fraud,beban,0.0,0.0
cm_2025_01_biaya_operasional_kantor_biaya_kerugian_fraud_beban,snapshot_istantoro_2022_mar_2026,2025-01,monthly,2025,1.0,Biaya Operasional Kantor,Biaya Kerugian Fraud,beban,0.0,0.0
cm_2025_02_biaya_operasional_kantor_biaya_kerugian_fraud_beban,snapshot_istantoro_2022_mar_2026,2025-02,monthly,2025,2.0,Biaya Operasional Kantor,Biaya Kerugian Fraud,beban,0.0,0.0
cm_2025_03_biaya_operasional_kantor_biaya_kerugian_fraud_beban,snapshot_istantoro_2022_mar_2026,2025-03,monthly,2025,3.0,Biaya Operasional Kantor,Biaya Kerugian Fraud,beban,0.0,0.0
cm_2025_04_biaya_operasional_kantor_biaya_kerugian_fraud_beban,snapshot_istantoro_2022_mar_2026,2025-04,monthly,2025,4.0,Biaya Operasional Kantor,Biaya Kerugian Fraud,beban,0.0,0.0
cm_2025_05_biaya_operasional_kantor_biaya_kerugian_fraud_beban,snapshot_istantoro_2022_mar_2026,2025-05,monthly,2025,5.0,Biaya Operasional Kantor,Biaya Kerugian Fraud,beban,0.0,0.0
cm_2025_06_biaya_operasional_kantor_biaya_kerugian_fraud_beban,snapshot_istantoro_2022_mar_2026,2025-06,monthly,2025,6.0,Biaya Operasional Kantor,Biaya Kerugian Fraud,beban,0.0,0.0
cm_2025_07_biaya_operasional_kantor_biaya_kerugian_fraud_beban,snapshot_istantoro_2022_mar_2026,2025-07,monthly,2025,7.0,Biaya Operasional Kantor,Biaya Kerugian Fraud,beban,0.0,0.0
cm_2025_08_biaya_operasional_kantor_biaya_kerugian_fraud_beban,snapshot_istantoro_2022_mar_2026,2025-08,monthly,2025,8.0,Biaya Operasional Kantor,Biaya Kerugian Fraud,beban,0.0,0.0
cm_2025_09_biaya_operasional_kantor_biaya_kerugian_fraud_beban,snapshot_istantoro_2022_mar_2026,2025-09,monthly,2025,9.0,Biaya Operasional Kantor,Biaya Kerugian Fraud,beban,0.0,0.0
cm_2025_10_biaya_operasional_kantor_biaya_kerugian_fraud_beban,snapshot_istantoro_2022_mar_2026,2025-10,monthly,2025,10.0,Biaya Operasional Kantor,Biaya Kerugian Fraud,beban,0.0,0.0
cm_2025_11_biaya_operasional_kantor_biaya_kerugian_fraud_beban,snapshot_istantoro_2022_mar_2026,2025-11,monthly,2025,11.0,Biaya Operasional Kantor,Biaya Kerugian Fraud,beban,0.0,0.0
cm_2025_12_biaya_operasional_kantor_biaya_kerugian_fraud_beban,snapshot_istantoro_2022_mar_2026,2025-12,monthly,2025,12.0,Biaya Operasional Kantor,Biaya Kerugian Fraud,beban,0.0,0.0
cm_2026_01_biaya_operasional_kantor_biaya_kerugian_fraud_beban,snapshot_istantoro_2022_mar_2026,2026-01,monthly,2026,1.0,Biaya Operasional Kantor,Biaya Kerugian Fraud,beban,0.0,0.0
cm_2026_02_biaya_operasional_kantor_biaya_kerugian_fraud_beban,snapshot_istantoro_2022_mar_2026,2026-02,monthly,2026,2.0,Biaya Operasional Kantor,Biaya Kerugian Fraud,beban,0.0,0.0
cm_2026_03_biaya_operasional_kantor_biaya_kerugian_fraud_beban,snapshot_istantoro_2022_mar_2026,2026-03,monthly,2026,3.0,Biaya Operasional Kantor,Biaya Kerugian Fraud,beban,0.0,0.0
cm_2022_biaya_operasional_kantor_biaya_pulsa_beban,snapshot_istantoro_2022_mar_2026,2022,annual,2022,,Biaya Operasional Kantor,Biaya Pulsa,beban,0.0,0.0
cm_2023_biaya_operasional_kantor_biaya_pulsa_beban,snapshot_istantoro_2022_mar_2026,2023,annual,2023,,Biaya Operasional Kantor,Biaya Pulsa,beban,594930645.0,492448624.0
cm_2024_biaya_operasional_kantor_biaya_pulsa_beban,snapshot_istantoro_2022_mar_2026,2024,annual,2024,,Biaya Operasional Kantor,Biaya Pulsa,beban,564786188.0,771960628.0
cm_2025_biaya_operasional_kantor_biaya_pulsa_beban,snapshot_istantoro_2022_mar_2026,2025,annual,2025,,Biaya Operasional Kantor,Biaya Pulsa,beban,621610346.0,819524794.0
cm_2025_01_biaya_operasional_kantor_biaya_pulsa_beban,snapshot_istantoro_2022_mar_2026,2025-01,monthly,2025,1.0,Biaya Operasional Kantor,Biaya Pulsa,beban,51011641.0,69709527.0
cm_2025_02_biaya_operasional_kantor_biaya_pulsa_beban,snapshot_istantoro_2022_mar_2026,2025-02,monthly,2025,2.0,Biaya Operasional Kantor,Biaya Pulsa,beban,49248554.0,69511991.0
cm_2025_03_biaya_operasional_kantor_biaya_pulsa_beban,snapshot_istantoro_2022_mar_2026,2025-03,monthly,2025,3.0,Biaya Operasional Kantor,Biaya Pulsa,beban,51000630.0,67562335.0
cm_2025_04_biaya_operasional_kantor_biaya_pulsa_beban,snapshot_istantoro_2022_mar_2026,2025-04,monthly,2025,4.0,Biaya Operasional Kantor,Biaya Pulsa,beban,47762636.0,67673365.0
cm_2025_05_biaya_operasional_kantor_biaya_pulsa_beban,snapshot_istantoro_2022_mar_2026,2025-05,monthly,2025,5.0,Biaya Operasional Kantor,Biaya Pulsa,beban,49166045.0,67847799.0
cm_2025_06_biaya_operasional_kantor_biaya_pulsa_beban,snapshot_istantoro_2022_mar_2026,2025-06,monthly,2025,6.0,Biaya Operasional Kantor,Biaya Pulsa,beban,46257682.0,68383400.0
cm_2025_07_biaya_operasional_kantor_biaya_pulsa_beban,snapshot_istantoro_2022_mar_2026,2025-07,monthly,2025,7.0,Biaya Operasional Kantor,Biaya Pulsa,beban,46487761.0,67654091.0
cm_2025_08_biaya_operasional_kantor_biaya_pulsa_beban,snapshot_istantoro_2022_mar_2026,2025-08,monthly,2025,8.0,Biaya Operasional Kantor,Biaya Pulsa,beban,52882922.0,66768562.0
cm_2025_09_biaya_operasional_kantor_biaya_pulsa_beban,snapshot_istantoro_2022_mar_2026,2025-09,monthly,2025,9.0,Biaya Operasional Kantor,Biaya Pulsa,beban,49791974.0,70314996.0
cm_2025_10_biaya_operasional_kantor_biaya_pulsa_beban,snapshot_istantoro_2022_mar_2026,2025-10,monthly,2025,10.0,Biaya Operasional Kantor,Biaya Pulsa,beban,52675665.0,70670641.0
cm_2025_11_biaya_operasional_kantor_biaya_pulsa_beban,snapshot_istantoro_2022_mar_2026,2025-11,monthly,2025,11.0,Biaya Operasional Kantor,Biaya Pulsa,beban,54213058.0,68096478.0
cm_2025_12_biaya_operasional_kantor_biaya_pulsa_beban,snapshot_istantoro_2022_mar_2026,2025-12,monthly,2025,12.0,Biaya Operasional Kantor,Biaya Pulsa,beban,54301937.0,68083841.0
cm_2026_01_biaya_operasional_kantor_biaya_pulsa_beban,snapshot_istantoro_2022_mar_2026,2026-01,monthly,2026,1.0,Biaya Operasional Kantor,Biaya Pulsa,beban,55112549.0,49835393.0
cm_2026_02_biaya_operasional_kantor_biaya_pulsa_beban,snapshot_istantoro_2022_mar_2026,2026-02,monthly,2026,2.0,Biaya Operasional Kantor,Biaya Pulsa,beban,51629931.0,51909564.0
cm_2026_03_biaya_operasional_kantor_biaya_pulsa_beban,snapshot_istantoro_2022_mar_2026,2026-03,monthly,2026,3.0,Biaya Operasional Kantor,Biaya Pulsa,beban,50659263.0,52356928.0
cm_2022_pendapatan_non_ops_pendapatan_jasa_giro_pendapatan,snapshot_istantoro_2022_mar_2026,2022,annual,2022,,Pendapatan Non Ops,Pendapatan Jasa Giro,pendapatan,9723257459.0,4987692773.0
cm_2022_pendapatan_non_ops_pendapatan_lain_lain_pendapatan,snapshot_istantoro_2022_mar_2026,2022,annual,2022,,Pendapatan Non Ops,Pendapatan Lain-Lain,pendapatan,0.0,0.0
cm_2022_pendapatan_non_ops_pendapatan_bunga_deposito_pendapatan,snapshot_istantoro_2022_mar_2026,2022,annual,2022,,Pendapatan Non Ops,Pendapatan Bunga Deposito,pendapatan,3753132313.0,1983011449.0
cm_2023_pendapatan_non_ops_pendapatan_jasa_giro_pendapatan,snapshot_istantoro_2022_mar_2026,2023,annual,2023,,Pendapatan Non Ops,Pendapatan Jasa Giro,pendapatan,4990886494.0,3440177663.0
cm_2023_pendapatan_non_ops_pendapatan_lain_lain_pendapatan,snapshot_istantoro_2022_mar_2026,2023,annual,2023,,Pendapatan Non Ops,Pendapatan Lain-Lain,pendapatan,0.0,0.0
cm_2023_pendapatan_non_ops_pendapatan_bunga_deposito_pendapatan,snapshot_istantoro_2022_mar_2026,2023,annual,2023,,Pendapatan Non Ops,Pendapatan Bunga Deposito,pendapatan,10635175260.0,7006894751.0
cm_2024_pendapatan_non_ops_pendapatan_jasa_giro_pendapatan,snapshot_istantoro_2022_mar_2026,2024,annual,2024,,Pendapatan Non Ops,Pendapatan Jasa Giro,pendapatan,3867003710.0,2198344904.0
cm_2024_pendapatan_non_ops_pendapatan_lain_lain_pendapatan,snapshot_istantoro_2022_mar_2026,2024,annual,2024,,Pendapatan Non Ops,Pendapatan Lain-Lain,pendapatan,0.0,0.0
cm_2024_pendapatan_non_ops_pendapatan_bunga_deposito_pendapatan,snapshot_istantoro_2022_mar_2026,2024,annual,2024,,Pendapatan Non Ops,Pendapatan Bunga Deposito,pendapatan,13531869453.0,8139013332.0
cm_2025_pendapatan_non_ops_pendapatan_jasa_giro_pendapatan,snapshot_istantoro_2022_mar_2026,2025,annual,2025,,Pendapatan Non Ops,Pendapatan Jasa Giro,pendapatan,3030062177.0,3684554415.0
cm_2025_pendapatan_non_ops_pendapatan_lain_lain_pendapatan,snapshot_istantoro_2022_mar_2026,2025,annual,2025,,Pendapatan Non Ops,Pendapatan Lain-Lain,pendapatan,0.0,0.0
cm_2025_pendapatan_non_ops_pendapatan_bunga_deposito_pendapatan,snapshot_istantoro_2022_mar_2026,2025,annual,2025,,Pendapatan Non Ops,Pendapatan Bunga Deposito,pendapatan,12561075474.0,14814060314.0
cm_2025_01_pendapatan_non_ops_pendapatan_jasa_giro_pendapatan,snapshot_istantoro_2022_mar_2026,2025-01,monthly,2025,1.0,Pendapatan Non Ops,Pendapatan Jasa Giro,pendapatan,190721837.0,173309442.0
cm_2025_01_pendapatan_non_ops_pendapatan_lain_lain_pendapatan,snapshot_istantoro_2022_mar_2026,2025-01,monthly,2025,1.0,Pendapatan Non Ops,Pendapatan Lain-Lain,pendapatan,0.0,0.0
cm_2025_01_pendapatan_non_ops_pendapatan_bunga_deposito_pendapatan,snapshot_istantoro_2022_mar_2026,2025-01,monthly,2025,1.0,Pendapatan Non Ops,Pendapatan Bunga Deposito,pendapatan,1513485894.0,1410190636.0
cm_2025_02_pendapatan_non_ops_pendapatan_jasa_giro_pendapatan,snapshot_istantoro_2022_mar_2026,2025-02,monthly,2025,2.0,Pendapatan Non Ops,Pendapatan Jasa Giro,pendapatan,234997289.0,235977495.0
cm_2025_02_pendapatan_non_ops_pendapatan_lain_lain_pendapatan,snapshot_istantoro_2022_mar_2026,2025-02,monthly,2025,2.0,Pendapatan Non Ops,Pendapatan Lain-Lain,pendapatan,0.0,0.0
cm_2025_02_pendapatan_non_ops_pendapatan_bunga_deposito_pendapatan,snapshot_istantoro_2022_mar_2026,2025-02,monthly,2025,2.0,Pendapatan Non Ops,Pendapatan Bunga Deposito,pendapatan,1286333295.0,1352864164.0
cm_2025_03_pendapatan_non_ops_pendapatan_jasa_giro_pendapatan,snapshot_istantoro_2022_mar_2026,2025-03,monthly,2025,3.0,Pendapatan Non Ops,Pendapatan Jasa Giro,pendapatan,594897807.0,517928491.0
cm_2025_03_pendapatan_non_ops_pendapatan_lain_lain_pendapatan,snapshot_istantoro_2022_mar_2026,2025-03,monthly,2025,3.0,Pendapatan Non Ops,Pendapatan Lain-Lain,pendapatan,0.0,0.0
cm_2025_03_pendapatan_non_ops_pendapatan_bunga_deposito_pendapatan,snapshot_istantoro_2022_mar_2026,2025-03,monthly,2025,3.0,Pendapatan Non Ops,Pendapatan Bunga Deposito,pendapatan,1097816855.0,1050927160.0
cm_2025_04_pendapatan_non_ops_pendapatan_jasa_giro_pendapatan,snapshot_istantoro_2022_mar_2026,2025-04,monthly,2025,4.0,Pendapatan Non Ops,Pendapatan Jasa Giro,pendapatan,122028177.0,146371657.0
cm_2025_04_pendapatan_non_ops_pendapatan_lain_lain_pendapatan,snapshot_istantoro_2022_mar_2026,2025-04,monthly,2025,4.0,Pendapatan Non Ops,Pendapatan Lain-Lain,pendapatan,0.0,0.0
cm_2025_04_pendapatan_non_ops_pendapatan_bunga_deposito_pendapatan,snapshot_istantoro_2022_mar_2026,2025-04,monthly,2025,4.0,Pendapatan Non Ops,Pendapatan Bunga Deposito,pendapatan,1148337026.0,1441992759.0
cm_2025_05_pendapatan_non_ops_pendapatan_jasa_giro_pendapatan,snapshot_istantoro_2022_mar_2026,2025-05,monthly,2025,5.0,Pendapatan Non Ops,Pendapatan Jasa Giro,pendapatan,59682640.0,100423930.0
cm_2025_05_pendapatan_non_ops_pendapatan_lain_lain_pendapatan,snapshot_istantoro_2022_mar_2026,2025-05,monthly,2025,5.0,Pendapatan Non Ops,Pendapatan Lain-Lain,pendapatan,0.0,0.0
cm_2025_05_pendapatan_non_ops_pendapatan_bunga_deposito_pendapatan,snapshot_istantoro_2022_mar_2026,2025-05,monthly,2025,5.0,Pendapatan Non Ops,Pendapatan Bunga Deposito,pendapatan,892417662.0,1420822182.0
cm_2025_06_pendapatan_non_ops_pendapatan_jasa_giro_pendapatan,snapshot_istantoro_2022_mar_2026,2025-06,monthly,2025,6.0,Pendapatan Non Ops,Pendapatan Jasa Giro,pendapatan,709848579.0,688842120.0
cm_2025_06_pendapatan_non_ops_pendapatan_lain_lain_pendapatan,snapshot_istantoro_2022_mar_2026,2025-06,monthly,2025,6.0,Pendapatan Non Ops,Pendapatan Lain-Lain,pendapatan,0.0,0.0
cm_2025_06_pendapatan_non_ops_pendapatan_bunga_deposito_pendapatan,snapshot_istantoro_2022_mar_2026,2025-06,monthly,2025,6.0,Pendapatan Non Ops,Pendapatan Bunga Deposito,pendapatan,909427655.0,900910599.0
cm_2025_07_pendapatan_non_ops_pendapatan_jasa_giro_pendapatan,snapshot_istantoro_2022_mar_2026,2025-07,monthly,2025,7.0,Pendapatan Non Ops,Pendapatan Jasa Giro,pendapatan,150925152.0,204270553.0
cm_2025_07_pendapatan_non_ops_pendapatan_lain_lain_pendapatan,snapshot_istantoro_2022_mar_2026,2025-07,monthly,2025,7.0,Pendapatan Non Ops,Pendapatan Lain-Lain,pendapatan,0.0,0.0
cm_2025_07_pendapatan_non_ops_pendapatan_bunga_deposito_pendapatan,snapshot_istantoro_2022_mar_2026,2025-07,monthly,2025,7.0,Pendapatan Non Ops,Pendapatan Bunga Deposito,pendapatan,1059377063.0,1329850887.0
cm_2025_08_pendapatan_non_ops_pendapatan_jasa_giro_pendapatan,snapshot_istantoro_2022_mar_2026,2025-08,monthly,2025,8.0,Pendapatan Non Ops,Pendapatan Jasa Giro,pendapatan,440115603.0,441057435.0
cm_2025_08_pendapatan_non_ops_pendapatan_lain_lain_pendapatan,snapshot_istantoro_2022_mar_2026,2025-08,monthly,2025,8.0,Pendapatan Non Ops,Pendapatan Lain-Lain,pendapatan,0.0,0.0
cm_2025_08_pendapatan_non_ops_pendapatan_bunga_deposito_pendapatan,snapshot_istantoro_2022_mar_2026,2025-08,monthly,2025,8.0,Pendapatan Non Ops,Pendapatan Bunga Deposito,pendapatan,1104937465.0,1145351409.0
cm_2025_09_pendapatan_non_ops_pendapatan_jasa_giro_pendapatan,snapshot_istantoro_2022_mar_2026,2025-09,monthly,2025,9.0,Pendapatan Non Ops,Pendapatan Jasa Giro,pendapatan,79087057.0,100157210.0
cm_2025_09_pendapatan_non_ops_pendapatan_lain_lain_pendapatan,snapshot_istantoro_2022_mar_2026,2025-09,monthly,2025,9.0,Pendapatan Non Ops,Pendapatan Lain-Lain,pendapatan,0.0,0.0
cm_2025_09_pendapatan_non_ops_pendapatan_bunga_deposito_pendapatan,snapshot_istantoro_2022_mar_2026,2025-09,monthly,2025,9.0,Pendapatan Non Ops,Pendapatan Bunga Deposito,pendapatan,1097863185.0,1492913408.0
cm_2025_10_pendapatan_non_ops_pendapatan_jasa_giro_pendapatan,snapshot_istantoro_2022_mar_2026,2025-10,monthly,2025,10.0,Pendapatan Non Ops,Pendapatan Jasa Giro,pendapatan,277509848.0,324970055.0
cm_2025_10_pendapatan_non_ops_pendapatan_lain_lain_pendapatan,snapshot_istantoro_2022_mar_2026,2025-10,monthly,2025,10.0,Pendapatan Non Ops,Pendapatan Lain-Lain,pendapatan,0.0,0.0
cm_2025_10_pendapatan_non_ops_pendapatan_bunga_deposito_pendapatan,snapshot_istantoro_2022_mar_2026,2025-10,monthly,2025,10.0,Pendapatan Non Ops,Pendapatan Bunga Deposito,pendapatan,1052823528.0,1195276460.0
cm_2025_11_pendapatan_non_ops_pendapatan_jasa_giro_pendapatan,snapshot_istantoro_2022_mar_2026,2025-11,monthly,2025,11.0,Pendapatan Non Ops,Pendapatan Jasa Giro,pendapatan,86328593.0,198881272.0
cm_2025_11_pendapatan_non_ops_pendapatan_lain_lain_pendapatan,snapshot_istantoro_2022_mar_2026,2025-11,monthly,2025,11.0,Pendapatan Non Ops,Pendapatan Lain-Lain,pendapatan,0.0,0.0
cm_2025_11_pendapatan_non_ops_pendapatan_bunga_deposito_pendapatan,snapshot_istantoro_2022_mar_2026,2025-11,monthly,2025,11.0,Pendapatan Non Ops,Pendapatan Bunga Deposito,pendapatan,590190174.0,1362647909.0
cm_2025_12_pendapatan_non_ops_pendapatan_jasa_giro_pendapatan,snapshot_istantoro_2022_mar_2026,2025-12,monthly,2025,12.0,Pendapatan Non Ops,Pendapatan Jasa Giro,pendapatan,193589062.0,387160199.0
cm_2025_12_pendapatan_non_ops_pendapatan_lain_lain_pendapatan,snapshot_istantoro_2022_mar_2026,2025-12,monthly,2025,12.0,Pendapatan Non Ops,Pendapatan Lain-Lain,pendapatan,0.0,0.0
cm_2025_12_pendapatan_non_ops_pendapatan_bunga_deposito_pendapatan,snapshot_istantoro_2022_mar_2026,2025-12,monthly,2025,12.0,Pendapatan Non Ops,Pendapatan Bunga Deposito,pendapatan,601824020.0,1137155035.0
cm_2026_01_pendapatan_non_ops_pendapatan_jasa_giro_pendapatan,snapshot_istantoro_2022_mar_2026,2026-01,monthly,2026,1.0,Pendapatan Non Ops,Pendapatan Jasa Giro,pendapatan,132322320.0,135207396.0
cm_2026_01_pendapatan_non_ops_pendapatan_lain_lain_pendapatan,snapshot_istantoro_2022_mar_2026,2026-01,monthly,2026,1.0,Pendapatan Non Ops,Pendapatan Lain-Lain,pendapatan,0.0,0.0
cm_2026_01_pendapatan_non_ops_pendapatan_bunga_deposito_pendapatan,snapshot_istantoro_2022_mar_2026,2026-01,monthly,2026,1.0,Pendapatan Non Ops,Pendapatan Bunga Deposito,pendapatan,622915464.0,557461362.0
cm_2026_02_pendapatan_non_ops_pendapatan_jasa_giro_pendapatan,snapshot_istantoro_2022_mar_2026,2026-02,monthly,2026,2.0,Pendapatan Non Ops,Pendapatan Jasa Giro,pendapatan,50655757.0,49251677.0
cm_2026_02_pendapatan_non_ops_pendapatan_lain_lain_pendapatan,snapshot_istantoro_2022_mar_2026,2026-02,monthly,2026,2.0,Pendapatan Non Ops,Pendapatan Lain-Lain,pendapatan,0.0,0.0
cm_2026_02_pendapatan_non_ops_pendapatan_bunga_deposito_pendapatan,snapshot_istantoro_2022_mar_2026,2026-02,monthly,2026,2.0,Pendapatan Non Ops,Pendapatan Bunga Deposito,pendapatan,637769062.0,635284562.0
cm_2026_03_pendapatan_non_ops_pendapatan_jasa_giro_pendapatan,snapshot_istantoro_2022_mar_2026,2026-03,monthly,2026,3.0,Pendapatan Non Ops,Pendapatan Jasa Giro,pendapatan,75011989.0,83760354.0
cm_2026_03_pendapatan_non_ops_pendapatan_lain_lain_pendapatan,snapshot_istantoro_2022_mar_2026,2026-03,monthly,2026,3.0,Pendapatan Non Ops,Pendapatan Lain-Lain,pendapatan,0.0,0.0
cm_2026_03_pendapatan_non_ops_pendapatan_bunga_deposito_pendapatan,snapshot_istantoro_2022_mar_2026,2026-03,monthly,2026,3.0,Pendapatan Non Ops,Pendapatan Bunga Deposito,pendapatan,553770706.0,637382387.0
cm_2022_biaya_non_ops_beban_bunga_pinjaman_beban,snapshot_istantoro_2022_mar_2026,2022,annual,2022,,Biaya Non Ops,Beban Bunga Pinjaman,beban,852854825.0,1881422778.0
cm_2022_biaya_non_ops_biaya_adm_bank_beban,snapshot_istantoro_2022_mar_2026,2022,annual,2022,,Biaya Non Ops,Biaya Adm Bank,beban,150346840.0,353672765.0
cm_2022_biaya_non_ops_pajak_atas_jasa_giro_beban,snapshot_istantoro_2022_mar_2026,2022,annual,2022,,Biaya Non Ops,Pajak Atas Jasa Giro,beban,404271566.0,869172824.0
cm_2022_biaya_non_ops_pajak_atas_bunga_deposito_beban,snapshot_istantoro_2022_mar_2026,2022,annual,2022,,Biaya Non Ops,Pajak Atas Bunga Deposito,beban,0.0,0.0
cm_2022_biaya_non_ops_pendapatan_kerugian_penghapusan_aset_beban,snapshot_istantoro_2022_mar_2026,2022,annual,2022,,Biaya Non Ops,Pendapatan/Kerugian Penghapusan Aset,beban,16553179.0,35957135.0
cm_2023_biaya_non_ops_beban_bunga_pinjaman_beban,snapshot_istantoro_2022_mar_2026,2023,annual,2023,,Biaya Non Ops,Beban Bunga Pinjaman,beban,463494796.0,765632938.0
cm_2023_biaya_non_ops_biaya_adm_bank_beban,snapshot_istantoro_2022_mar_2026,2023,annual,2023,,Biaya Non Ops,Biaya Adm Bank,beban,175307558.0,299221226.0
cm_2023_biaya_non_ops_pajak_atas_jasa_giro_beban,snapshot_istantoro_2022_mar_2026,2023,annual,2023,,Biaya Non Ops,Pajak Atas Jasa Giro,beban,393468888.0,618756850.0
cm_2023_biaya_non_ops_pajak_atas_bunga_deposito_beban,snapshot_istantoro_2022_mar_2026,2023,annual,2023,,Biaya Non Ops,Pajak Atas Bunga Deposito,beban,68366460.0,120500286.0
cm_2023_biaya_non_ops_pendapatan_kerugian_penghapusan_aset_beban,snapshot_istantoro_2022_mar_2026,2023,annual,2023,,Biaya Non Ops,Pendapatan/Kerugian Penghapusan Aset,beban,161901820.0,272893513.0
cm_2024_biaya_non_ops_beban_bunga_pinjaman_beban,snapshot_istantoro_2022_mar_2026,2024,annual,2024,,Biaya Non Ops,Beban Bunga Pinjaman,beban,265745558.0,884246712.0
cm_2024_biaya_non_ops_biaya_adm_bank_beban,snapshot_istantoro_2022_mar_2026,2024,annual,2024,,Biaya Non Ops,Biaya Adm Bank,beban,188845701.0,617603799.0
cm_2024_biaya_non_ops_pajak_atas_jasa_giro_beban,snapshot_istantoro_2022_mar_2026,2024,annual,2024,,Biaya Non Ops,Pajak Atas Jasa Giro,beban,184030111.0,592532038.0
cm_2024_biaya_non_ops_pajak_atas_bunga_deposito_beban,snapshot_istantoro_2022_mar_2026,2024,annual,2024,,Biaya Non Ops,Pajak Atas Bunga Deposito,beban,0.0,0.0
cm_2024_biaya_non_ops_pendapatan_kerugian_penghapusan_aset_beban,snapshot_istantoro_2022_mar_2026,2024,annual,2024,,Biaya Non Ops,Pendapatan/Kerugian Penghapusan Aset,beban,0.0,0.0
cm_2025_biaya_non_ops_beban_bunga_pinjaman_beban,snapshot_istantoro_2022_mar_2026,2025,annual,2025,,Biaya Non Ops,Beban Bunga Pinjaman,beban,1330146836.0,717771361.0
cm_2025_biaya_non_ops_biaya_adm_bank_beban,snapshot_istantoro_2022_mar_2026,2025,annual,2025,,Biaya Non Ops,Biaya Adm Bank,beban,218521427.0,115994013.0
cm_2025_biaya_non_ops_pajak_atas_jasa_giro_beban,snapshot_istantoro_2022_mar_2026,2025,annual,2025,,Biaya Non Ops,Pajak Atas Jasa Giro,beban,178502370.0,94134066.0
cm_2025_biaya_non_ops_pajak_atas_bunga_deposito_beban,snapshot_istantoro_2022_mar_2026,2025,annual,2025,,Biaya Non Ops,Pajak Atas Bunga Deposito,beban,704426.0,367157.0
cm_2025_biaya_non_ops_pendapatan_kerugian_penghapusan_aset_beban,snapshot_istantoro_2022_mar_2026,2025,annual,2025,,Biaya Non Ops,Pendapatan/Kerugian Penghapusan Aset,beban,0.0,0.0
cm_2025_01_biaya_non_ops_beban_bunga_pinjaman_beban,snapshot_istantoro_2022_mar_2026,2025-01,monthly,2025,1.0,Biaya Non Ops,Beban Bunga Pinjaman,beban,17497314.0,33686745.0
cm_2025_01_biaya_non_ops_biaya_adm_bank_beban,snapshot_istantoro_2022_mar_2026,2025-01,monthly,2025,1.0,Biaya Non Ops,Biaya Adm Bank,beban,11591497.0,20618148.0
cm_2025_01_biaya_non_ops_pajak_atas_jasa_giro_beban,snapshot_istantoro_2022_mar_2026,2025-01,monthly,2025,1.0,Biaya Non Ops,Pajak Atas Jasa Giro,beban,12889850.0,22875758.0
cm_2025_01_biaya_non_ops_pajak_atas_bunga_deposito_beban,snapshot_istantoro_2022_mar_2026,2025-01,monthly,2025,1.0,Biaya Non Ops,Pajak Atas Bunga Deposito,beban,0.0,0.0
cm_2025_01_biaya_non_ops_pendapatan_kerugian_penghapusan_aset_beban,snapshot_istantoro_2022_mar_2026,2025-01,monthly,2025,1.0,Biaya Non Ops,Pendapatan/Kerugian Penghapusan Aset,beban,0.0,0.0
cm_2025_02_biaya_non_ops_beban_bunga_pinjaman_beban,snapshot_istantoro_2022_mar_2026,2025-02,monthly,2025,2.0,Biaya Non Ops,Beban Bunga Pinjaman,beban,304103.0,971526.0
cm_2025_02_biaya_non_ops_biaya_adm_bank_beban,snapshot_istantoro_2022_mar_2026,2025-02,monthly,2025,2.0,Biaya Non Ops,Biaya Adm Bank,beban,10374347.0,33692281.0
cm_2025_02_biaya_non_ops_pajak_atas_jasa_giro_beban,snapshot_istantoro_2022_mar_2026,2025-02,monthly,2025,2.0,Biaya Non Ops,Pajak Atas Jasa Giro,beban,12511011.0,43472952.0
cm_2025_02_biaya_non_ops_pajak_atas_bunga_deposito_beban,snapshot_istantoro_2022_mar_2026,2025-02,monthly,2025,2.0,Biaya Non Ops,Pajak Atas Bunga Deposito,beban,33317.0,118716.0
cm_2025_02_biaya_non_ops_pendapatan_kerugian_penghapusan_aset_beban,snapshot_istantoro_2022_mar_2026,2025-02,monthly,2025,2.0,Biaya Non Ops,Pendapatan/Kerugian Penghapusan Aset,beban,-614867.0,0.0
cm_2025_03_biaya_non_ops_beban_bunga_pinjaman_beban,snapshot_istantoro_2022_mar_2026,2025-03,monthly,2025,3.0,Biaya Non Ops,Beban Bunga Pinjaman,beban,12988540.0,18552765.0
cm_2025_03_biaya_non_ops_biaya_adm_bank_beban,snapshot_istantoro_2022_mar_2026,2025-03,monthly,2025,3.0,Biaya Non Ops,Biaya Adm Bank,beban,14562257.0,20559205.0
cm_2025_03_biaya_non_ops_pajak_atas_jasa_giro_beban,snapshot_istantoro_2022_mar_2026,2025-03,monthly,2025,3.0,Biaya Non Ops,Pajak Atas Jasa Giro,beban,26981786.0,38257860.0
cm_2025_03_biaya_non_ops_pajak_atas_bunga_deposito_beban,snapshot_istantoro_2022_mar_2026,2025-03,monthly,2025,3.0,Biaya Non Ops,Pajak Atas Bunga Deposito,beban,0.0,0.0
cm_2025_03_biaya_non_ops_pendapatan_kerugian_penghapusan_aset_beban,snapshot_istantoro_2022_mar_2026,2025-03,monthly,2025,3.0,Biaya Non Ops,Pendapatan/Kerugian Penghapusan Aset,beban,0.0,0.0
cm_2025_04_biaya_non_ops_beban_bunga_pinjaman_beban,snapshot_istantoro_2022_mar_2026,2025-04,monthly,2025,4.0,Biaya Non Ops,Beban Bunga Pinjaman,beban,11522291.0,16388762.0
cm_2025_04_biaya_non_ops_biaya_adm_bank_beban,snapshot_istantoro_2022_mar_2026,2025-04,monthly,2025,4.0,Biaya Non Ops,Biaya Adm Bank,beban,30008301.0,43106177.0
cm_2025_04_biaya_non_ops_pajak_atas_jasa_giro_beban,snapshot_istantoro_2022_mar_2026,2025-04,monthly,2025,4.0,Biaya Non Ops,Pajak Atas Jasa Giro,beban,11457254.0,17154313.0
cm_2025_04_biaya_non_ops_pajak_atas_bunga_deposito_beban,snapshot_istantoro_2022_mar_2026,2025-04,monthly,2025,4.0,Biaya Non Ops,Pajak Atas Bunga Deposito,beban,0.0,0.0
cm_2025_04_biaya_non_ops_pendapatan_kerugian_penghapusan_aset_beban,snapshot_istantoro_2022_mar_2026,2025-04,monthly,2025,4.0,Biaya Non Ops,Pendapatan/Kerugian Penghapusan Aset,beban,0.0,0.0
cm_2025_05_biaya_non_ops_beban_bunga_pinjaman_beban,snapshot_istantoro_2022_mar_2026,2025-05,monthly,2025,5.0,Biaya Non Ops,Beban Bunga Pinjaman,beban,170302279.0,66744974.0
cm_2025_05_biaya_non_ops_biaya_adm_bank_beban,snapshot_istantoro_2022_mar_2026,2025-05,monthly,2025,5.0,Biaya Non Ops,Biaya Adm Bank,beban,10214720.0,4119985.0
cm_2025_05_biaya_non_ops_pajak_atas_jasa_giro_beban,snapshot_istantoro_2022_mar_2026,2025-05,monthly,2025,5.0,Biaya Non Ops,Pajak Atas Jasa Giro,beban,10293225.0,4370158.0
cm_2025_05_biaya_non_ops_pajak_atas_bunga_deposito_beban,snapshot_istantoro_2022_mar_2026,2025-05,monthly,2025,5.0,Biaya Non Ops,Pajak Atas Bunga Deposito,beban,0.0,0.0
cm_2025_05_biaya_non_ops_pendapatan_kerugian_penghapusan_aset_beban,snapshot_istantoro_2022_mar_2026,2025-05,monthly,2025,5.0,Biaya Non Ops,Pendapatan/Kerugian Penghapusan Aset,beban,1.0,0.0
cm_2025_06_biaya_non_ops_beban_bunga_pinjaman_beban,snapshot_istantoro_2022_mar_2026,2025-06,monthly,2025,6.0,Biaya Non Ops,Beban Bunga Pinjaman,beban,349004174.0,73560080.0
cm_2025_06_biaya_non_ops_biaya_adm_bank_beban,snapshot_istantoro_2022_mar_2026,2025-06,monthly,2025,6.0,Biaya Non Ops,Biaya Adm Bank,beban,11383958.0,2150976.0
cm_2025_06_biaya_non_ops_pajak_atas_jasa_giro_beban,snapshot_istantoro_2022_mar_2026,2025-06,monthly,2025,6.0,Biaya Non Ops,Pajak Atas Jasa Giro,beban,13120320.0,2560846.0
cm_2025_06_biaya_non_ops_pajak_atas_bunga_deposito_beban,snapshot_istantoro_2022_mar_2026,2025-06,monthly,2025,6.0,Biaya Non Ops,Pajak Atas Bunga Deposito,beban,0.0,0.0
cm_2025_06_biaya_non_ops_pendapatan_kerugian_penghapusan_aset_beban,snapshot_istantoro_2022_mar_2026,2025-06,monthly,2025,6.0,Biaya Non Ops,Pendapatan/Kerugian Penghapusan Aset,beban,0.0,0.0
cm_2025_07_biaya_non_ops_beban_bunga_pinjaman_beban,snapshot_istantoro_2022_mar_2026,2025-07,monthly,2025,7.0,Biaya Non Ops,Beban Bunga Pinjaman,beban,392637627.0,71864592.0
cm_2025_07_biaya_non_ops_biaya_adm_bank_beban,snapshot_istantoro_2022_mar_2026,2025-07,monthly,2025,7.0,Biaya Non Ops,Biaya Adm Bank,beban,10809022.0,2101624.0
cm_2025_07_biaya_non_ops_pajak_atas_jasa_giro_beban,snapshot_istantoro_2022_mar_2026,2025-07,monthly,2025,7.0,Biaya Non Ops,Pajak Atas Jasa Giro,beban,9645523.0,1850194.0
cm_2025_07_biaya_non_ops_pajak_atas_bunga_deposito_beban,snapshot_istantoro_2022_mar_2026,2025-07,monthly,2025,7.0,Biaya Non Ops,Pajak Atas Bunga Deposito,beban,0.0,0.0
cm_2025_07_biaya_non_ops_pendapatan_kerugian_penghapusan_aset_beban,snapshot_istantoro_2022_mar_2026,2025-07,monthly,2025,7.0,Biaya Non Ops,Pendapatan/Kerugian Penghapusan Aset,beban,0.0,0.0
cm_2025_08_biaya_non_ops_beban_bunga_pinjaman_beban,snapshot_istantoro_2022_mar_2026,2025-08,monthly,2025,8.0,Biaya Non Ops,Beban Bunga Pinjaman,beban,111449521.0,65055084.0
cm_2025_08_biaya_non_ops_biaya_adm_bank_beban,snapshot_istantoro_2022_mar_2026,2025-08,monthly,2025,8.0,Biaya Non Ops,Biaya Adm Bank,beban,9206978.0,4973025.0
cm_2025_08_biaya_non_ops_pajak_atas_jasa_giro_beban,snapshot_istantoro_2022_mar_2026,2025-08,monthly,2025,8.0,Biaya Non Ops,Pajak Atas Jasa Giro,beban,13173895.0,7603595.0
cm_2025_08_biaya_non_ops_pajak_atas_bunga_deposito_beban,snapshot_istantoro_2022_mar_2026,2025-08,monthly,2025,8.0,Biaya Non Ops,Pajak Atas Bunga Deposito,beban,0.0,0.0
cm_2025_08_biaya_non_ops_pendapatan_kerugian_penghapusan_aset_beban,snapshot_istantoro_2022_mar_2026,2025-08,monthly,2025,8.0,Biaya Non Ops,Pendapatan/Kerugian Penghapusan Aset,beban,0.0,0.0
cm_2025_09_biaya_non_ops_beban_bunga_pinjaman_beban,snapshot_istantoro_2022_mar_2026,2025-09,monthly,2025,9.0,Biaya Non Ops,Beban Bunga Pinjaman,beban,97686097.0,64060400.0
cm_2025_09_biaya_non_ops_biaya_adm_bank_beban,snapshot_istantoro_2022_mar_2026,2025-09,monthly,2025,9.0,Biaya Non Ops,Biaya Adm Bank,beban,10301692.0,6749535.0
cm_2025_09_biaya_non_ops_pajak_atas_jasa_giro_beban,snapshot_istantoro_2022_mar_2026,2025-09,monthly,2025,9.0,Biaya Non Ops,Pajak Atas Jasa Giro,beban,8692875.0,5507926.0
cm_2025_09_biaya_non_ops_pajak_atas_bunga_deposito_beban,snapshot_istantoro_2022_mar_2026,2025-09,monthly,2025,9.0,Biaya Non Ops,Pajak Atas Bunga Deposito,beban,0.0,0.0
cm_2025_09_biaya_non_ops_pendapatan_kerugian_penghapusan_aset_beban,snapshot_istantoro_2022_mar_2026,2025-09,monthly,2025,9.0,Biaya Non Ops,Pendapatan/Kerugian Penghapusan Aset,beban,0.0,0.0
cm_2025_10_biaya_non_ops_beban_bunga_pinjaman_beban,snapshot_istantoro_2022_mar_2026,2025-10,monthly,2025,10.0,Biaya Non Ops,Beban Bunga Pinjaman,beban,751.0,527.0
cm_2025_10_biaya_non_ops_biaya_adm_bank_beban,snapshot_istantoro_2022_mar_2026,2025-10,monthly,2025,10.0,Biaya Non Ops,Biaya Adm Bank,beban,81330026.0,58297409.0
cm_2025_10_biaya_non_ops_pajak_atas_jasa_giro_beban,snapshot_istantoro_2022_mar_2026,2025-10,monthly,2025,10.0,Biaya Non Ops,Pajak Atas Jasa Giro,beban,25804912.0,17838753.0
cm_2025_10_biaya_non_ops_pajak_atas_bunga_deposito_beban,snapshot_istantoro_2022_mar_2026,2025-10,monthly,2025,10.0,Biaya Non Ops,Pajak Atas Bunga Deposito,beban,0.0,0.0
cm_2025_10_biaya_non_ops_pendapatan_kerugian_penghapusan_aset_beban,snapshot_istantoro_2022_mar_2026,2025-10,monthly,2025,10.0,Biaya Non Ops,Pendapatan/Kerugian Penghapusan Aset,beban,0.0,0.0
cm_2025_11_biaya_non_ops_beban_bunga_pinjaman_beban,snapshot_istantoro_2022_mar_2026,2025-11,monthly,2025,11.0,Biaya Non Ops,Beban Bunga Pinjaman,beban,162648208.0,66181923.0
cm_2025_11_biaya_non_ops_biaya_adm_bank_beban,snapshot_istantoro_2022_mar_2026,2025-11,monthly,2025,11.0,Biaya Non Ops,Biaya Adm Bank,beban,13163381.0,5485586.0
cm_2025_11_biaya_non_ops_pajak_atas_jasa_giro_beban,snapshot_istantoro_2022_mar_2026,2025-11,monthly,2025,11.0,Biaya Non Ops,Pajak Atas Jasa Giro,beban,16119731.0,6651641.0
cm_2025_11_biaya_non_ops_pajak_atas_bunga_deposito_beban,snapshot_istantoro_2022_mar_2026,2025-11,monthly,2025,11.0,Biaya Non Ops,Pajak Atas Bunga Deposito,beban,0.0,0.0
cm_2025_11_biaya_non_ops_pendapatan_kerugian_penghapusan_aset_beban,snapshot_istantoro_2022_mar_2026,2025-11,monthly,2025,11.0,Biaya Non Ops,Pendapatan/Kerugian Penghapusan Aset,beban,0.0,0.0
cm_2025_12_biaya_non_ops_beban_bunga_pinjaman_beban,snapshot_istantoro_2022_mar_2026,2025-12,monthly,2025,12.0,Biaya Non Ops,Beban Bunga Pinjaman,beban,31557445.0,40007173.0
cm_2025_12_biaya_non_ops_biaya_adm_bank_beban,snapshot_istantoro_2022_mar_2026,2025-12,monthly,2025,12.0,Biaya Non Ops,Biaya Adm Bank,beban,13610607.0,15934364.0
cm_2025_12_biaya_non_ops_pajak_atas_jasa_giro_beban,snapshot_istantoro_2022_mar_2026,2025-12,monthly,2025,12.0,Biaya Non Ops,Pajak Atas Jasa Giro,beban,16974148.0,19863396.0
cm_2025_12_biaya_non_ops_pajak_atas_bunga_deposito_beban,snapshot_istantoro_2022_mar_2026,2025-12,monthly,2025,12.0,Biaya Non Ops,Pajak Atas Bunga Deposito,beban,631364.0,800738.0
cm_2025_12_biaya_non_ops_pendapatan_kerugian_penghapusan_aset_beban,snapshot_istantoro_2022_mar_2026,2025-12,monthly,2025,12.0,Biaya Non Ops,Pendapatan/Kerugian Penghapusan Aset,beban,0.0,0.0
cm_2026_01_biaya_non_ops_beban_bunga_pinjaman_beban,snapshot_istantoro_2022_mar_2026,2026-01,monthly,2026,1.0,Biaya Non Ops,Beban Bunga Pinjaman,beban,35236530.0,37731824.0
cm_2026_01_biaya_non_ops_biaya_adm_bank_beban,snapshot_istantoro_2022_mar_2026,2026-01,monthly,2026,1.0,Biaya Non Ops,Biaya Adm Bank,beban,13770458.0,15198375.0
cm_2026_01_biaya_non_ops_pajak_atas_jasa_giro_beban,snapshot_istantoro_2022_mar_2026,2026-01,monthly,2026,1.0,Biaya Non Ops,Pajak Atas Jasa Giro,beban,24634843.0,25264802.0
cm_2026_01_biaya_non_ops_pajak_atas_bunga_deposito_beban,snapshot_istantoro_2022_mar_2026,2026-01,monthly,2026,1.0,Biaya Non Ops,Pajak Atas Bunga Deposito,beban,34878.0,38519.0
cm_2026_01_biaya_non_ops_pendapatan_kerugian_penghapusan_aset_beban,snapshot_istantoro_2022_mar_2026,2026-01,monthly,2026,1.0,Biaya Non Ops,Pendapatan/Kerugian Penghapusan Aset,beban,-72432.0,0.0
cm_2026_02_biaya_non_ops_beban_bunga_pinjaman_beban,snapshot_istantoro_2022_mar_2026,2026-02,monthly,2026,2.0,Biaya Non Ops,Beban Bunga Pinjaman,beban,51440382.0,58208317.0
cm_2026_02_biaya_non_ops_biaya_adm_bank_beban,snapshot_istantoro_2022_mar_2026,2026-02,monthly,2026,2.0,Biaya Non Ops,Biaya Adm Bank,beban,11514746.0,12355151.0
cm_2026_02_biaya_non_ops_pajak_atas_jasa_giro_beban,snapshot_istantoro_2022_mar_2026,2026-02,monthly,2026,2.0,Biaya Non Ops,Pajak Atas Jasa Giro,beban,8252671.0,9341655.0
cm_2026_02_biaya_non_ops_pajak_atas_bunga_deposito_beban,snapshot_istantoro_2022_mar_2026,2026-02,monthly,2026,2.0,Biaya Non Ops,Pajak Atas Bunga Deposito,beban,0.0,0.0
cm_2026_02_biaya_non_ops_pendapatan_kerugian_penghapusan_aset_beban,snapshot_istantoro_2022_mar_2026,2026-02,monthly,2026,2.0,Biaya Non Ops,Pendapatan/Kerugian Penghapusan Aset,beban,0.0,0.0
cm_2026_03_biaya_non_ops_beban_bunga_pinjaman_beban,snapshot_istantoro_2022_mar_2026,2026-03,monthly,2026,3.0,Biaya Non Ops,Beban Bunga Pinjaman,beban,198861113.0,68174305.0
cm_2026_03_biaya_non_ops_biaya_adm_bank_beban,snapshot_istantoro_2022_mar_2026,2026-03,monthly,2026,3.0,Biaya Non Ops,Biaya Adm Bank,beban,16154598.0,5777351.0
cm_2026_03_biaya_non_ops_pajak_atas_jasa_giro_beban,snapshot_istantoro_2022_mar_2026,2026-03,monthly,2026,3.0,Biaya Non Ops,Pajak Atas Jasa Giro,beban,11159686.0,3894277.0
cm_2026_03_biaya_non_ops_pajak_atas_bunga_deposito_beban,snapshot_istantoro_2022_mar_2026,2026-03,monthly,2026,3.0,Biaya Non Ops,Pajak Atas Bunga Deposito,beban,0.0,0.0
cm_2026_03_biaya_non_ops_pendapatan_kerugian_penghapusan_aset_beban,snapshot_istantoro_2022_mar_2026,2026-03,monthly,2026,3.0,Biaya Non Ops,Pendapatan/Kerugian Penghapusan Aset,beban,0.0,0.0
cm_2022_reported_summary_biaya_pemasaran_biaya_pemasaran_reported_beban,snapshot_istantoro_2022_mar_2026,2022,annual,2022,,__reported_summary__biaya_pemasaran,Biaya Pemasaran Reported,beban,2102349745.0,514569049.0
cm_2023_reported_summary_biaya_pemasaran_biaya_pemasaran_reported_beban,snapshot_istantoro_2022_mar_2026,2023,annual,2023,,__reported_summary__biaya_pemasaran,Biaya Pemasaran Reported,beban,2754772761.0,2498546873.0
cm_2024_reported_summary_biaya_pemasaran_biaya_pemasaran_reported_beban,snapshot_istantoro_2022_mar_2026,2024,annual,2024,,__reported_summary__biaya_pemasaran,Biaya Pemasaran Reported,beban,3321421672.0,2552017750.0
cm_2025_reported_summary_biaya_pemasaran_biaya_pemasaran_reported_beban,snapshot_istantoro_2022_mar_2026,2025,annual,2025,,__reported_summary__biaya_pemasaran,Biaya Pemasaran Reported,beban,4423965637.0,4169972436.0
cm_2025_01_reported_summary_biaya_pemasaran_biaya_pemasaran_reported_beban,snapshot_istantoro_2022_mar_2026,2025-01,monthly,2025,1.0,__reported_summary__biaya_pemasaran,Biaya Pemasaran Reported,beban,278767285.0,338739603.0
cm_2025_02_reported_summary_biaya_pemasaran_biaya_pemasaran_reported_beban,snapshot_istantoro_2022_mar_2026,2025-02,monthly,2025,2.0,__reported_summary__biaya_pemasaran,Biaya Pemasaran Reported,beban,253898789.0,337304113.0
cm_2025_03_reported_summary_biaya_pemasaran_biaya_pemasaran_reported_beban,snapshot_istantoro_2022_mar_2026,2025-03,monthly,2025,3.0,__reported_summary__biaya_pemasaran,Biaya Pemasaran Reported,beban,875706356.0,340546904.0
cm_2025_04_reported_summary_biaya_pemasaran_biaya_pemasaran_reported_beban,snapshot_istantoro_2022_mar_2026,2025-04,monthly,2025,4.0,__reported_summary__biaya_pemasaran,Biaya Pemasaran Reported,beban,268966796.0,342199584.0
cm_2025_05_reported_summary_biaya_pemasaran_biaya_pemasaran_reported_beban,snapshot_istantoro_2022_mar_2026,2025-05,monthly,2025,5.0,__reported_summary__biaya_pemasaran,Biaya Pemasaran Reported,beban,264715748.0,335362819.0
cm_2025_06_reported_summary_biaya_pemasaran_biaya_pemasaran_reported_beban,snapshot_istantoro_2022_mar_2026,2025-06,monthly,2025,6.0,__reported_summary__biaya_pemasaran,Biaya Pemasaran Reported,beban,110751811.0,346721157.0
cm_2025_07_reported_summary_biaya_pemasaran_biaya_pemasaran_reported_beban,snapshot_istantoro_2022_mar_2026,2025-07,monthly,2025,7.0,__reported_summary__biaya_pemasaran,Biaya Pemasaran Reported,beban,217010606.0,340435588.0
cm_2025_08_reported_summary_biaya_pemasaran_biaya_pemasaran_reported_beban,snapshot_istantoro_2022_mar_2026,2025-08,monthly,2025,8.0,__reported_summary__biaya_pemasaran,Biaya Pemasaran Reported,beban,313239700.0,337319357.0
cm_2025_09_reported_summary_biaya_pemasaran_biaya_pemasaran_reported_beban,snapshot_istantoro_2022_mar_2026,2025-09,monthly,2025,9.0,__reported_summary__biaya_pemasaran,Biaya Pemasaran Reported,beban,307522596.0,332674270.0
cm_2025_10_reported_summary_biaya_pemasaran_biaya_pemasaran_reported_beban,snapshot_istantoro_2022_mar_2026,2025-10,monthly,2025,10.0,__reported_summary__biaya_pemasaran,Biaya Pemasaran Reported,beban,558273703.0,335373203.0
cm_2025_11_reported_summary_biaya_pemasaran_biaya_pemasaran_reported_beban,snapshot_istantoro_2022_mar_2026,2025-11,monthly,2025,11.0,__reported_summary__biaya_pemasaran,Biaya Pemasaran Reported,beban,464756166.0,349896444.0
cm_2025_12_reported_summary_biaya_pemasaran_biaya_pemasaran_reported_beban,snapshot_istantoro_2022_mar_2026,2025-12,monthly,2025,12.0,__reported_summary__biaya_pemasaran,Biaya Pemasaran Reported,beban,689853142.0,336727625.0
cm_2026_01_reported_summary_biaya_pemasaran_biaya_pemasaran_reported_beban,snapshot_istantoro_2022_mar_2026,2026-01,monthly,2026,1.0,__reported_summary__biaya_pemasaran,Biaya Pemasaran Reported,beban,237444326.0,293712757.0
cm_2026_02_reported_summary_biaya_pemasaran_biaya_pemasaran_reported_beban,snapshot_istantoro_2022_mar_2026,2026-02,monthly,2026,2.0,__reported_summary__biaya_pemasaran,Biaya Pemasaran Reported,beban,218942109.0,298959563.0
cm_2026_03_reported_summary_biaya_pemasaran_biaya_pemasaran_reported_beban,snapshot_istantoro_2022_mar_2026,2026-03,monthly,2026,3.0,__reported_summary__biaya_pemasaran,Biaya Pemasaran Reported,beban,207126055.0,296198104.0
cm_2022_reported_summary_biaya_pemasaran_adm_umum_biaya_pemasaran_dan_adm_umum_beban,snapshot_istantoro_2022_mar_2026,2022,annual,2022,,__reported_summary__biaya_pemasaran_adm_umum,Biaya Pemasaran dan Adm Umum,beban,163791143185.0,157620618623.0
cm_2023_reported_summary_biaya_pemasaran_adm_umum_biaya_pemasaran_dan_adm_umum_beban,snapshot_istantoro_2022_mar_2026,2023,annual,2023,,__reported_summary__biaya_pemasaran_adm_umum,Biaya Pemasaran dan Adm Umum,beban,166878750665.0,187875259182.0
cm_2024_reported_summary_biaya_pemasaran_adm_umum_biaya_pemasaran_dan_adm_umum_beban,snapshot_istantoro_2022_mar_2026,2024,annual,2024,,__reported_summary__biaya_pemasaran_adm_umum,Biaya Pemasaran dan Adm Umum,beban,190610511048.0,190392786829.0
cm_2025_reported_summary_biaya_pemasaran_adm_umum_biaya_pemasaran_dan_adm_umum_beban,snapshot_istantoro_2022_mar_2026,2025,annual,2025,,__reported_summary__biaya_pemasaran_adm_umum,Biaya Pemasaran dan Adm Umum,beban,201350643737.0,216824243845.0
cm_2025_01_reported_summary_biaya_pemasaran_adm_umum_biaya_pemasaran_dan_adm_umum_beban,snapshot_istantoro_2022_mar_2026,2025-01,monthly,2025,1.0,__reported_summary__biaya_pemasaran_adm_umum,Biaya Pemasaran dan Adm Umum,beban,9902435350.0,17857771407.0
cm_2025_02_reported_summary_biaya_pemasaran_adm_umum_biaya_pemasaran_dan_adm_umum_beban,snapshot_istantoro_2022_mar_2026,2025-02,monthly,2025,2.0,__reported_summary__biaya_pemasaran_adm_umum,Biaya Pemasaran dan Adm Umum,beban,11106485066.0,17955844429.0
cm_2025_03_reported_summary_biaya_pemasaran_adm_umum_biaya_pemasaran_dan_adm_umum_beban,snapshot_istantoro_2022_mar_2026,2025-03,monthly,2025,3.0,__reported_summary__biaya_pemasaran_adm_umum,Biaya Pemasaran dan Adm Umum,beban,12101324563.0,18515914728.0
cm_2025_04_reported_summary_biaya_pemasaran_adm_umum_biaya_pemasaran_dan_adm_umum_beban,snapshot_istantoro_2022_mar_2026,2025-04,monthly,2025,4.0,__reported_summary__biaya_pemasaran_adm_umum,Biaya Pemasaran dan Adm Umum,beban,11593551552.0,17880240091.0
cm_2025_05_reported_summary_biaya_pemasaran_adm_umum_biaya_pemasaran_dan_adm_umum_beban,snapshot_istantoro_2022_mar_2026,2025-05,monthly,2025,5.0,__reported_summary__biaya_pemasaran_adm_umum,Biaya Pemasaran dan Adm Umum,beban,13664103330.0,17751497223.0
cm_2025_06_reported_summary_biaya_pemasaran_adm_umum_biaya_pemasaran_dan_adm_umum_beban,snapshot_istantoro_2022_mar_2026,2025-06,monthly,2025,6.0,__reported_summary__biaya_pemasaran_adm_umum,Biaya Pemasaran dan Adm Umum,beban,14353759180.0,17735545339.0
cm_2025_07_reported_summary_biaya_pemasaran_adm_umum_biaya_pemasaran_dan_adm_umum_beban,snapshot_istantoro_2022_mar_2026,2025-07,monthly,2025,7.0,__reported_summary__biaya_pemasaran_adm_umum,Biaya Pemasaran dan Adm Umum,beban,19413227356.0,17967151267.0
cm_2025_08_reported_summary_biaya_pemasaran_adm_umum_biaya_pemasaran_dan_adm_umum_beban,snapshot_istantoro_2022_mar_2026,2025-08,monthly,2025,8.0,__reported_summary__biaya_pemasaran_adm_umum,Biaya Pemasaran dan Adm Umum,beban,21030423166.0,18293278956.0
cm_2025_09_reported_summary_biaya_pemasaran_adm_umum_biaya_pemasaran_dan_adm_umum_beban,snapshot_istantoro_2022_mar_2026,2025-09,monthly,2025,9.0,__reported_summary__biaya_pemasaran_adm_umum,Biaya Pemasaran dan Adm Umum,beban,18335196923.0,17695039391.0
cm_2025_10_reported_summary_biaya_pemasaran_adm_umum_biaya_pemasaran_dan_adm_umum_beban,snapshot_istantoro_2022_mar_2026,2025-10,monthly,2025,10.0,__reported_summary__biaya_pemasaran_adm_umum,Biaya Pemasaran dan Adm Umum,beban,20823072166.0,18238998447.0
cm_2025_11_reported_summary_biaya_pemasaran_adm_umum_biaya_pemasaran_dan_adm_umum_beban,snapshot_istantoro_2022_mar_2026,2025-11,monthly,2025,11.0,__reported_summary__biaya_pemasaran_adm_umum,Biaya Pemasaran dan Adm Umum,beban,29709983847.0,17495272029.0
cm_2025_12_reported_summary_biaya_pemasaran_adm_umum_biaya_pemasaran_dan_adm_umum_beban,snapshot_istantoro_2022_mar_2026,2025-12,monthly,2025,12.0,__reported_summary__biaya_pemasaran_adm_umum,Biaya Pemasaran dan Adm Umum,beban,19818240009.0,17925183284.0
cm_2026_01_reported_summary_biaya_pemasaran_adm_umum_biaya_pemasaran_dan_adm_umum_beban,snapshot_istantoro_2022_mar_2026,2026-01,monthly,2026,1.0,__reported_summary__biaya_pemasaran_adm_umum,Biaya Pemasaran dan Adm Umum,beban,14251466079.0,16626633314.0
cm_2026_02_reported_summary_biaya_pemasaran_adm_umum_biaya_pemasaran_dan_adm_umum_beban,snapshot_istantoro_2022_mar_2026,2026-02,monthly,2026,2.0,__reported_summary__biaya_pemasaran_adm_umum,Biaya Pemasaran dan Adm Umum,beban,14541237559.0,16197651660.0
cm_2026_03_reported_summary_biaya_pemasaran_adm_umum_biaya_pemasaran_dan_adm_umum_beban,snapshot_istantoro_2022_mar_2026,2026-03,monthly,2026,3.0,__reported_summary__biaya_pemasaran_adm_umum,Biaya Pemasaran dan Adm Umum,beban,19322082278.0,16418460538.0
cm_2022_reported_summary_laba_operasional_laba_operasional_pendapatan,snapshot_istantoro_2022_mar_2026,2022,annual,2022,,__reported_summary__laba_operasional,Laba Operasional,pendapatan,168533971192.0,157364758411.0
cm_2023_reported_summary_laba_operasional_laba_operasional_pendapatan,snapshot_istantoro_2022_mar_2026,2023,annual,2023,,__reported_summary__laba_operasional,Laba Operasional,pendapatan,200658248301.0,182516893887.0
cm_2024_reported_summary_laba_operasional_laba_operasional_pendapatan,snapshot_istantoro_2022_mar_2026,2024,annual,2024,,__reported_summary__laba_operasional,Laba Operasional,pendapatan,238383557780.0,175071900658.0
cm_2025_reported_summary_laba_operasional_laba_operasional_pendapatan,snapshot_istantoro_2022_mar_2026,2025,annual,2025,,__reported_summary__laba_operasional,Laba Operasional,pendapatan,211641249050.0,288262012540.0
cm_2025_01_reported_summary_laba_operasional_laba_operasional_pendapatan,snapshot_istantoro_2022_mar_2026,2025-01,monthly,2025,1.0,__reported_summary__laba_operasional,Laba Operasional,pendapatan,18034498912.0,23098254607.0
cm_2025_02_reported_summary_laba_operasional_laba_operasional_pendapatan,snapshot_istantoro_2022_mar_2026,2025-02,monthly,2025,2.0,__reported_summary__laba_operasional,Laba Operasional,pendapatan,16370861549.0,24052682256.0
cm_2025_03_reported_summary_laba_operasional_laba_operasional_pendapatan,snapshot_istantoro_2022_mar_2026,2025-03,monthly,2025,3.0,__reported_summary__laba_operasional,Laba Operasional,pendapatan,17743575020.0,23316088362.0
cm_2025_04_reported_summary_laba_operasional_laba_operasional_pendapatan,snapshot_istantoro_2022_mar_2026,2025-04,monthly,2025,4.0,__reported_summary__laba_operasional,Laba Operasional,pendapatan,10731675366.0,23838544249.0
cm_2025_05_reported_summary_laba_operasional_laba_operasional_pendapatan,snapshot_istantoro_2022_mar_2026,2025-05,monthly,2025,5.0,__reported_summary__laba_operasional,Laba Operasional,pendapatan,15533932397.0,23269081372.0
cm_2025_06_reported_summary_laba_operasional_laba_operasional_pendapatan,snapshot_istantoro_2022_mar_2026,2025-06,monthly,2025,6.0,__reported_summary__laba_operasional,Laba Operasional,pendapatan,14057839649.0,24097162314.0
cm_2025_07_reported_summary_laba_operasional_laba_operasional_pendapatan,snapshot_istantoro_2022_mar_2026,2025-07,monthly,2025,7.0,__reported_summary__laba_operasional,Laba Operasional,pendapatan,15139663609.0,22997251988.0
cm_2025_08_reported_summary_laba_operasional_laba_operasional_pendapatan,snapshot_istantoro_2022_mar_2026,2025-08,monthly,2025,8.0,__reported_summary__laba_operasional,Laba Operasional,pendapatan,17588263438.0,23070481991.0
cm_2025_09_reported_summary_laba_operasional_laba_operasional_pendapatan,snapshot_istantoro_2022_mar_2026,2025-09,monthly,2025,9.0,__reported_summary__laba_operasional,Laba Operasional,pendapatan,19470786117.0,23514398924.0
cm_2025_10_reported_summary_laba_operasional_laba_operasional_pendapatan,snapshot_istantoro_2022_mar_2026,2025-10,monthly,2025,10.0,__reported_summary__laba_operasional,Laba Operasional,pendapatan,19764881768.0,22934161839.0
cm_2025_11_reported_summary_laba_operasional_laba_operasional_pendapatan,snapshot_istantoro_2022_mar_2026,2025-11,monthly,2025,11.0,__reported_summary__laba_operasional,Laba Operasional,pendapatan,21602450040.0,23095126540.0
cm_2025_12_reported_summary_laba_operasional_laba_operasional_pendapatan,snapshot_istantoro_2022_mar_2026,2025-12,monthly,2025,12.0,__reported_summary__laba_operasional,Laba Operasional,pendapatan,30882902726.0,24150592505.0
cm_2026_01_reported_summary_laba_operasional_laba_operasional_pendapatan,snapshot_istantoro_2022_mar_2026,2026-01,monthly,2026,1.0,__reported_summary__laba_operasional,Laba Operasional,pendapatan,9889289042.0,8378459222.0
cm_2026_02_reported_summary_laba_operasional_laba_operasional_pendapatan,snapshot_istantoro_2022_mar_2026,2026-02,monthly,2026,2.0,__reported_summary__laba_operasional,Laba Operasional,pendapatan,17419103743.0,8085105696.0
cm_2026_03_reported_summary_laba_operasional_laba_operasional_pendapatan,snapshot_istantoro_2022_mar_2026,2026-03,monthly,2026,3.0,__reported_summary__laba_operasional,Laba Operasional,pendapatan,19899506985.0,8352456745.0
cm_2022_reported_summary_pendapatan_non_ops_pendapatan_non_ops_pendapatan,snapshot_istantoro_2022_mar_2026,2022,annual,2022,,__reported_summary__pendapatan_non_ops,Pendapatan Non Ops,pendapatan,14173892355.0,7139238341.0
cm_2023_reported_summary_pendapatan_non_ops_pendapatan_non_ops_pendapatan,snapshot_istantoro_2022_mar_2026,2023,annual,2023,,__reported_summary__pendapatan_non_ops,Pendapatan Non Ops,pendapatan,16811345957.0,10196821799.0
cm_2024_reported_summary_pendapatan_non_ops_pendapatan_non_ops_pendapatan,snapshot_istantoro_2022_mar_2026,2024,annual,2024,,__reported_summary__pendapatan_non_ops,Pendapatan Non Ops,pendapatan,17873311097.0,10465233147.0
cm_2025_reported_summary_pendapatan_non_ops_pendapatan_non_ops_pendapatan,snapshot_istantoro_2022_mar_2026,2025,annual,2025,,__reported_summary__pendapatan_non_ops,Pendapatan Non Ops,pendapatan,15259339800.0,18836853519.0
cm_2025_01_reported_summary_pendapatan_non_ops_pendapatan_non_ops_pendapatan,snapshot_istantoro_2022_mar_2026,2025-01,monthly,2025,1.0,__reported_summary__pendapatan_non_ops,Pendapatan Non Ops,pendapatan,1732243648.0,1600545925.0
cm_2025_02_reported_summary_pendapatan_non_ops_pendapatan_non_ops_pendapatan,snapshot_istantoro_2022_mar_2026,2025-02,monthly,2025,2.0,__reported_summary__pendapatan_non_ops,Pendapatan Non Ops,pendapatan,1497964771.0,1532993221.0
cm_2025_03_reported_summary_pendapatan_non_ops_pendapatan_non_ops_pendapatan,snapshot_istantoro_2022_mar_2026,2025-03,monthly,2025,3.0,__reported_summary__pendapatan_non_ops,Pendapatan Non Ops,pendapatan,1772389650.0,1570965338.0
cm_2025_04_reported_summary_pendapatan_non_ops_pendapatan_non_ops_pendapatan,snapshot_istantoro_2022_mar_2026,2025-04,monthly,2025,4.0,__reported_summary__pendapatan_non_ops,Pendapatan Non Ops,pendapatan,1251891075.0,1513119236.0
cm_2025_05_reported_summary_pendapatan_non_ops_pendapatan_non_ops_pendapatan,snapshot_istantoro_2022_mar_2026,2025-05,monthly,2025,5.0,__reported_summary__pendapatan_non_ops,Pendapatan Non Ops,pendapatan,939158178.0,1518868274.0
cm_2025_06_reported_summary_pendapatan_non_ops_pendapatan_non_ops_pendapatan,snapshot_istantoro_2022_mar_2026,2025-06,monthly,2025,6.0,__reported_summary__pendapatan_non_ops,Pendapatan Non Ops,pendapatan,1640138028.0,1508631255.0
cm_2025_07_reported_summary_pendapatan_non_ops_pendapatan_non_ops_pendapatan,snapshot_istantoro_2022_mar_2026,2025-07,monthly,2025,7.0,__reported_summary__pendapatan_non_ops,Pendapatan Non Ops,pendapatan,1143469388.0,1601510160.0
cm_2025_08_reported_summary_pendapatan_non_ops_pendapatan_non_ops_pendapatan,snapshot_istantoro_2022_mar_2026,2025-08,monthly,2025,8.0,__reported_summary__pendapatan_non_ops,Pendapatan Non Ops,pendapatan,1595874546.0,1583113643.0
cm_2025_09_reported_summary_pendapatan_non_ops_pendapatan_non_ops_pendapatan,snapshot_istantoro_2022_mar_2026,2025-09,monthly,2025,9.0,__reported_summary__pendapatan_non_ops,Pendapatan Non Ops,pendapatan,1176572282.0,1581662845.0
cm_2025_10_reported_summary_pendapatan_non_ops_pendapatan_non_ops_pendapatan,snapshot_istantoro_2022_mar_2026,2025-10,monthly,2025,10.0,__reported_summary__pendapatan_non_ops,Pendapatan Non Ops,pendapatan,1305157949.0,1555820475.0
cm_2025_11_reported_summary_pendapatan_non_ops_pendapatan_non_ops_pendapatan,snapshot_istantoro_2022_mar_2026,2025-11,monthly,2025,11.0,__reported_summary__pendapatan_non_ops,Pendapatan Non Ops,pendapatan,645704266.0,1536260385.0
cm_2025_12_reported_summary_pendapatan_non_ops_pendapatan_non_ops_pendapatan,snapshot_istantoro_2022_mar_2026,2025-12,monthly,2025,12.0,__reported_summary__pendapatan_non_ops,Pendapatan Non Ops,pendapatan,817775080.0,1522377860.0
cm_2026_01_reported_summary_pendapatan_non_ops_pendapatan_non_ops_pendapatan,snapshot_istantoro_2022_mar_2026,2026-01,monthly,2026,1.0,__reported_summary__pendapatan_non_ops,Pendapatan Non Ops,pendapatan,702458545.0,695590517.0
cm_2026_02_reported_summary_pendapatan_non_ops_pendapatan_non_ops_pendapatan,snapshot_istantoro_2022_mar_2026,2026-02,monthly,2026,2.0,__reported_summary__pendapatan_non_ops,Pendapatan Non Ops,pendapatan,656161339.0,699450687.0
cm_2026_03_reported_summary_pendapatan_non_ops_pendapatan_non_ops_pendapatan,snapshot_istantoro_2022_mar_2026,2026-03,monthly,2026,3.0,__reported_summary__pendapatan_non_ops,Pendapatan Non Ops,pendapatan,642665498.0,715532057.0
cm_2022_reported_summary_biaya_non_ops_biaya_non_ops_beban,snapshot_istantoro_2022_mar_2026,2022,annual,2022,,__reported_summary__biaya_non_ops,Biaya Non Ops,beban,1378502737.0,3148490699.0
cm_2023_reported_summary_biaya_non_ops_biaya_non_ops_beban,snapshot_istantoro_2022_mar_2026,2023,annual,2023,,__reported_summary__biaya_non_ops,Biaya Non Ops,beban,1250824450.0,2040733758.0
cm_2024_reported_summary_biaya_non_ops_biaya_non_ops_beban,snapshot_istantoro_2022_mar_2026,2024,annual,2024,,__reported_summary__biaya_non_ops,Biaya Non Ops,beban,632272911.0,2033264543.0
cm_2025_reported_summary_biaya_non_ops_biaya_non_ops_beban,snapshot_istantoro_2022_mar_2026,2025,annual,2025,,__reported_summary__biaya_non_ops,Biaya Non Ops,beban,1762001208.0,900200149.0
cm_2025_01_reported_summary_biaya_non_ops_biaya_non_ops_beban,snapshot_istantoro_2022_mar_2026,2025-01,monthly,2025,1.0,__reported_summary__biaya_non_ops,Biaya Non Ops,beban,42996801.0,76437641.0
cm_2025_02_reported_summary_biaya_non_ops_biaya_non_ops_beban,snapshot_istantoro_2022_mar_2026,2025-02,monthly,2025,2.0,__reported_summary__biaya_non_ops,Biaya Non Ops,beban,22096450.0,78847795.0
cm_2025_03_reported_summary_biaya_non_ops_biaya_non_ops_beban,snapshot_istantoro_2022_mar_2026,2025-03,monthly,2025,3.0,__reported_summary__biaya_non_ops,Biaya Non Ops,beban,53504350.0,77483899.0
cm_2025_04_reported_summary_biaya_non_ops_biaya_non_ops_beban,snapshot_istantoro_2022_mar_2026,2025-04,monthly,2025,4.0,__reported_summary__biaya_non_ops,Biaya Non Ops,beban,50630397.0,78242059.0
cm_2025_05_reported_summary_biaya_non_ops_biaya_non_ops_beban,snapshot_istantoro_2022_mar_2026,2025-05,monthly,2025,5.0,__reported_summary__biaya_non_ops,Biaya Non Ops,beban,194572391.0,76695286.0
cm_2025_06_reported_summary_biaya_non_ops_biaya_non_ops_beban,snapshot_istantoro_2022_mar_2026,2025-06,monthly,2025,6.0,__reported_summary__biaya_non_ops,Biaya Non Ops,beban,367234041.0,76212473.0
cm_2025_07_reported_summary_biaya_non_ops_biaya_non_ops_beban,snapshot_istantoro_2022_mar_2026,2025-07,monthly,2025,7.0,__reported_summary__biaya_non_ops,Biaya Non Ops,beban,412998593.0,75044660.0
cm_2025_08_reported_summary_biaya_non_ops_biaya_non_ops_beban,snapshot_istantoro_2022_mar_2026,2025-08,monthly,2025,8.0,__reported_summary__biaya_non_ops,Biaya Non Ops,beban,135543036.0,78583768.0
cm_2025_09_reported_summary_biaya_non_ops_biaya_non_ops_beban,snapshot_istantoro_2022_mar_2026,2025-09,monthly,2025,9.0,__reported_summary__biaya_non_ops,Biaya Non Ops,beban,112404819.0,78155990.0
cm_2025_10_reported_summary_biaya_non_ops_biaya_non_ops_beban,snapshot_istantoro_2022_mar_2026,2025-10,monthly,2025,10.0,__reported_summary__biaya_non_ops,Biaya Non Ops,beban,105593943.0,75320019.0
cm_2025_11_reported_summary_biaya_non_ops_biaya_non_ops_beban,snapshot_istantoro_2022_mar_2026,2025-11,monthly,2025,11.0,__reported_summary__biaya_non_ops,Biaya Non Ops,beban,180026199.0,76906867.0
cm_2025_12_reported_summary_biaya_non_ops_biaya_non_ops_beban,snapshot_istantoro_2022_mar_2026,2025-12,monthly,2025,12.0,__reported_summary__biaya_non_ops,Biaya Non Ops,beban,64318063.0,76792118.0
cm_2026_01_reported_summary_biaya_non_ops_biaya_non_ops_beban,snapshot_istantoro_2022_mar_2026,2026-01,monthly,2026,1.0,__reported_summary__biaya_non_ops,Biaya Non Ops,beban,69458836.0,78751583.0
cm_2026_02_reported_summary_biaya_non_ops_biaya_non_ops_beban,snapshot_istantoro_2022_mar_2026,2026-02,monthly,2026,2.0,__reported_summary__biaya_non_ops,Biaya Non Ops,beban,77294417.0,80257486.0
cm_2026_03_reported_summary_biaya_non_ops_biaya_non_ops_beban,snapshot_istantoro_2022_mar_2026,2026-03,monthly,2026,3.0,__reported_summary__biaya_non_ops,Biaya Non Ops,beban,226438598.0,78539036.0
cm_2022_reported_summary_laba_sebelum_pajak_laba_sebelum_pajak_pendapatan,snapshot_istantoro_2022_mar_2026,2022,annual,2022,,__reported_summary__laba_sebelum_pajak,Laba Sebelum Pajak,pendapatan,182011975954.0,164575751238.0
cm_2023_reported_summary_laba_sebelum_pajak_laba_sebelum_pajak_pendapatan,snapshot_istantoro_2022_mar_2026,2023,annual,2023,,__reported_summary__laba_sebelum_pajak,Laba Sebelum Pajak,pendapatan,214892518382.0,183074161887.0
cm_2024_reported_summary_laba_sebelum_pajak_laba_sebelum_pajak_pendapatan,snapshot_istantoro_2022_mar_2026,2024,annual,2024,,__reported_summary__laba_sebelum_pajak,Laba Sebelum Pajak,pendapatan,248877873982.0,183216229233.0
cm_2025_reported_summary_laba_sebelum_pajak_laba_sebelum_pajak_pendapatan,snapshot_istantoro_2022_mar_2026,2025,annual,2025,,__reported_summary__laba_sebelum_pajak,Laba Sebelum Pajak,pendapatan,237092001254.0,294399315659.0
cm_2025_01_reported_summary_laba_sebelum_pajak_laba_sebelum_pajak_pendapatan,snapshot_istantoro_2022_mar_2026,2025-01,monthly,2025,1.0,__reported_summary__laba_sebelum_pajak,Laba Sebelum Pajak,pendapatan,19538214169.0,24300940910.0
cm_2025_02_reported_summary_laba_sebelum_pajak_laba_sebelum_pajak_pendapatan,snapshot_istantoro_2022_mar_2026,2025-02,monthly,2025,2.0,__reported_summary__laba_sebelum_pajak,Laba Sebelum Pajak,pendapatan,17794822210.0,25367362165.0
cm_2025_03_reported_summary_laba_sebelum_pajak_laba_sebelum_pajak_pendapatan,snapshot_istantoro_2022_mar_2026,2025-03,monthly,2025,3.0,__reported_summary__laba_sebelum_pajak,Laba Sebelum Pajak,pendapatan,19603616567.0,25337325516.0
cm_2025_04_reported_summary_laba_sebelum_pajak_laba_sebelum_pajak_pendapatan,snapshot_istantoro_2022_mar_2026,2025-04,monthly,2025,4.0,__reported_summary__laba_sebelum_pajak,Laba Sebelum Pajak,pendapatan,12564157124.0,24456333394.0
cm_2025_05_reported_summary_laba_sebelum_pajak_laba_sebelum_pajak_pendapatan,snapshot_istantoro_2022_mar_2026,2025-05,monthly,2025,5.0,__reported_summary__laba_sebelum_pajak,Laba Sebelum Pajak,pendapatan,16265557366.0,25506463965.0
cm_2025_06_reported_summary_laba_sebelum_pajak_laba_sebelum_pajak_pendapatan,snapshot_istantoro_2022_mar_2026,2025-06,monthly,2025,6.0,__reported_summary__laba_sebelum_pajak,Laba Sebelum Pajak,pendapatan,15398036404.0,24484430678.0
cm_2025_07_reported_summary_laba_sebelum_pajak_laba_sebelum_pajak_pendapatan,snapshot_istantoro_2022_mar_2026,2025-07,monthly,2025,7.0,__reported_summary__laba_sebelum_pajak,Laba Sebelum Pajak,pendapatan,16290002870.0,24704035202.0
cm_2025_08_reported_summary_laba_sebelum_pajak_laba_sebelum_pajak_pendapatan,snapshot_istantoro_2022_mar_2026,2025-08,monthly,2025,8.0,__reported_summary__laba_sebelum_pajak,Laba Sebelum Pajak,pendapatan,18529403018.0,24625729969.0
cm_2025_09_reported_summary_laba_sebelum_pajak_laba_sebelum_pajak_pendapatan,snapshot_istantoro_2022_mar_2026,2025-09,monthly,2025,9.0,__reported_summary__laba_sebelum_pajak,Laba Sebelum Pajak,pendapatan,19548187588.0,24810742282.0
cm_2025_10_reported_summary_laba_sebelum_pajak_laba_sebelum_pajak_pendapatan,snapshot_istantoro_2022_mar_2026,2025-10,monthly,2025,10.0,__reported_summary__laba_sebelum_pajak,Laba Sebelum Pajak,pendapatan,21617961581.0,24634261053.0
cm_2025_11_reported_summary_laba_sebelum_pajak_laba_sebelum_pajak_pendapatan,snapshot_istantoro_2022_mar_2026,2025-11,monthly,2025,11.0,__reported_summary__laba_sebelum_pajak,Laba Sebelum Pajak,pendapatan,21166469915.0,24985724115.0
cm_2025_12_reported_summary_laba_sebelum_pajak_laba_sebelum_pajak_pendapatan,snapshot_istantoro_2022_mar_2026,2025-12,monthly,2025,12.0,__reported_summary__laba_sebelum_pajak,Laba Sebelum Pajak,pendapatan,30056090675.0,24863398298.0
cm_2026_01_reported_summary_laba_sebelum_pajak_laba_sebelum_pajak_pendapatan,snapshot_istantoro_2022_mar_2026,2026-01,monthly,2026,1.0,__reported_summary__laba_sebelum_pajak,Laba Sebelum Pajak,pendapatan,9692934855.0,9028206524.0
cm_2026_02_reported_summary_laba_sebelum_pajak_laba_sebelum_pajak_pendapatan,snapshot_istantoro_2022_mar_2026,2026-02,monthly,2026,2.0,__reported_summary__laba_sebelum_pajak,Laba Sebelum Pajak,pendapatan,19032294690.0,8538384172.0
cm_2026_03_reported_summary_laba_sebelum_pajak_laba_sebelum_pajak_pendapatan,snapshot_istantoro_2022_mar_2026,2026-03,monthly,2026,3.0,__reported_summary__laba_sebelum_pajak,Laba Sebelum Pajak,pendapatan,20814468414.0,8583782497.0
