id,snapshot_id,period,period_type,year,month,account_code,account_name,account_group,actual,target
nr_2022_nr005_total_aset,snapshot_istantoro_2022_mar_2026,2022,annual,2022,,NR005_TOTAL_ASET,TOTAL ASET,aset,872057441491.0,0.0
nr_2022_nr006_aset_lancar,snapshot_istantoro_2022_mar_2026,2022,annual,2022,,NR006_ASET_LANCAR,ASET LANCAR,aset,674693227074.0,0.0
nr_2022_nr007_kas,snapshot_istantoro_2022_mar_2026,2022,annual,2022,,NR007_KAS,KAS,aset,313640815.0,0.0
nr_2022_nr008_bank,snapshot_istantoro_2022_mar_2026,2022,annual,2022,,NR008_BANK,BANK,aset,126201307870.0,0.0
nr_2022_nr009_deposito,snapshot_istantoro_2022_mar_2026,2022,annual,2022,,NR009_DEPOSITO,DEPOSITO,aset,271856599893.0,0.0
nr_2022_nr010_deposito_dijaminkan,snapshot_istantoro_2022_mar_2026,2022,annual,2022,,NR010_DEPOSITO_DIJAMINKAN,DEPOSITO YANG DI JAMINKAN,aset,0.0,0.0
nr_2022_nr011_persediaan_meterai,snapshot_istantoro_2022_mar_2026,2022,annual,2022,,NR011_PERSEDIAAN_METERAI,PERSEDIAAN METERAI,aset,78952179.0,0.0
nr_2022_nr012_surat_surat_berharga,snapshot_istantoro_2022_mar_2026,2022,annual,2022,,NR012_SURAT_SURAT_BERHARGA,SURAT SURAT BERHARGA,aset,0.0,0.0
nr_2022_nr013_piutang_captive,snapshot_istantoro_2022_mar_2026,2022,annual,2022,,NR013_PIUTANG_CAPTIVE,PIUTANG CAPTIVE,aset,68310321422.0,0.0
nr_2022_nr014_piutang_non_captive,snapshot_istantoro_2022_mar_2026,2022,annual,2022,,NR014_PIUTANG_NON_CAPTIVE,PIUTANG NON CAPTIVE,aset,150375962572.0,0.0
nr_2022_nr015_piutang_jasa_pendidikan,snapshot_istantoro_2022_mar_2026,2022,annual,2022,,NR015_PIUTANG_JASA_PENDIDIKAN,PIUTANG JASA PENDIDIKAN,aset,9422120364.0,0.0
nr_2022_nr016_jumlah_piutang,snapshot_istantoro_2022_mar_2026,2022,annual,2022,,NR016_JUMLAH_PIUTANG,JUMLAH PIUTANG,aset,228710391862.0,0.0
nr_2022_nr017_penyisihan_piutang,snapshot_istantoro_2022_mar_2026,2022,annual,2022,,NR017_PENYISIHAN_PIUTANG,PENYISIHAN PENGHAPUSAN PIUTANG,aset,-8577260818.0,0.0
nr_2022_nr018_piutang_bersih,snapshot_istantoro_2022_mar_2026,2022,annual,2022,,NR018_PIUTANG_BERSIH,PIUTANG BERSIH,aset,218376136084.0,0.0
nr_2022_nr019_piutang_lainnya,snapshot_istantoro_2022_mar_2026,2022,annual,2022,,NR019_PIUTANG_LAINNYA,PIUTANG LAINNYA,aset,42011220073.0,0.0
nr_2022_nr020_piutang_inter_company,snapshot_istantoro_2022_mar_2026,2022,annual,2022,,NR020_PIUTANG_INTER_COMPANY,PIUTANG INTER COMPANY,aset,634593223.0,0.0
nr_2022_nr021_uang_muka,snapshot_istantoro_2022_mar_2026,2022,annual,2022,,NR021_UANG_MUKA,UANG MUKA,aset,4275979040.0,0.0
nr_2022_nr022_pajak_dibayar_dimuka,snapshot_istantoro_2022_mar_2026,2022,annual,2022,,NR022_PAJAK_DIBAYAR_DIMUKA,PAJAK DIBAYAR DIMUKA,aset,161302545.0,0.0
nr_2022_nr023_biaya_dibayar_dimuka,snapshot_istantoro_2022_mar_2026,2022,annual,2022,,NR023_BIAYA_DIBAYAR_DIMUKA,BIAYA DIBAYAR DIMUKA,aset,978572905.0,0.0
nr_2022_nr024_total_aktiva_lancar,snapshot_istantoro_2022_mar_2026,2022,annual,2022,,NR024_TOTAL_AKTIVA_LANCAR,TOTAL AKTIVA LANCAR,aset,657132221637.0,0.0
nr_2022_nr025_aktiva_tidak_lancar,snapshot_istantoro_2022_mar_2026,2022,annual,2022,,NR025_AKTIVA_TIDAK_LANCAR,AKTIVA TIDAK LANCAR,aset,229550925740.0,0.0
nr_2022_nr026_aset_lain_lain,snapshot_istantoro_2022_mar_2026,2022,annual,2022,,NR026_ASET_LAIN_LAIN,ASET LAIN-LAIN,aset,29534282268.0,0.0
nr_2022_nr027_investasi_asosiasi,snapshot_istantoro_2022_mar_2026,2022,annual,2022,,NR027_INVESTASI_ASOSIASI,INVESTASI DALAM ENTITAS ASOSIASI,aset,17322550188.0,0.0
nr_2022_nr028_kendaraan_disewakan,snapshot_istantoro_2022_mar_2026,2022,annual,2022,,NR028_KENDARAAN_DISEWAKAN,KENDARAAN UNTUK DISEWAKAN,aset,2353715735.0,0.0
nr_2022_nr029_akumulasi_penyusutan_kendaraan,snapshot_istantoro_2022_mar_2026,2022,annual,2022,,NR029_AKUMULASI_PENYUSUTAN_KENDARAAN,AKUMULASI PENYUSUTAN,aset,-5428747883.0,0.0
nr_2022_nr030_nilai_buku_kendaraan,snapshot_istantoro_2022_mar_2026,2022,annual,2022,,NR030_NILAI_BUKU_KENDARAAN,NILAI BUKU,aset,2408575405.0,0.0
nr_2022_nr031_aset_tetap,snapshot_istantoro_2022_mar_2026,2022,annual,2022,,NR031_ASET_TETAP,ASET TETAP,aset,189203240486.0,0.0
nr_2022_nr032_harga_perolehan_aset_tetap,snapshot_istantoro_2022_mar_2026,2022,annual,2022,,NR032_HARGA_PEROLEHAN_ASET_TETAP,HARGA PEROLEHAN AKTIVA TETAP,aset,229956736753.0,0.0
nr_2022_nr033_akumulasi_penyusutan_aset_tetap,snapshot_istantoro_2022_mar_2026,2022,annual,2022,,NR033_AKUMULASI_PENYUSUTAN_ASET_TETAP,AKUMULASI PENYUSUTAN,aset,-49096216572.0,0.0
nr_2022_nr034_nilai_buku_aset_tetap,snapshot_istantoro_2022_mar_2026,2022,annual,2022,,NR034_NILAI_BUKU_ASET_TETAP,NILAI BUKU,aset,191443316629.0,0.0
nr_2022_nr035_aktiva_lain_lain,snapshot_istantoro_2022_mar_2026,2022,annual,2022,,NR035_AKTIVA_LAIN_LAIN,AKTIVA LAIN-LAIN,aset,317221319.0,0.0
nr_2022_nr036_aset_piutang_lain,snapshot_istantoro_2022_mar_2026,2022,annual,2022,,NR036_ASET_PIUTANG_LAIN,ASET PIUTANG LAIN,aset,0.0,0.0
nr_2022_nr037_aset_dalam_penyelesaian,snapshot_istantoro_2022_mar_2026,2022,annual,2022,,NR037_ASET_DALAM_PENYELESAIAN,ASET DALAM PENYELESAIAN,aset,0.0,0.0
nr_2022_nr038_renovasi_bangunan,snapshot_istantoro_2022_mar_2026,2022,annual,2022,,NR038_RENOVASI_BANGUNAN,RENOVASI BANGUNAN YANG DISEWA,aset,189684506.0,0.0
nr_2022_nr039_uang_jaminan_proyek,snapshot_istantoro_2022_mar_2026,2022,annual,2022,,NR039_UANG_JAMINAN_PROYEK,UANG JAMINAN PROYEK,aset,109024631.0,0.0
nr_2022_nr040_jaminan_bank_garansi,snapshot_istantoro_2022_mar_2026,2022,annual,2022,,NR040_JAMINAN_BANK_GARANSI,JAMINAN BANK GARANSI,aset,20928555.0,0.0
nr_2022_nr041_total_aktiva,snapshot_istantoro_2022_mar_2026,2022,annual,2022,,NR041_TOTAL_AKTIVA,TOTAL AKTIVA,aset,934802939274.0,0.0
nr_2022_nr042_total_pasiva_section,snapshot_istantoro_2022_mar_2026,2022,annual,2022,,NR042_TOTAL_PASIVA_SECTION,TOTAL PASIVA,pasiva,915283201517.0,0.0
nr_2022_nr043_kewajiban_lancar,snapshot_istantoro_2022_mar_2026,2022,annual,2022,,NR043_KEWAJIBAN_LANCAR,KEWAJIBAN LANCAR,kewajiban,173198485721.0,0.0
nr_2022_nr044_hutang_pajak,snapshot_istantoro_2022_mar_2026,2022,annual,2022,,NR044_HUTANG_PAJAK,HUTANG PAJAK,kewajiban,47797834013.0,0.0
nr_2022_nr045_bpjs_dplk,snapshot_istantoro_2022_mar_2026,2022,annual,2022,,NR045_BPJS_DPLK,BY YMH DIBAYAR BPJS DAN DPLK,kewajiban,12070194977.0,0.0
nr_2022_nr046_hutang_dividen,snapshot_istantoro_2022_mar_2026,2022,annual,2022,,NR046_HUTANG_DIVIDEN,HUTANG DIVIDEN,kewajiban,0.0,0.0
nr_2022_nr047_biaya_masih_harus_dibayar,snapshot_istantoro_2022_mar_2026,2022,annual,2022,,NR047_BIAYA_MASIH_HARUS_DIBAYAR,BIAYA YANG MASIH HARUS DIBAYAR,kewajiban,68102163786.0,0.0
nr_2022_nr048_pinjaman_modal_kerja,snapshot_istantoro_2022_mar_2026,2022,annual,2022,,NR048_PINJAMAN_MODAL_KERJA,PINJAMAN MODAL KERJA,kewajiban,0.0,0.0
nr_2022_nr049_pinjaman_pemegang_saham,snapshot_istantoro_2022_mar_2026,2022,annual,2022,,NR049_PINJAMAN_PEMEGANG_SAHAM,PINJAMAN KE PEMEGANG SAHAM,kewajiban,0.0,0.0
nr_2022_nr050_kewajiban_lancar_lainnya,snapshot_istantoro_2022_mar_2026,2022,annual,2022,,NR050_KEWAJIBAN_LANCAR_LAINNYA,KEWAJIBAN LANCAR LAINNYA,kewajiban,51209044206.0,0.0
nr_2022_nr051_total_kewajiban_lancar,snapshot_istantoro_2022_mar_2026,2022,annual,2022,,NR051_TOTAL_KEWAJIBAN_LANCAR,TOTAL KEWAJIBAN LANCAR,kewajiban,172637011426.0,0.0
nr_2022_nr053_kewajiban_jangka_panjang,snapshot_istantoro_2022_mar_2026,2022,annual,2022,,NR053_KEWAJIBAN_JANGKA_PANJANG,KEWAJIBAN JANGKA PANJANG,kewajiban,180932496705.0,0.0
nr_2022_nr054_pinjaman_ki_bri,snapshot_istantoro_2022_mar_2026,2022,annual,2022,,NR054_PINJAMAN_KI_BANK,PINJAMAN KI DARI BANK,kewajiban,0.0,0.0
nr_2022_nr055_kewajiban_imbalan_pasca_kerja,snapshot_istantoro_2022_mar_2026,2022,annual,2022,,NR055_KEWAJIBAN_IMBALAN_PASCA_KERJA,KEWAJIBAN IMBALAN PASCA KERJA,kewajiban,175529114223.0,0.0
nr_2022_nr056_total_kewajiban_jangka_panjang,snapshot_istantoro_2022_mar_2026,2022,annual,2022,,NR056_TOTAL_KEWAJIBAN_JANGKA_PANJANG,TOTAL KEWAJIBAN JANGKA PANJANG,kewajiban,179549134056.0,0.0
nr_2022_nr057_ekuitas,snapshot_istantoro_2022_mar_2026,2022,annual,2022,,NR057_EKUITAS,EKUITAS,ekuitas,537861566213.0,0.0
nr_2022_nr058_cadangan_risiko_umum,snapshot_istantoro_2022_mar_2026,2022,annual,2022,,NR058_CADANGAN_RISIKO_UMUM,CADANGAN RISIKO UMUM,ekuitas,26609671459.0,0.0
nr_2022_nr059_modal_saham,snapshot_istantoro_2022_mar_2026,2022,annual,2022,,NR059_MODAL_SAHAM,MODAL SAHAM,ekuitas,9523100652.0,0.0
nr_2022_nr060_laba_ditahan,snapshot_istantoro_2022_mar_2026,2022,annual,2022,,NR060_LABA_DITAHAN,LABA DITAHAN,ekuitas,366616254184.0,0.0
nr_2022_nr061_laba_setelah_pajak,snapshot_istantoro_2022_mar_2026,2022,annual,2022,,NR061_LABA_SETELAH_PAJAK,LABA SETELAH PAJAK,ekuitas,0.0,0.0
nr_2022_nr062_total_ekuitas_sebelum_rl,snapshot_istantoro_2022_mar_2026,2022,annual,2022,,NR062_TOTAL_EKUITAS_SEBELUM_RL,TOTAL EKUITAS SBLM R/L BERJALAN,ekuitas,408007310250.0,0.0
nr_2022_nr063_rugi_laba_tahun_lalu,snapshot_istantoro_2022_mar_2026,2022,annual,2022,,NR063_RUGI_LABA_TAHUN_LALU,RUGI/LABA TAHUN LALU,ekuitas,119857403207.0,0.0
nr_2022_nr064_bagian_laba_perusahaan_anak,snapshot_istantoro_2022_mar_2026,2022,annual,2022,,NR064_BAGIAN_LABA_PERUSAHAAN_ANAK,BAGIAN LABA PERUSAHAAN ANAK,ekuitas,10565556236.0,0.0
nr_2022_nr065_rugi_laba_tahun_berjalan,snapshot_istantoro_2022_mar_2026,2022,annual,2022,,NR065_RUGI_LABA_TAHUN_BERJALAN,RUGI/LABA TAHUN BERJALAN,ekuitas,0.0,0.0
nr_2022_nr066_total_pasiva,snapshot_istantoro_2022_mar_2026,2022,annual,2022,,NR066_TOTAL_PASIVA,TOTAL PASIVA,pasiva,926005794566.0,0.0
nr_2022_nr028_kendaraan_gross,snapshot_istantoro_2022_mar_2026,2022,annual,2022,,NR028_KENDARAAN_GROSS,KENDARAAN UNTUK DISEWAKAN (GROSS),aset,7762385316.0,0.0
nr_2022_1101,snapshot_istantoro_2022_mar_2026,2022,annual,2022,,1101,Kas dan Setara Kas,aset,385036657471.0,0.0
nr_2022_1102,snapshot_istantoro_2022_mar_2026,2022,annual,2022,,1102,Piutang Bersih,aset,221176977649.0,0.0
nr_2022_1103,snapshot_istantoro_2022_mar_2026,2022,annual,2022,,1103,Aset Lancar Lainnya,aset,48028005416.0,0.0
nr_2022_1104,snapshot_istantoro_2022_mar_2026,2022,annual,2022,,1104,Aset Tidak Lancar,aset,238868301285.0,0.0
nr_2022_1105,snapshot_istantoro_2022_mar_2026,2022,annual,2022,,1105,Jumlah Piutang,aset,225044632947.0,0.0
nr_2022_1106,snapshot_istantoro_2022_mar_2026,2022,annual,2022,,1106,Total Aset Lancar,aset,693935690739.0,0.0
nr_2022_2101,snapshot_istantoro_2022_mar_2026,2022,annual,2022,,2101,Kewajiban Lancar,kewajiban,183086689211.0,0.0
nr_2022_2102,snapshot_istantoro_2022_mar_2026,2022,annual,2022,,2102,Kewajiban Jangka Panjang,kewajiban,179393752563.0,0.0
nr_2022_3101,snapshot_istantoro_2022_mar_2026,2022,annual,2022,,3101,Ekuitas,ekuitas,547784395671.0,0.0
nr_2023_nr005_total_aset,snapshot_istantoro_2022_mar_2026,2023,annual,2023,,NR005_TOTAL_ASET,TOTAL ASET,aset,1003841878715.0,0.0
nr_2023_nr006_aset_lancar,snapshot_istantoro_2022_mar_2026,2023,annual,2023,,NR006_ASET_LANCAR,ASET LANCAR,aset,735392550508.0,0.0
nr_2023_nr007_kas,snapshot_istantoro_2022_mar_2026,2023,annual,2023,,NR007_KAS,KAS,aset,1073988005.0,0.0
nr_2023_nr008_bank,snapshot_istantoro_2022_mar_2026,2023,annual,2023,,NR008_BANK,BANK,aset,91582261459.0,0.0
nr_2023_nr009_deposito,snapshot_istantoro_2022_mar_2026,2023,annual,2023,,NR009_DEPOSITO,DEPOSITO,aset,158907717689.0,0.0
nr_2023_nr010_deposito_dijaminkan,snapshot_istantoro_2022_mar_2026,2023,annual,2023,,NR010_DEPOSITO_DIJAMINKAN,DEPOSITO YANG DI JAMINKAN,aset,184118353794.0,0.0
nr_2023_nr011_persediaan_meterai,snapshot_istantoro_2022_mar_2026,2023,annual,2023,,NR011_PERSEDIAAN_METERAI,PERSEDIAAN METERAI,aset,76610421.0,0.0
nr_2023_nr012_surat_surat_berharga,snapshot_istantoro_2022_mar_2026,2023,annual,2023,,NR012_SURAT_SURAT_BERHARGA,SURAT SURAT BERHARGA,aset,0.0,0.0
nr_2023_nr013_piutang_captive,snapshot_istantoro_2022_mar_2026,2023,annual,2023,,NR013_PIUTANG_CAPTIVE,PIUTANG CAPTIVE,aset,133046188968.0,0.0
nr_2023_nr014_piutang_non_captive,snapshot_istantoro_2022_mar_2026,2023,annual,2023,,NR014_PIUTANG_NON_CAPTIVE,PIUTANG NON CAPTIVE,aset,161886544769.0,0.0
nr_2023_nr015_piutang_jasa_pendidikan,snapshot_istantoro_2022_mar_2026,2023,annual,2023,,NR015_PIUTANG_JASA_PENDIDIKAN,PIUTANG JASA PENDIDIKAN,aset,1987138549.0,0.0
nr_2023_nr016_jumlah_piutang,snapshot_istantoro_2022_mar_2026,2023,annual,2023,,NR016_JUMLAH_PIUTANG,JUMLAH PIUTANG,aset,278777435062.0,0.0
nr_2023_nr017_penyisihan_piutang,snapshot_istantoro_2022_mar_2026,2023,annual,2023,,NR017_PENYISIHAN_PIUTANG,PENYISIHAN PENGHAPUSAN PIUTANG,aset,-18647455186.0,0.0
nr_2023_nr018_piutang_bersih,snapshot_istantoro_2022_mar_2026,2023,annual,2023,,NR018_PIUTANG_BERSIH,PIUTANG BERSIH,aset,274720044910.0,0.0
nr_2023_nr019_piutang_lainnya,snapshot_istantoro_2022_mar_2026,2023,annual,2023,,NR019_PIUTANG_LAINNYA,PIUTANG LAINNYA,aset,3136329697.0,0.0
nr_2023_nr020_piutang_inter_company,snapshot_istantoro_2022_mar_2026,2023,annual,2023,,NR020_PIUTANG_INTER_COMPANY,PIUTANG INTER COMPANY,aset,0.0,0.0
nr_2023_nr021_uang_muka,snapshot_istantoro_2022_mar_2026,2023,annual,2023,,NR021_UANG_MUKA,UANG MUKA,aset,7735522226.0,0.0
nr_2023_nr022_pajak_dibayar_dimuka,snapshot_istantoro_2022_mar_2026,2023,annual,2023,,NR022_PAJAK_DIBAYAR_DIMUKA,PAJAK DIBAYAR DIMUKA,aset,19733138600.0,0.0
nr_2023_nr023_biaya_dibayar_dimuka,snapshot_istantoro_2022_mar_2026,2023,annual,2023,,NR023_BIAYA_DIBAYAR_DIMUKA,BIAYA DIBAYAR DIMUKA,aset,1366038164.0,0.0
nr_2023_nr024_total_aktiva_lancar,snapshot_istantoro_2022_mar_2026,2023,annual,2023,,NR024_TOTAL_AKTIVA_LANCAR,TOTAL AKTIVA LANCAR,aset,745117185022.0,0.0
nr_2023_nr025_aktiva_tidak_lancar,snapshot_istantoro_2022_mar_2026,2023,annual,2023,,NR025_AKTIVA_TIDAK_LANCAR,AKTIVA TIDAK LANCAR,aset,231702825802.0,0.0
nr_2023_nr026_aset_lain_lain,snapshot_istantoro_2022_mar_2026,2023,annual,2023,,NR026_ASET_LAIN_LAIN,ASET LAIN-LAIN,aset,28079467878.0,0.0
nr_2023_nr027_investasi_asosiasi,snapshot_istantoro_2022_mar_2026,2023,annual,2023,,NR027_INVESTASI_ASOSIASI,INVESTASI DALAM ENTITAS ASOSIASI,aset,24389966278.0,0.0
nr_2023_nr028_kendaraan_disewakan,snapshot_istantoro_2022_mar_2026,2023,annual,2023,,NR028_KENDARAAN_DISEWAKAN,KENDARAAN UNTUK DISEWAKAN,aset,1817494999.0,0.0
nr_2023_nr029_akumulasi_penyusutan_kendaraan,snapshot_istantoro_2022_mar_2026,2023,annual,2023,,NR029_AKUMULASI_PENYUSUTAN_KENDARAAN,AKUMULASI PENYUSUTAN,aset,-5570967047.0,0.0
nr_2023_nr030_nilai_buku_kendaraan,snapshot_istantoro_2022_mar_2026,2023,annual,2023,,NR030_NILAI_BUKU_KENDARAAN,NILAI BUKU,aset,1826754160.0,0.0
nr_2023_nr031_aset_tetap,snapshot_istantoro_2022_mar_2026,2023,annual,2023,,NR031_ASET_TETAP,ASET TETAP,aset,181663962914.0,0.0
nr_2023_nr032_harga_perolehan_aset_tetap,snapshot_istantoro_2022_mar_2026,2023,annual,2023,,NR032_HARGA_PEROLEHAN_ASET_TETAP,HARGA PEROLEHAN AKTIVA TETAP,aset,239548265784.0,0.0
nr_2023_nr033_akumulasi_penyusutan_aset_tetap,snapshot_istantoro_2022_mar_2026,2023,annual,2023,,NR033_AKUMULASI_PENYUSUTAN_ASET_TETAP,AKUMULASI PENYUSUTAN,aset,-57073176476.0,0.0
nr_2023_nr034_nilai_buku_aset_tetap,snapshot_istantoro_2022_mar_2026,2023,annual,2023,,NR034_NILAI_BUKU_ASET_TETAP,NILAI BUKU,aset,185809913811.0,0.0
nr_2023_nr035_aktiva_lain_lain,snapshot_istantoro_2022_mar_2026,2023,annual,2023,,NR035_AKTIVA_LAIN_LAIN,AKTIVA LAIN-LAIN,aset,3566377831.0,0.0
nr_2023_nr036_aset_piutang_lain,snapshot_istantoro_2022_mar_2026,2023,annual,2023,,NR036_ASET_PIUTANG_LAIN,ASET PIUTANG LAIN,aset,0.0,0.0
nr_2023_nr037_aset_dalam_penyelesaian,snapshot_istantoro_2022_mar_2026,2023,annual,2023,,NR037_ASET_DALAM_PENYELESAIAN,ASET DALAM PENYELESAIAN,aset,3152279028.0,0.0
nr_2023_nr038_renovasi_bangunan,snapshot_istantoro_2022_mar_2026,2023,annual,2023,,NR038_RENOVASI_BANGUNAN,RENOVASI BANGUNAN YANG DISEWA,aset,74393510.0,0.0
nr_2023_nr039_uang_jaminan_proyek,snapshot_istantoro_2022_mar_2026,2023,annual,2023,,NR039_UANG_JAMINAN_PROYEK,UANG JAMINAN PROYEK,aset,104332914.0,0.0
nr_2023_nr040_jaminan_bank_garansi,snapshot_istantoro_2022_mar_2026,2023,annual,2023,,NR040_JAMINAN_BANK_GARANSI,JAMINAN BANK GARANSI,aset,227139218.0,0.0
nr_2023_nr041_total_aktiva,snapshot_istantoro_2022_mar_2026,2023,annual,2023,,NR041_TOTAL_AKTIVA,TOTAL AKTIVA,aset,998492479494.0,0.0
nr_2023_nr042_total_pasiva_section,snapshot_istantoro_2022_mar_2026,2023,annual,2023,,NR042_TOTAL_PASIVA_SECTION,TOTAL PASIVA,pasiva,971928683809.0,0.0
nr_2023_nr043_kewajiban_lancar,snapshot_istantoro_2022_mar_2026,2023,annual,2023,,NR043_KEWAJIBAN_LANCAR,KEWAJIBAN LANCAR,kewajiban,185178402948.0,0.0
nr_2023_nr044_hutang_pajak,snapshot_istantoro_2022_mar_2026,2023,annual,2023,,NR044_HUTANG_PAJAK,HUTANG PAJAK,kewajiban,35007016398.0,0.0
nr_2023_nr045_bpjs_dplk,snapshot_istantoro_2022_mar_2026,2023,annual,2023,,NR045_BPJS_DPLK,BY YMH DIBAYAR BPJS DAN DPLK,kewajiban,52716746762.0,0.0
nr_2023_nr046_hutang_dividen,snapshot_istantoro_2022_mar_2026,2023,annual,2023,,NR046_HUTANG_DIVIDEN,HUTANG DIVIDEN,kewajiban,0.0,0.0
nr_2023_nr047_biaya_masih_harus_dibayar,snapshot_istantoro_2022_mar_2026,2023,annual,2023,,NR047_BIAYA_MASIH_HARUS_DIBAYAR,BIAYA YANG MASIH HARUS DIBAYAR,kewajiban,87673782583.0,0.0
nr_2023_nr048_pinjaman_modal_kerja,snapshot_istantoro_2022_mar_2026,2023,annual,2023,,NR048_PINJAMAN_MODAL_KERJA,PINJAMAN MODAL KERJA,kewajiban,0.0,0.0
nr_2023_nr049_pinjaman_pemegang_saham,snapshot_istantoro_2022_mar_2026,2023,annual,2023,,NR049_PINJAMAN_PEMEGANG_SAHAM,PINJAMAN KE PEMEGANG SAHAM,kewajiban,0.0,0.0
nr_2023_nr050_kewajiban_lancar_lainnya,snapshot_istantoro_2022_mar_2026,2023,annual,2023,,NR050_KEWAJIBAN_LANCAR_LAINNYA,KEWAJIBAN LANCAR LAINNYA,kewajiban,1841037535.0,0.0
nr_2023_nr051_total_kewajiban_lancar,snapshot_istantoro_2022_mar_2026,2023,annual,2023,,NR051_TOTAL_KEWAJIBAN_LANCAR,TOTAL KEWAJIBAN LANCAR,kewajiban,184421667206.0,0.0
nr_2023_nr053_kewajiban_jangka_panjang,snapshot_istantoro_2022_mar_2026,2023,annual,2023,,NR053_KEWAJIBAN_JANGKA_PANJANG,KEWAJIBAN JANGKA PANJANG,kewajiban,175097818622.0,0.0
nr_2023_nr054_pinjaman_ki_bri,snapshot_istantoro_2022_mar_2026,2023,annual,2023,,NR054_PINJAMAN_KI_BANK,PINJAMAN KI DARI BANK,kewajiban,0.0,0.0
nr_2023_nr055_kewajiban_imbalan_pasca_kerja,snapshot_istantoro_2022_mar_2026,2023,annual,2023,,NR055_KEWAJIBAN_IMBALAN_PASCA_KERJA,KEWAJIBAN IMBALAN PASCA KERJA,kewajiban,182118575591.0,0.0
nr_2023_nr056_total_kewajiban_jangka_panjang,snapshot_istantoro_2022_mar_2026,2023,annual,2023,,NR056_TOTAL_KEWAJIBAN_JANGKA_PANJANG,TOTAL KEWAJIBAN JANGKA PANJANG,kewajiban,182720167348.0,0.0
nr_2023_nr057_ekuitas,snapshot_istantoro_2022_mar_2026,2023,annual,2023,,NR057_EKUITAS,EKUITAS,ekuitas,619627415711.0,0.0
nr_2023_nr058_cadangan_risiko_umum,snapshot_istantoro_2022_mar_2026,2023,annual,2023,,NR058_CADANGAN_RISIKO_UMUM,CADANGAN RISIKO UMUM,ekuitas,26009283578.0,0.0
nr_2023_nr059_modal_saham,snapshot_istantoro_2022_mar_2026,2023,annual,2023,,NR059_MODAL_SAHAM,MODAL SAHAM,ekuitas,9196863425.0,0.0
nr_2023_nr060_laba_ditahan,snapshot_istantoro_2022_mar_2026,2023,annual,2023,,NR060_LABA_DITAHAN,LABA DITAHAN,ekuitas,562919850719.0,0.0
nr_2023_nr061_laba_setelah_pajak,snapshot_istantoro_2022_mar_2026,2023,annual,2023,,NR061_LABA_SETELAH_PAJAK,LABA SETELAH PAJAK,ekuitas,0.0,0.0
nr_2023_nr062_total_ekuitas_sebelum_rl,snapshot_istantoro_2022_mar_2026,2023,annual,2023,,NR062_TOTAL_EKUITAS_SEBELUM_RL,TOTAL EKUITAS SBLM R/L BERJALAN,ekuitas,569437728263.0,0.0
nr_2023_nr063_rugi_laba_tahun_lalu,snapshot_istantoro_2022_mar_2026,2023,annual,2023,,NR063_RUGI_LABA_TAHUN_LALU,RUGI/LABA TAHUN LALU,ekuitas,0.0,0.0
nr_2023_nr064_bagian_laba_perusahaan_anak,snapshot_istantoro_2022_mar_2026,2023,annual,2023,,NR064_BAGIAN_LABA_PERUSAHAAN_ANAK,BAGIAN LABA PERUSAHAAN ANAK,ekuitas,29210154659.0,0.0
nr_2023_nr065_rugi_laba_tahun_berjalan,snapshot_istantoro_2022_mar_2026,2023,annual,2023,,NR065_RUGI_LABA_TAHUN_BERJALAN,RUGI/LABA TAHUN BERJALAN,ekuitas,0.0,0.0
nr_2023_nr066_total_pasiva,snapshot_istantoro_2022_mar_2026,2023,annual,2023,,NR066_TOTAL_PASIVA,TOTAL PASIVA,pasiva,976731915310.0,0.0
nr_2023_nr028_kendaraan_gross,snapshot_istantoro_2022_mar_2026,2023,annual,2023,,NR028_KENDARAAN_GROSS,KENDARAAN UNTUK DISEWAKAN (GROSS),aset,7795957890.0,0.0
nr_2023_1101,snapshot_istantoro_2022_mar_2026,2023,annual,2023,,1101,Kas dan Setara Kas,aset,437615345385.0,0.0
nr_2023_1102,snapshot_istantoro_2022_mar_2026,2023,annual,2023,,1102,Piutang Bersih,aset,263227157491.0,0.0
nr_2023_1103,snapshot_istantoro_2022_mar_2026,2023,annual,2023,,1103,Aset Lancar Lainnya,aset,32605273861.0,0.0
nr_2023_1104,snapshot_istantoro_2022_mar_2026,2023,annual,2023,,1104,Aset Tidak Lancar,aset,246686606249.0,0.0
nr_2023_1105,snapshot_istantoro_2022_mar_2026,2023,annual,2023,,1105,Jumlah Piutang,aset,286551193943.0,0.0
nr_2023_1106,snapshot_istantoro_2022_mar_2026,2023,annual,2023,,1106,Total Aset Lancar,aset,759555428464.0,0.0
nr_2023_2101,snapshot_istantoro_2022_mar_2026,2023,annual,2023,,2101,Kewajiban Lancar,kewajiban,177629338878.0,0.0
nr_2023_2102,snapshot_istantoro_2022_mar_2026,2023,annual,2023,,2102,Kewajiban Jangka Panjang,kewajiban,176217567281.0,0.0
nr_2023_3101,snapshot_istantoro_2022_mar_2026,2023,annual,2023,,3101,Ekuitas,ekuitas,606733450513.0,0.0
nr_2024_nr005_total_aset,snapshot_istantoro_2022_mar_2026,2024,annual,2024,,NR005_TOTAL_ASET,TOTAL ASET,aset,1044949578035.0,1091565797348.0
nr_2024_nr006_aset_lancar,snapshot_istantoro_2022_mar_2026,2024,annual,2024,,NR006_ASET_LANCAR,ASET LANCAR,aset,746655418136.0,818631250942.0
nr_2024_nr007_kas,snapshot_istantoro_2022_mar_2026,2024,annual,2024,,NR007_KAS,KAS,aset,498586817.0,487054041.0
nr_2024_nr008_bank,snapshot_istantoro_2022_mar_2026,2024,annual,2024,,NR008_BANK,BANK,aset,46503305359.0,108254015603.0
nr_2024_nr009_deposito,snapshot_istantoro_2022_mar_2026,2024,annual,2024,,NR009_DEPOSITO,DEPOSITO,aset,165439344223.0,129215352925.0
nr_2024_nr010_deposito_dijaminkan,snapshot_istantoro_2022_mar_2026,2024,annual,2024,,NR010_DEPOSITO_DIJAMINKAN,DEPOSITO YANG DI JAMINKAN,aset,175950018056.0,178623451373.0
nr_2024_nr011_persediaan_meterai,snapshot_istantoro_2022_mar_2026,2024,annual,2024,,NR011_PERSEDIAAN_METERAI,PERSEDIAAN METERAI,aset,5063576.0,67345657.0
nr_2024_nr012_surat_surat_berharga,snapshot_istantoro_2022_mar_2026,2024,annual,2024,,NR012_SURAT_SURAT_BERHARGA,SURAT SURAT BERHARGA,aset,0.0,0.0
nr_2024_nr013_piutang_captive,snapshot_istantoro_2022_mar_2026,2024,annual,2024,,NR013_PIUTANG_CAPTIVE,PIUTANG CAPTIVE,aset,11120531580.0,131150829479.0
nr_2024_nr014_piutang_non_captive,snapshot_istantoro_2022_mar_2026,2024,annual,2024,,NR014_PIUTANG_NON_CAPTIVE,PIUTANG NON CAPTIVE,aset,336922262825.0,213606552909.0
nr_2024_nr015_piutang_jasa_pendidikan,snapshot_istantoro_2022_mar_2026,2024,annual,2024,,NR015_PIUTANG_JASA_PENDIDIKAN,PIUTANG JASA PENDIDIKAN,aset,650317484.0,7530800701.0
nr_2024_nr016_jumlah_piutang,snapshot_istantoro_2022_mar_2026,2024,annual,2024,,NR016_JUMLAH_PIUTANG,JUMLAH PIUTANG,aset,341006878844.0,350225127033.0
nr_2024_nr017_penyisihan_piutang,snapshot_istantoro_2022_mar_2026,2024,annual,2024,,NR017_PENYISIHAN_PIUTANG,PENYISIHAN PENGHAPUSAN PIUTANG,aset,-23973658222.0,-26750404931.0
nr_2024_nr018_piutang_bersih,snapshot_istantoro_2022_mar_2026,2024,annual,2024,,NR018_PIUTANG_BERSIH,PIUTANG BERSIH,aset,314964761861.0,317695858251.0
nr_2024_nr019_piutang_lainnya,snapshot_istantoro_2022_mar_2026,2024,annual,2024,,NR019_PIUTANG_LAINNYA,PIUTANG LAINNYA,aset,39453526491.0,38812718285.0
nr_2024_nr020_piutang_inter_company,snapshot_istantoro_2022_mar_2026,2024,annual,2024,,NR020_PIUTANG_INTER_COMPANY,PIUTANG INTER COMPANY,aset,24505243.0,0.0
nr_2024_nr021_uang_muka,snapshot_istantoro_2022_mar_2026,2024,annual,2024,,NR021_UANG_MUKA,UANG MUKA,aset,2592401752.0,2167810984.0
nr_2024_nr022_pajak_dibayar_dimuka,snapshot_istantoro_2022_mar_2026,2024,annual,2024,,NR022_PAJAK_DIBAYAR_DIMUKA,PAJAK DIBAYAR DIMUKA,aset,885616069.0,53364948842.0
nr_2024_nr023_biaya_dibayar_dimuka,snapshot_istantoro_2022_mar_2026,2024,annual,2024,,NR023_BIAYA_DIBAYAR_DIMUKA,BIAYA DIBAYAR DIMUKA,aset,1415166795.0,2490736937.0
nr_2024_nr024_total_aktiva_lancar,snapshot_istantoro_2022_mar_2026,2024,annual,2024,,NR024_TOTAL_AKTIVA_LANCAR,TOTAL AKTIVA LANCAR,aset,749203768553.0,862804990635.0
nr_2024_nr025_aktiva_tidak_lancar,snapshot_istantoro_2022_mar_2026,2024,annual,2024,,NR025_AKTIVA_TIDAK_LANCAR,AKTIVA TIDAK LANCAR,aset,251411388741.0,236543463766.0
nr_2024_nr026_aset_lain_lain,snapshot_istantoro_2022_mar_2026,2024,annual,2024,,NR026_ASET_LAIN_LAIN,ASET LAIN-LAIN,aset,27911280884.0,14153841685.0
nr_2024_nr027_investasi_asosiasi,snapshot_istantoro_2022_mar_2026,2024,annual,2024,,NR027_INVESTASI_ASOSIASI,INVESTASI DALAM ENTITAS ASOSIASI,aset,31531978963.0,19325943321.0
nr_2024_nr028_kendaraan_disewakan,snapshot_istantoro_2022_mar_2026,2024,annual,2024,,NR028_KENDARAAN_DISEWAKAN,KENDARAAN UNTUK DISEWAKAN,aset,0.0,850220892.0
nr_2024_nr029_akumulasi_penyusutan_kendaraan,snapshot_istantoro_2022_mar_2026,2024,annual,2024,,NR029_AKUMULASI_PENYUSUTAN_KENDARAAN,AKUMULASI PENYUSUTAN,aset,-7499893783.0,-6691520134.0
nr_2024_nr030_nilai_buku_kendaraan,snapshot_istantoro_2022_mar_2026,2024,annual,2024,,NR030_NILAI_BUKU_KENDARAAN,NILAI BUKU,aset,0.0,847283447.0
nr_2024_nr031_aset_tetap,snapshot_istantoro_2022_mar_2026,2024,annual,2024,,NR031_ASET_TETAP,ASET TETAP,aset,193923001647.0,203359935086.0
nr_2024_nr032_harga_perolehan_aset_tetap,snapshot_istantoro_2022_mar_2026,2024,annual,2024,,NR032_HARGA_PEROLEHAN_ASET_TETAP,HARGA PEROLEHAN AKTIVA TETAP,aset,255629230590.0,270629060690.0
nr_2024_nr033_akumulasi_penyusutan_aset_tetap,snapshot_istantoro_2022_mar_2026,2024,annual,2024,,NR033_AKUMULASI_PENYUSUTAN_ASET_TETAP,AKUMULASI PENYUSUTAN,aset,-64107188342.0,-65279136211.0
nr_2024_nr034_nilai_buku_aset_tetap,snapshot_istantoro_2022_mar_2026,2024,annual,2024,,NR034_NILAI_BUKU_ASET_TETAP,NILAI BUKU,aset,189639332855.0,201630820953.0
nr_2024_nr035_aktiva_lain_lain,snapshot_istantoro_2022_mar_2026,2024,annual,2024,,NR035_AKTIVA_LAIN_LAIN,AKTIVA LAIN-LAIN,aset,3695751794.0,125199883.0
nr_2024_nr036_aset_piutang_lain,snapshot_istantoro_2022_mar_2026,2024,annual,2024,,NR036_ASET_PIUTANG_LAIN,ASET PIUTANG LAIN,aset,0.0,0.0
nr_2024_nr037_aset_dalam_penyelesaian,snapshot_istantoro_2022_mar_2026,2024,annual,2024,,NR037_ASET_DALAM_PENYELESAIAN,ASET DALAM PENYELESAIAN,aset,3747063482.0,0.0
nr_2024_nr038_renovasi_bangunan,snapshot_istantoro_2022_mar_2026,2024,annual,2024,,NR038_RENOVASI_BANGUNAN,RENOVASI BANGUNAN YANG DISEWA,aset,0.0,0.0
nr_2024_nr039_uang_jaminan_proyek,snapshot_istantoro_2022_mar_2026,2024,annual,2024,,NR039_UANG_JAMINAN_PROYEK,UANG JAMINAN PROYEK,aset,107361609.0,107256152.0
nr_2024_nr040_jaminan_bank_garansi,snapshot_istantoro_2022_mar_2026,2024,annual,2024,,NR040_JAMINAN_BANK_GARANSI,JAMINAN BANK GARANSI,aset,21170236.0,21513238.0
nr_2024_nr041_total_aktiva,snapshot_istantoro_2022_mar_2026,2024,annual,2024,,NR041_TOTAL_AKTIVA,TOTAL AKTIVA,aset,997164257436.0,1056985052161.0
nr_2024_nr042_total_pasiva_section,snapshot_istantoro_2022_mar_2026,2024,annual,2024,,NR042_TOTAL_PASIVA_SECTION,TOTAL PASIVA,pasiva,974739123501.0,1095292763794.0
nr_2024_nr043_kewajiban_lancar,snapshot_istantoro_2022_mar_2026,2024,annual,2024,,NR043_KEWAJIBAN_LANCAR,KEWAJIBAN LANCAR,kewajiban,152901884411.0,203360392057.0
nr_2024_nr044_hutang_pajak,snapshot_istantoro_2022_mar_2026,2024,annual,2024,,NR044_HUTANG_PAJAK,HUTANG PAJAK,kewajiban,42296572695.0,52779902960.0
nr_2024_nr045_bpjs_dplk,snapshot_istantoro_2022_mar_2026,2024,annual,2024,,NR045_BPJS_DPLK,BY YMH DIBAYAR BPJS DAN DPLK,kewajiban,3210710962.0,15381300629.0
nr_2024_nr046_hutang_dividen,snapshot_istantoro_2022_mar_2026,2024,annual,2024,,NR046_HUTANG_DIVIDEN,HUTANG DIVIDEN,kewajiban,0.0,0.0
nr_2024_nr047_biaya_masih_harus_dibayar,snapshot_istantoro_2022_mar_2026,2024,annual,2024,,NR047_BIAYA_MASIH_HARUS_DIBAYAR,BIAYA YANG MASIH HARUS DIBAYAR,kewajiban,69107258370.0,82026309269.0
nr_2024_nr048_pinjaman_modal_kerja,snapshot_istantoro_2022_mar_2026,2024,annual,2024,,NR048_PINJAMAN_MODAL_KERJA,PINJAMAN MODAL KERJA,kewajiban,0.0,0.0
nr_2024_nr049_pinjaman_pemegang_saham,snapshot_istantoro_2022_mar_2026,2024,annual,2024,,NR049_PINJAMAN_PEMEGANG_SAHAM,PINJAMAN KE PEMEGANG SAHAM,kewajiban,0.0,0.0
nr_2024_nr050_kewajiban_lancar_lainnya,snapshot_istantoro_2022_mar_2026,2024,annual,2024,,NR050_KEWAJIBAN_LANCAR_LAINNYA,KEWAJIBAN LANCAR LAINNYA,kewajiban,41843734221.0,50937539794.0
nr_2024_nr051_total_kewajiban_lancar,snapshot_istantoro_2022_mar_2026,2024,annual,2024,,NR051_TOTAL_KEWAJIBAN_LANCAR,TOTAL KEWAJIBAN LANCAR,kewajiban,150948524023.0,197063534557.0
nr_2024_nr053_kewajiban_jangka_panjang,snapshot_istantoro_2022_mar_2026,2024,annual,2024,,NR053_KEWAJIBAN_JANGKA_PANJANG,KEWAJIBAN JANGKA PANJANG,kewajiban,184340456866.0,196897558137.0
nr_2024_nr054_pinjaman_ki_bri,snapshot_istantoro_2022_mar_2026,2024,annual,2024,,NR054_PINJAMAN_KI_BANK,PINJAMAN KI DARI BANK,kewajiban,0.0,0.0
nr_2024_nr055_kewajiban_imbalan_pasca_kerja,snapshot_istantoro_2022_mar_2026,2024,annual,2024,,NR055_KEWAJIBAN_IMBALAN_PASCA_KERJA,KEWAJIBAN IMBALAN PASCA KERJA,kewajiban,181744524778.0,200539037999.0
nr_2024_nr056_total_kewajiban_jangka_panjang,snapshot_istantoro_2022_mar_2026,2024,annual,2024,,NR056_TOTAL_KEWAJIBAN_JANGKA_PANJANG,TOTAL KEWAJIBAN JANGKA PANJANG,kewajiban,181318524512.0,196184839540.0
nr_2024_nr057_ekuitas,snapshot_istantoro_2022_mar_2026,2024,annual,2024,,NR057_EKUITAS,EKUITAS,ekuitas,656786174056.0,679202656473.0
nr_2024_nr058_cadangan_risiko_umum,snapshot_istantoro_2022_mar_2026,2024,annual,2024,,NR058_CADANGAN_RISIKO_UMUM,CADANGAN RISIKO UMUM,ekuitas,26628855912.0,26034824419.0
nr_2024_nr059_modal_saham,snapshot_istantoro_2022_mar_2026,2024,annual,2024,,NR059_MODAL_SAHAM,MODAL SAHAM,ekuitas,9050831713.0,9341743036.0
nr_2024_nr060_laba_ditahan,snapshot_istantoro_2022_mar_2026,2024,annual,2024,,NR060_LABA_DITAHAN,LABA DITAHAN,ekuitas,410341351279.0,418647015705.0
nr_2024_nr061_laba_setelah_pajak,snapshot_istantoro_2022_mar_2026,2024,annual,2024,,NR061_LABA_SETELAH_PAJAK,LABA SETELAH PAJAK,ekuitas,0.0,0.0
nr_2024_nr062_total_ekuitas_sebelum_rl,snapshot_istantoro_2022_mar_2026,2024,annual,2024,,NR062_TOTAL_EKUITAS_SEBELUM_RL,TOTAL EKUITAS SBLM R/L BERJALAN,ekuitas,454760108476.0,473060385736.0
nr_2024_nr063_rugi_laba_tahun_lalu,snapshot_istantoro_2022_mar_2026,2024,annual,2024,,NR063_RUGI_LABA_TAHUN_LALU,RUGI/LABA TAHUN LALU,ekuitas,0.0,0.0
nr_2024_nr064_bagian_laba_perusahaan_anak,snapshot_istantoro_2022_mar_2026,2024,annual,2024,,NR064_BAGIAN_LABA_PERUSAHAAN_ANAK,BAGIAN LABA PERUSAHAAN ANAK,ekuitas,45045429599.0,12107922450.0
nr_2024_nr065_rugi_laba_tahun_berjalan,snapshot_istantoro_2022_mar_2026,2024,annual,2024,,NR065_RUGI_LABA_TAHUN_BERJALAN,RUGI/LABA TAHUN BERJALAN,ekuitas,165138327625.0,212161200226.0
nr_2024_nr066_total_pasiva,snapshot_istantoro_2022_mar_2026,2024,annual,2024,,NR066_TOTAL_PASIVA,TOTAL PASIVA,pasiva,1020223853685.0,1052523917016.0
nr_2024_nr028_kendaraan_gross,snapshot_istantoro_2022_mar_2026,2024,annual,2024,,NR028_KENDARAAN_GROSS,KENDARAAN UNTUK DISEWAKAN (GROSS),aset,7728020208.0,7683380169.0
nr_2024_1101,snapshot_istantoro_2022_mar_2026,2024,annual,2024,,1101,Kas dan Setara Kas,aset,405332564719.0,410496935165.0
nr_2024_1102,snapshot_istantoro_2022_mar_2026,2024,annual,2024,,1102,Piutang Bersih,aset,315863823172.0,314686402149.0
nr_2024_1103,snapshot_istantoro_2022_mar_2026,2024,annual,2024,,1103,Aset Lancar Lainnya,aset,43027140547.0,97676825838.0
nr_2024_1104,snapshot_istantoro_2022_mar_2026,2024,annual,2024,,1104,Aset Tidak Lancar,aset,246381088506.0,236636411560.0
nr_2024_1105,snapshot_istantoro_2022_mar_2026,2024,annual,2024,,1105,Jumlah Piutang,aset,354519550260.0,351701102342.0
nr_2024_1106,snapshot_istantoro_2022_mar_2026,2024,annual,2024,,1106,Total Aset Lancar,aset,763415407578.0,819700859773.0
nr_2024_2101,snapshot_istantoro_2022_mar_2026,2024,annual,2024,,2101,Kewajiban Lancar,kewajiban,159377403794.0,196792450130.0
nr_2024_2102,snapshot_istantoro_2022_mar_2026,2024,annual,2024,,2102,Kewajiban Jangka Panjang,kewajiban,174051289374.0,192586268844.0
nr_2024_3101,snapshot_istantoro_2022_mar_2026,2024,annual,2024,,3101,Ekuitas,ekuitas,671542989574.0,704411891027.0
nr_2025_nr005_total_aset,snapshot_istantoro_2022_mar_2026,2025,annual,2025,,NR005_TOTAL_ASET,TOTAL ASET,aset,892068009796.0,1191935450031.0
nr_2025_nr006_aset_lancar,snapshot_istantoro_2022_mar_2026,2025,annual,2025,,NR006_ASET_LANCAR,ASET LANCAR,aset,692020207398.0,916284485436.0
nr_2025_nr007_kas,snapshot_istantoro_2022_mar_2026,2025,annual,2025,,NR007_KAS,KAS,aset,257067111.0,1213266001.0
nr_2025_nr008_bank,snapshot_istantoro_2022_mar_2026,2025,annual,2025,,NR008_BANK,BANK,aset,97360342083.0,73657786195.0
nr_2025_nr009_deposito,snapshot_istantoro_2022_mar_2026,2025,annual,2025,,NR009_DEPOSITO,DEPOSITO,aset,34082212439.0,206893285443.0
nr_2025_nr010_deposito_dijaminkan,snapshot_istantoro_2022_mar_2026,2025,annual,2025,,NR010_DEPOSITO_DIJAMINKAN,DEPOSITO YANG DI JAMINKAN,aset,225247532179.0,179684112696.0
nr_2025_nr011_persediaan_meterai,snapshot_istantoro_2022_mar_2026,2025,annual,2025,,NR011_PERSEDIAAN_METERAI,PERSEDIAAN METERAI,aset,6345623.0,2669739.0
nr_2025_nr012_surat_surat_berharga,snapshot_istantoro_2022_mar_2026,2025,annual,2025,,NR012_SURAT_SURAT_BERHARGA,SURAT SURAT BERHARGA,aset,0.0,0.0
nr_2025_nr013_piutang_captive,snapshot_istantoro_2022_mar_2026,2025,annual,2025,,NR013_PIUTANG_CAPTIVE,PIUTANG CAPTIVE,aset,17752544788.0,21039838912.0
nr_2025_nr014_piutang_non_captive,snapshot_istantoro_2022_mar_2026,2025,annual,2025,,NR014_PIUTANG_NON_CAPTIVE,PIUTANG NON CAPTIVE,aset,276366815463.0,326412987712.0
nr_2025_nr015_piutang_jasa_pendidikan,snapshot_istantoro_2022_mar_2026,2025,annual,2025,,NR015_PIUTANG_JASA_PENDIDIKAN,PIUTANG JASA PENDIDIKAN,aset,2085985899.0,2793912499.0
nr_2025_nr016_jumlah_piutang,snapshot_istantoro_2022_mar_2026,2025,annual,2025,,NR016_JUMLAH_PIUTANG,JUMLAH PIUTANG,aset,299577168617.0,360379326358.0
nr_2025_nr017_penyisihan_piutang,snapshot_istantoro_2022_mar_2026,2025,annual,2025,,NR017_PENYISIHAN_PIUTANG,PENYISIHAN PENGHAPUSAN PIUTANG,aset,-31883884880.0,-13527471069.0
nr_2025_nr018_piutang_bersih,snapshot_istantoro_2022_mar_2026,2025,annual,2025,,NR018_PIUTANG_BERSIH,PIUTANG BERSIH,aset,272997419624.0,336782360769.0
nr_2025_nr019_piutang_lainnya,snapshot_istantoro_2022_mar_2026,2025,annual,2025,,NR019_PIUTANG_LAINNYA,PIUTANG LAINNYA,aset,179959701.0,24981108812.0
nr_2025_nr020_piutang_inter_company,snapshot_istantoro_2022_mar_2026,2025,annual,2025,,NR020_PIUTANG_INTER_COMPANY,PIUTANG INTER COMPANY,aset,80380280.0,0.0
nr_2025_nr021_uang_muka,snapshot_istantoro_2022_mar_2026,2025,annual,2025,,NR021_UANG_MUKA,UANG MUKA,aset,2110700277.0,2437604797.0
nr_2025_nr022_pajak_dibayar_dimuka,snapshot_istantoro_2022_mar_2026,2025,annual,2025,,NR022_PAJAK_DIBAYAR_DIMUKA,PAJAK DIBAYAR DIMUKA,aset,55820924307.0,68566785065.0
nr_2025_nr023_biaya_dibayar_dimuka,snapshot_istantoro_2022_mar_2026,2025,annual,2025,,NR023_BIAYA_DIBAYAR_DIMUKA,BIAYA DIBAYAR DIMUKA,aset,1978950173.0,4565396808.0
nr_2025_nr024_total_aktiva_lancar,snapshot_istantoro_2022_mar_2026,2025,annual,2025,,NR024_TOTAL_AKTIVA_LANCAR,TOTAL AKTIVA LANCAR,aset,697238591440.0,882477954800.0
nr_2025_nr025_aktiva_tidak_lancar,snapshot_istantoro_2022_mar_2026,2025,annual,2025,,NR025_AKTIVA_TIDAK_LANCAR,AKTIVA TIDAK LANCAR,aset,235052681983.0,284703161883.0
nr_2025_nr026_aset_lain_lain,snapshot_istantoro_2022_mar_2026,2025,annual,2025,,NR026_ASET_LAIN_LAIN,ASET LAIN-LAIN,aset,26662530276.0,25140750612.0
nr_2025_nr027_investasi_asosiasi,snapshot_istantoro_2022_mar_2026,2025,annual,2025,,NR027_INVESTASI_ASOSIASI,INVESTASI DALAM ENTITAS ASOSIASI,aset,23368878182.0,28941641595.0
nr_2025_nr028_kendaraan_disewakan,snapshot_istantoro_2022_mar_2026,2025,annual,2025,,NR028_KENDARAAN_DISEWAKAN,KENDARAAN UNTUK DISEWAKAN,aset,0.0,1233917599.0
nr_2025_nr029_akumulasi_penyusutan_kendaraan,snapshot_istantoro_2022_mar_2026,2025,annual,2025,,NR029_AKUMULASI_PENYUSUTAN_KENDARAAN,AKUMULASI PENYUSUTAN,aset,-5858741334.0,-6283096326.0
nr_2025_nr030_nilai_buku_kendaraan,snapshot_istantoro_2022_mar_2026,2025,annual,2025,,NR030_NILAI_BUKU_KENDARAAN,NILAI BUKU,aset,0.0,1256759232.0
nr_2025_nr031_aset_tetap,snapshot_istantoro_2022_mar_2026,2025,annual,2025,,NR031_ASET_TETAP,ASET TETAP,aset,177069398730.0,224777225733.0
nr_2025_nr032_harga_perolehan_aset_tetap,snapshot_istantoro_2022_mar_2026,2025,annual,2025,,NR032_HARGA_PEROLEHAN_ASET_TETAP,HARGA PEROLEHAN AKTIVA TETAP,aset,258672706891.0,284094386989.0
nr_2025_nr033_akumulasi_penyusutan_aset_tetap,snapshot_istantoro_2022_mar_2026,2025,annual,2025,,NR033_AKUMULASI_PENYUSUTAN_ASET_TETAP,AKUMULASI PENYUSUTAN,aset,-71763071369.0,-71542348230.0
nr_2025_nr034_nilai_buku_aset_tetap,snapshot_istantoro_2022_mar_2026,2025,annual,2025,,NR034_NILAI_BUKU_ASET_TETAP,NILAI BUKU,aset,190724506836.0,217609429308.0
nr_2025_nr035_aktiva_lain_lain,snapshot_istantoro_2022_mar_2026,2025,annual,2025,,NR035_AKTIVA_LAIN_LAIN,AKTIVA LAIN-LAIN,aset,6084798755.0,7471545539.0
nr_2025_nr036_aset_piutang_lain,snapshot_istantoro_2022_mar_2026,2025,annual,2025,,NR036_ASET_PIUTANG_LAIN,ASET PIUTANG LAIN,aset,0.0,0.0
nr_2025_nr037_aset_dalam_penyelesaian,snapshot_istantoro_2022_mar_2026,2025,annual,2025,,NR037_ASET_DALAM_PENYELESAIAN,ASET DALAM PENYELESAIAN,aset,5818825011.0,7258474246.0
nr_2025_nr038_renovasi_bangunan,snapshot_istantoro_2022_mar_2026,2025,annual,2025,,NR038_RENOVASI_BANGUNAN,RENOVASI BANGUNAN YANG DISEWA,aset,0.0,0.0
nr_2025_nr039_uang_jaminan_proyek,snapshot_istantoro_2022_mar_2026,2025,annual,2025,,NR039_UANG_JAMINAN_PROYEK,UANG JAMINAN PROYEK,aset,107537921.0,109372828.0
nr_2025_nr040_jaminan_bank_garansi,snapshot_istantoro_2022_mar_2026,2025,annual,2025,,NR040_JAMINAN_BANK_GARANSI,JAMINAN BANK GARANSI,aset,20296295.0,21074376.0
nr_2025_nr041_total_aktiva,snapshot_istantoro_2022_mar_2026,2025,annual,2025,,NR041_TOTAL_AKTIVA,TOTAL AKTIVA,aset,907565892801.0,1190671081097.0
nr_2025_nr042_total_pasiva_section,snapshot_istantoro_2022_mar_2026,2025,annual,2025,,NR042_TOTAL_PASIVA_SECTION,TOTAL PASIVA,pasiva,923347644738.0,1173666509293.0
nr_2025_nr043_kewajiban_lancar,snapshot_istantoro_2022_mar_2026,2025,annual,2025,,NR043_KEWAJIBAN_LANCAR,KEWAJIBAN LANCAR,kewajiban,101240102822.0,195625016664.0
nr_2025_nr044_hutang_pajak,snapshot_istantoro_2022_mar_2026,2025,annual,2025,,NR044_HUTANG_PAJAK,HUTANG PAJAK,kewajiban,4197414194.0,44578377823.0
nr_2025_nr045_bpjs_dplk,snapshot_istantoro_2022_mar_2026,2025,annual,2025,,NR045_BPJS_DPLK,BY YMH DIBAYAR BPJS DAN DPLK,kewajiban,1655875223.0,16207893495.0
nr_2025_nr046_hutang_dividen,snapshot_istantoro_2022_mar_2026,2025,annual,2025,,NR046_HUTANG_DIVIDEN,HUTANG DIVIDEN,kewajiban,0.0,0.0
nr_2025_nr047_biaya_masih_harus_dibayar,snapshot_istantoro_2022_mar_2026,2025,annual,2025,,NR047_BIAYA_MASIH_HARUS_DIBAYAR,BIAYA YANG MASIH HARUS DIBAYAR,kewajiban,52958782032.0,68527370448.0
nr_2025_nr048_pinjaman_modal_kerja,snapshot_istantoro_2022_mar_2026,2025,annual,2025,,NR048_PINJAMAN_MODAL_KERJA,PINJAMAN MODAL KERJA,kewajiban,0.0,0.0
nr_2025_nr049_pinjaman_pemegang_saham,snapshot_istantoro_2022_mar_2026,2025,annual,2025,,NR049_PINJAMAN_PEMEGANG_SAHAM,PINJAMAN KE PEMEGANG SAHAM,kewajiban,0.0,0.0
nr_2025_nr050_kewajiban_lancar_lainnya,snapshot_istantoro_2022_mar_2026,2025,annual,2025,,NR050_KEWAJIBAN_LANCAR_LAINNYA,KEWAJIBAN LANCAR LAINNYA,kewajiban,40709152918.0,68691028608.0
nr_2025_nr051_total_kewajiban_lancar,snapshot_istantoro_2022_mar_2026,2025,annual,2025,,NR051_TOTAL_KEWAJIBAN_LANCAR,TOTAL KEWAJIBAN LANCAR,kewajiban,96908135226.0,198120730442.0
nr_2025_nr053_kewajiban_jangka_panjang,snapshot_istantoro_2022_mar_2026,2025,annual,2025,,NR053_KEWAJIBAN_JANGKA_PANJANG,KEWAJIBAN JANGKA PANJANG,kewajiban,98270697018.0,181178695953.0
nr_2025_nr054_pinjaman_ki_bri,snapshot_istantoro_2022_mar_2026,2025,annual,2025,,NR054_PINJAMAN_KI_BANK,PINJAMAN KI DARI BANK,kewajiban,0.0,0.0
nr_2025_nr055_kewajiban_imbalan_pasca_kerja,snapshot_istantoro_2022_mar_2026,2025,annual,2025,,NR055_KEWAJIBAN_IMBALAN_PASCA_KERJA,KEWAJIBAN IMBALAN PASCA KERJA,kewajiban,100934505587.0,181762170388.0
nr_2025_nr056_total_kewajiban_jangka_panjang,snapshot_istantoro_2022_mar_2026,2025,annual,2025,,NR056_TOTAL_KEWAJIBAN_JANGKA_PANJANG,TOTAL KEWAJIBAN JANGKA PANJANG,kewajiban,100485174747.0,180653526708.0
nr_2025_nr057_ekuitas,snapshot_istantoro_2022_mar_2026,2025,annual,2025,,NR057_EKUITAS,EKUITAS,ekuitas,755719126373.0,786731655824.0
nr_2025_nr058_cadangan_risiko_umum,snapshot_istantoro_2022_mar_2026,2025,annual,2025,,NR058_CADANGAN_RISIKO_UMUM,CADANGAN RISIKO UMUM,ekuitas,19799310414.0,29604663472.0
nr_2025_nr059_modal_saham,snapshot_istantoro_2022_mar_2026,2025,annual,2025,,NR059_MODAL_SAHAM,MODAL SAHAM,ekuitas,9296253186.0,9388940196.0
nr_2025_nr060_laba_ditahan,snapshot_istantoro_2022_mar_2026,2025,annual,2025,,NR060_LABA_DITAHAN,LABA DITAHAN,ekuitas,439977196509.0,457117271107.0
nr_2025_nr061_laba_setelah_pajak,snapshot_istantoro_2022_mar_2026,2025,annual,2025,,NR061_LABA_SETELAH_PAJAK,LABA SETELAH PAJAK,ekuitas,0.0,0.0
nr_2025_nr062_total_ekuitas_sebelum_rl,snapshot_istantoro_2022_mar_2026,2025,annual,2025,,NR062_TOTAL_EKUITAS_SEBELUM_RL,TOTAL EKUITAS SBLM R/L BERJALAN,ekuitas,473255925708.0,485550542511.0
nr_2025_nr063_rugi_laba_tahun_lalu,snapshot_istantoro_2022_mar_2026,2025,annual,2025,,NR063_RUGI_LABA_TAHUN_LALU,RUGI/LABA TAHUN LALU,ekuitas,0.0,0.0
nr_2025_nr064_bagian_laba_perusahaan_anak,snapshot_istantoro_2022_mar_2026,2025,annual,2025,,NR064_BAGIAN_LABA_PERUSAHAAN_ANAK,BAGIAN LABA PERUSAHAAN ANAK,ekuitas,47137689230.0,45852703659.0
nr_2025_nr065_rugi_laba_tahun_berjalan,snapshot_istantoro_2022_mar_2026,2025,annual,2025,,NR065_RUGI_LABA_TAHUN_BERJALAN,RUGI/LABA TAHUN BERJALAN,ekuitas,208865256709.0,263291165455.0
nr_2025_nr066_total_pasiva,snapshot_istantoro_2022_mar_2026,2025,annual,2025,,NR066_TOTAL_PASIVA,TOTAL PASIVA,pasiva,954682144635.0,1166940862133.0
nr_2025_nr028_kendaraan_gross,snapshot_istantoro_2022_mar_2026,2025,annual,2025,,NR028_KENDARAAN_GROSS,KENDARAAN UNTUK DISEWAKAN (GROSS),aset,5855940269.0,7417282102.0
nr_2025_1101,snapshot_istantoro_2022_mar_2026,2025,annual,2025,,1101,Kas dan Setara Kas,aset,364643188892.0,470835507171.0
nr_2025_1102,snapshot_istantoro_2022_mar_2026,2025,annual,2025,,1102,Piutang Bersih,aset,264324441596.0,339876577895.0
nr_2025_1103,snapshot_istantoro_2022_mar_2026,2025,annual,2025,,1103,Aset Lancar Lainnya,aset,62038002084.0,98686029906.0
nr_2025_1104,snapshot_istantoro_2022_mar_2026,2025,annual,2025,,1104,Aset Tidak Lancar,aset,234875624533.0,277761535630.0
nr_2025_1105,snapshot_istantoro_2022_mar_2026,2025,annual,2025,,1105,Jumlah Piutang,aset,301396686941.0,351551314024.0
nr_2025_1106,snapshot_istantoro_2022_mar_2026,2025,annual,2025,,1106,Total Aset Lancar,aset,688874178110.0,913665475273.0
nr_2025_2101,snapshot_istantoro_2022_mar_2026,2025,annual,2025,,2101,Kewajiban Lancar,kewajiban,103742835696.0,194348662601.0
nr_2025_2102,snapshot_istantoro_2022_mar_2026,2025,annual,2025,,2102,Kewajiban Jangka Panjang,kewajiban,95374236560.0,178102254178.0
nr_2025_3101,snapshot_istantoro_2022_mar_2026,2025,annual,2025,,3101,Ekuitas,ekuitas,718580087999.0,813047636798.0
nr_2025_01_nr005_total_aset,snapshot_istantoro_2022_mar_2026,2025-01,monthly,2025,1.0,NR005_TOTAL_ASET,TOTAL ASET,aset,1076885022935.0,1176153277236.0
nr_2025_01_nr006_aset_lancar,snapshot_istantoro_2022_mar_2026,2025-01,monthly,2025,1.0,NR006_ASET_LANCAR,ASET LANCAR,aset,806150219378.0,917399577655.0
nr_2025_01_nr007_kas,snapshot_istantoro_2022_mar_2026,2025-01,monthly,2025,1.0,NR007_KAS,KAS,aset,641360151.0,1230333919.0
nr_2025_01_nr008_bank,snapshot_istantoro_2022_mar_2026,2025-01,monthly,2025,1.0,NR008_BANK,BANK,aset,37686631084.0,74388331537.0
nr_2025_01_nr009_deposito,snapshot_istantoro_2022_mar_2026,2025-01,monthly,2025,1.0,NR009_DEPOSITO,DEPOSITO,aset,101248621914.0,202970342534.0
nr_2025_01_nr010_deposito_dijaminkan,snapshot_istantoro_2022_mar_2026,2025-01,monthly,2025,1.0,NR010_DEPOSITO_DIJAMINKAN,DEPOSITO YANG DI JAMINKAN,aset,188067471386.0,177827684955.0
nr_2025_01_nr011_persediaan_meterai,snapshot_istantoro_2022_mar_2026,2025-01,monthly,2025,1.0,NR011_PERSEDIAAN_METERAI,PERSEDIAAN METERAI,aset,7807523.0,2687859.0
nr_2025_01_nr012_surat_surat_berharga,snapshot_istantoro_2022_mar_2026,2025-01,monthly,2025,1.0,NR012_SURAT_SURAT_BERHARGA,SURAT SURAT BERHARGA,aset,0.0,0.0
nr_2025_01_nr013_piutang_captive,snapshot_istantoro_2022_mar_2026,2025-01,monthly,2025,1.0,NR013_PIUTANG_CAPTIVE,PIUTANG CAPTIVE,aset,19682535856.0,20773701584.0
nr_2025_01_nr014_piutang_non_captive,snapshot_istantoro_2022_mar_2026,2025-01,monthly,2025,1.0,NR014_PIUTANG_NON_CAPTIVE,PIUTANG NON CAPTIVE,aset,417306550349.0,331315347881.0
nr_2025_01_nr015_piutang_jasa_pendidikan,snapshot_istantoro_2022_mar_2026,2025-01,monthly,2025,1.0,NR015_PIUTANG_JASA_PENDIDIKAN,PIUTANG JASA PENDIDIKAN,aset,2459623113.0,2759969016.0
nr_2025_01_nr016_jumlah_piutang,snapshot_istantoro_2022_mar_2026,2025-01,monthly,2025,1.0,NR016_JUMLAH_PIUTANG,JUMLAH PIUTANG,aset,408780562688.0,367601810816.0
nr_2025_01_nr017_penyisihan_piutang,snapshot_istantoro_2022_mar_2026,2025-01,monthly,2025,1.0,NR017_PENYISIHAN_PIUTANG,PENYISIHAN PENGHAPUSAN PIUTANG,aset,-12452919705.0,-14120304656.0
nr_2025_01_nr018_piutang_bersih,snapshot_istantoro_2022_mar_2026,2025-01,monthly,2025,1.0,NR018_PIUTANG_BERSIH,PIUTANG BERSIH,aset,408959869877.0,348116609249.0
nr_2025_01_nr019_piutang_lainnya,snapshot_istantoro_2022_mar_2026,2025-01,monthly,2025,1.0,NR019_PIUTANG_LAINNYA,PIUTANG LAINNYA,aset,9745588121.0,25351648938.0
nr_2025_01_nr020_piutang_inter_company,snapshot_istantoro_2022_mar_2026,2025-01,monthly,2025,1.0,NR020_PIUTANG_INTER_COMPANY,PIUTANG INTER COMPANY,aset,54370669.0,0.0
nr_2025_01_nr021_uang_muka,snapshot_istantoro_2022_mar_2026,2025-01,monthly,2025,1.0,NR021_UANG_MUKA,UANG MUKA,aset,9213419698.0,2341906662.0
nr_2025_01_nr022_pajak_dibayar_dimuka,snapshot_istantoro_2022_mar_2026,2025-01,monthly,2025,1.0,NR022_PAJAK_DIBAYAR_DIMUKA,PAJAK DIBAYAR DIMUKA,aset,57609889093.0,66821649917.0
nr_2025_01_nr023_biaya_dibayar_dimuka,snapshot_istantoro_2022_mar_2026,2025-01,monthly,2025,1.0,NR023_BIAYA_DIBAYAR_DIMUKA,BIAYA DIBAYAR DIMUKA,aset,1283040545.0,4629234857.0
nr_2025_01_nr024_total_aktiva_lancar,snapshot_istantoro_2022_mar_2026,2025-01,monthly,2025,1.0,NR024_TOTAL_AKTIVA_LANCAR,TOTAL AKTIVA LANCAR,aset,827311548806.0,898878820971.0
nr_2025_01_nr025_aktiva_tidak_lancar,snapshot_istantoro_2022_mar_2026,2025-01,monthly,2025,1.0,NR025_AKTIVA_TIDAK_LANCAR,AKTIVA TIDAK LANCAR,aset,242372503467.0,288472780316.0
nr_2025_01_nr026_aset_lain_lain,snapshot_istantoro_2022_mar_2026,2025-01,monthly,2025,1.0,NR026_ASET_LAIN_LAIN,ASET LAIN-LAIN,aset,28421937181.0,24834190329.0
nr_2025_01_nr027_investasi_asosiasi,snapshot_istantoro_2022_mar_2026,2025-01,monthly,2025,1.0,NR027_INVESTASI_ASOSIASI,INVESTASI DALAM ENTITAS ASOSIASI,aset,14779246600.0,28887369103.0
nr_2025_01_nr028_kendaraan_disewakan,snapshot_istantoro_2022_mar_2026,2025-01,monthly,2025,1.0,NR028_KENDARAAN_DISEWAKAN,KENDARAAN UNTUK DISEWAKAN,aset,0.0,1235404774.0
nr_2025_01_nr029_akumulasi_penyusutan_kendaraan,snapshot_istantoro_2022_mar_2026,2025-01,monthly,2025,1.0,NR029_AKUMULASI_PENYUSUTAN_KENDARAAN,AKUMULASI PENYUSUTAN,aset,-7803572373.0,-6520793090.0
nr_2025_01_nr030_nilai_buku_kendaraan,snapshot_istantoro_2022_mar_2026,2025-01,monthly,2025,1.0,NR030_NILAI_BUKU_KENDARAAN,NILAI BUKU,aset,0.0,1255354177.0
nr_2025_01_nr031_aset_tetap,snapshot_istantoro_2022_mar_2026,2025-01,monthly,2025,1.0,NR031_ASET_TETAP,ASET TETAP,aset,188478449628.0,220101300479.0
nr_2025_01_nr032_harga_perolehan_aset_tetap,snapshot_istantoro_2022_mar_2026,2025-01,monthly,2025,1.0,NR032_HARGA_PEROLEHAN_ASET_TETAP,HARGA PEROLEHAN AKTIVA TETAP,aset,252664942561.0,286848480138.0
nr_2025_01_nr033_akumulasi_penyusutan_aset_tetap,snapshot_istantoro_2022_mar_2026,2025-01,monthly,2025,1.0,NR033_AKUMULASI_PENYUSUTAN_ASET_TETAP,AKUMULASI PENYUSUTAN,aset,-62083741615.0,-72484597363.0
nr_2025_01_nr034_nilai_buku_aset_tetap,snapshot_istantoro_2022_mar_2026,2025-01,monthly,2025,1.0,NR034_NILAI_BUKU_ASET_TETAP,NILAI BUKU,aset,181936736962.0,212548909731.0
nr_2025_01_nr035_aktiva_lain_lain,snapshot_istantoro_2022_mar_2026,2025-01,monthly,2025,1.0,NR035_AKTIVA_LAIN_LAIN,AKTIVA LAIN-LAIN,aset,4230667776.0,7662280374.0
nr_2025_01_nr036_aset_piutang_lain,snapshot_istantoro_2022_mar_2026,2025-01,monthly,2025,1.0,NR036_ASET_PIUTANG_LAIN,ASET PIUTANG LAIN,aset,0.0,0.0
nr_2025_01_nr037_aset_dalam_penyelesaian,snapshot_istantoro_2022_mar_2026,2025-01,monthly,2025,1.0,NR037_ASET_DALAM_PENYELESAIAN,ASET DALAM PENYELESAIAN,aset,4016651099.0,7372784076.0
nr_2025_01_nr038_renovasi_bangunan,snapshot_istantoro_2022_mar_2026,2025-01,monthly,2025,1.0,NR038_RENOVASI_BANGUNAN,RENOVASI BANGUNAN YANG DISEWA,aset,0.0,0.0
nr_2025_01_nr039_uang_jaminan_proyek,snapshot_istantoro_2022_mar_2026,2025-01,monthly,2025,1.0,NR039_UANG_JAMINAN_PROYEK,UANG JAMINAN PROYEK,aset,103169347.0,106625057.0
nr_2025_01_nr040_jaminan_bank_garansi,snapshot_istantoro_2022_mar_2026,2025-01,monthly,2025,1.0,NR040_JAMINAN_BANK_GARANSI,JAMINAN BANK GARANSI,aset,21469064.0,21089451.0
nr_2025_01_nr041_total_aktiva,snapshot_istantoro_2022_mar_2026,2025-01,monthly,2025,1.0,NR041_TOTAL_AKTIVA,TOTAL AKTIVA,aset,1007858441274.0,1199507352609.0
nr_2025_01_nr042_total_pasiva_section,snapshot_istantoro_2022_mar_2026,2025-01,monthly,2025,1.0,NR042_TOTAL_PASIVA_SECTION,TOTAL PASIVA,pasiva,1054998564302.0,1152860460670.0
nr_2025_01_nr043_kewajiban_lancar,snapshot_istantoro_2022_mar_2026,2025-01,monthly,2025,1.0,NR043_KEWAJIBAN_LANCAR,KEWAJIBAN LANCAR,kewajiban,122000350356.0,203878450775.0
nr_2025_01_nr044_hutang_pajak,snapshot_istantoro_2022_mar_2026,2025-01,monthly,2025,1.0,NR044_HUTANG_PAJAK,HUTANG PAJAK,kewajiban,5789472047.0,45568077951.0
nr_2025_01_nr045_bpjs_dplk,snapshot_istantoro_2022_mar_2026,2025-01,monthly,2025,1.0,NR045_BPJS_DPLK,BY YMH DIBAYAR BPJS DAN DPLK,kewajiban,3344200723.0,15851535549.0
nr_2025_01_nr046_hutang_dividen,snapshot_istantoro_2022_mar_2026,2025-01,monthly,2025,1.0,NR046_HUTANG_DIVIDEN,HUTANG DIVIDEN,kewajiban,0.0,0.0
nr_2025_01_nr047_biaya_masih_harus_dibayar,snapshot_istantoro_2022_mar_2026,2025-01,monthly,2025,1.0,NR047_BIAYA_MASIH_HARUS_DIBAYAR,BIAYA YANG MASIH HARUS DIBAYAR,kewajiban,66790852584.0,68284515330.0
nr_2025_01_nr048_pinjaman_modal_kerja,snapshot_istantoro_2022_mar_2026,2025-01,monthly,2025,1.0,NR048_PINJAMAN_MODAL_KERJA,PINJAMAN MODAL KERJA,kewajiban,0.0,0.0
nr_2025_01_nr049_pinjaman_pemegang_saham,snapshot_istantoro_2022_mar_2026,2025-01,monthly,2025,1.0,NR049_PINJAMAN_PEMEGANG_SAHAM,PINJAMAN KE PEMEGANG SAHAM,kewajiban,0.0,0.0
nr_2025_01_nr050_kewajiban_lancar_lainnya,snapshot_istantoro_2022_mar_2026,2025-01,monthly,2025,1.0,NR050_KEWAJIBAN_LANCAR_LAINNYA,KEWAJIBAN LANCAR LAINNYA,kewajiban,43663203791.0,67669795841.0
nr_2025_01_nr051_total_kewajiban_lancar,snapshot_istantoro_2022_mar_2026,2025-01,monthly,2025,1.0,NR051_TOTAL_KEWAJIBAN_LANCAR,TOTAL KEWAJIBAN LANCAR,kewajiban,124937715893.0,199388478747.0
nr_2025_01_nr053_kewajiban_jangka_panjang,snapshot_istantoro_2022_mar_2026,2025-01,monthly,2025,1.0,NR053_KEWAJIBAN_JANGKA_PANJANG,KEWAJIBAN JANGKA PANJANG,kewajiban,187680279798.0,181046185036.0
nr_2025_01_nr054_pinjaman_ki_bri,snapshot_istantoro_2022_mar_2026,2025-01,monthly,2025,1.0,NR054_PINJAMAN_KI_BANK,PINJAMAN KI DARI BANK,kewajiban,0.0,0.0
nr_2025_01_nr055_kewajiban_imbalan_pasca_kerja,snapshot_istantoro_2022_mar_2026,2025-01,monthly,2025,1.0,NR055_KEWAJIBAN_IMBALAN_PASCA_KERJA,KEWAJIBAN IMBALAN PASCA KERJA,kewajiban,179499679791.0,184050963866.0
nr_2025_01_nr056_total_kewajiban_jangka_panjang,snapshot_istantoro_2022_mar_2026,2025-01,monthly,2025,1.0,NR056_TOTAL_KEWAJIBAN_JANGKA_PANJANG,TOTAL KEWAJIBAN JANGKA PANJANG,kewajiban,177910589298.0,181234655623.0
nr_2025_01_nr057_ekuitas,snapshot_istantoro_2022_mar_2026,2025-01,monthly,2025,1.0,NR057_EKUITAS,EKUITAS,ekuitas,769126540597.0,828362244655.0
nr_2025_01_nr058_cadangan_risiko_umum,snapshot_istantoro_2022_mar_2026,2025-01,monthly,2025,1.0,NR058_CADANGAN_RISIKO_UMUM,CADANGAN RISIKO UMUM,ekuitas,25533921411.0,30125099766.0
nr_2025_01_nr059_modal_saham,snapshot_istantoro_2022_mar_2026,2025-01,monthly,2025,1.0,NR059_MODAL_SAHAM,MODAL SAHAM,ekuitas,9383456950.0,9469128411.0
nr_2025_01_nr060_laba_ditahan,snapshot_istantoro_2022_mar_2026,2025-01,monthly,2025,1.0,NR060_LABA_DITAHAN,LABA DITAHAN,ekuitas,417604993583.0,442006395352.0
nr_2025_01_nr061_laba_setelah_pajak,snapshot_istantoro_2022_mar_2026,2025-01,monthly,2025,1.0,NR061_LABA_SETELAH_PAJAK,LABA SETELAH PAJAK,ekuitas,0.0,0.0
nr_2025_01_nr062_total_ekuitas_sebelum_rl,snapshot_istantoro_2022_mar_2026,2025-01,monthly,2025,1.0,NR062_TOTAL_EKUITAS_SEBELUM_RL,TOTAL EKUITAS SBLM R/L BERJALAN,ekuitas,439506309498.0,488828302952.0
nr_2025_01_nr063_rugi_laba_tahun_lalu,snapshot_istantoro_2022_mar_2026,2025-01,monthly,2025,1.0,NR063_RUGI_LABA_TAHUN_LALU,RUGI/LABA TAHUN LALU,ekuitas,239506488298.0,0.0
nr_2025_01_nr064_bagian_laba_perusahaan_anak,snapshot_istantoro_2022_mar_2026,2025-01,monthly,2025,1.0,NR064_BAGIAN_LABA_PERUSAHAAN_ANAK,BAGIAN LABA PERUSAHAAN ANAK,ekuitas,27931154070.0,45512795679.0
nr_2025_01_nr065_rugi_laba_tahun_berjalan,snapshot_istantoro_2022_mar_2026,2025-01,monthly,2025,1.0,NR065_RUGI_LABA_TAHUN_BERJALAN,RUGI/LABA TAHUN BERJALAN,ekuitas,17965440620.0,269342879777.0
nr_2025_01_nr066_total_pasiva,snapshot_istantoro_2022_mar_2026,2025-01,monthly,2025,1.0,NR066_TOTAL_PASIVA,TOTAL PASIVA,pasiva,1084609378329.0,1213309243315.0
nr_2025_01_nr028_kendaraan_gross,snapshot_istantoro_2022_mar_2026,2025-01,monthly,2025,1.0,NR028_KENDARAAN_GROSS,KENDARAAN UNTUK DISEWAKAN (GROSS),aset,7494105472.0,7442613613.0
nr_2025_01_1101,snapshot_istantoro_2022_mar_2026,2025-01,monthly,2025,1.0,1101,Kas dan Setara Kas,aset,330817182084.0,448093906774.0
nr_2025_01_1102,snapshot_istantoro_2022_mar_2026,2025-01,monthly,2025,1.0,1102,Piutang Bersih,aset,396440209139.0,353150306722.0
nr_2025_01_1103,snapshot_istantoro_2022_mar_2026,2025-01,monthly,2025,1.0,1103,Aset Lancar Lainnya,aset,79314525056.0,98597639806.0
nr_2025_01_1104,snapshot_istantoro_2022_mar_2026,2025-01,monthly,2025,1.0,1104,Aset Tidak Lancar,aset,226064939427.0,284333932903.0
nr_2025_01_1105,snapshot_istantoro_2022_mar_2026,2025-01,monthly,2025,1.0,1105,Jumlah Piutang,aset,438470476210.0,360515250185.0
nr_2025_01_1106,snapshot_istantoro_2022_mar_2026,2025-01,monthly,2025,1.0,1106,Total Aset Lancar,aset,830231659938.0,924192336981.0
nr_2025_01_2101,snapshot_istantoro_2022_mar_2026,2025-01,monthly,2025,1.0,2101,Kewajiban Lancar,kewajiban,123155790501.0,194946313362.0
nr_2025_01_2102,snapshot_istantoro_2022_mar_2026,2025-01,monthly,2025,1.0,2102,Kewajiban Jangka Panjang,kewajiban,185182763019.0,178053967434.0
nr_2025_01_3101,snapshot_istantoro_2022_mar_2026,2025-01,monthly,2025,1.0,3101,Ekuitas,ekuitas,753684392359.0,808794690498.0
nr_2025_02_nr005_total_aset,snapshot_istantoro_2022_mar_2026,2025-02,monthly,2025,2.0,NR005_TOTAL_ASET,TOTAL ASET,aset,1117125179168.0,1219384784180.0
nr_2025_02_nr006_aset_lancar,snapshot_istantoro_2022_mar_2026,2025-02,monthly,2025,2.0,NR006_ASET_LANCAR,ASET LANCAR,aset,856254413506.0,901473153436.0
nr_2025_02_nr007_kas,snapshot_istantoro_2022_mar_2026,2025-02,monthly,2025,2.0,NR007_KAS,KAS,aset,429839257.0,1213378103.0
nr_2025_02_nr008_bank,snapshot_istantoro_2022_mar_2026,2025-02,monthly,2025,2.0,NR008_BANK,BANK,aset,40348720656.0,75976720652.0
nr_2025_02_nr009_deposito,snapshot_istantoro_2022_mar_2026,2025-02,monthly,2025,2.0,NR009_DEPOSITO,DEPOSITO,aset,94720740437.0,206345084160.0
nr_2025_02_nr010_deposito_dijaminkan,snapshot_istantoro_2022_mar_2026,2025-02,monthly,2025,2.0,NR010_DEPOSITO_DIJAMINKAN,DEPOSITO YANG DI JAMINKAN,aset,182428709102.0,185698023903.0
nr_2025_02_nr011_persediaan_meterai,snapshot_istantoro_2022_mar_2026,2025-02,monthly,2025,2.0,NR011_PERSEDIAAN_METERAI,PERSEDIAAN METERAI,aset,7687871.0,2761733.0
nr_2025_02_nr012_surat_surat_berharga,snapshot_istantoro_2022_mar_2026,2025-02,monthly,2025,2.0,NR012_SURAT_SURAT_BERHARGA,SURAT SURAT BERHARGA,aset,0.0,0.0
nr_2025_02_nr013_piutang_captive,snapshot_istantoro_2022_mar_2026,2025-02,monthly,2025,2.0,NR013_PIUTANG_CAPTIVE,PIUTANG CAPTIVE,aset,17228045213.0,20255004442.0
nr_2025_02_nr014_piutang_non_captive,snapshot_istantoro_2022_mar_2026,2025-02,monthly,2025,2.0,NR014_PIUTANG_NON_CAPTIVE,PIUTANG NON CAPTIVE,aset,435163478947.0,328190283655.0
nr_2025_02_nr015_piutang_jasa_pendidikan,snapshot_istantoro_2022_mar_2026,2025-02,monthly,2025,2.0,NR015_PIUTANG_JASA_PENDIDIKAN,PIUTANG JASA PENDIDIKAN,aset,3050005960.0,2760868030.0
nr_2025_02_nr016_jumlah_piutang,snapshot_istantoro_2022_mar_2026,2025-02,monthly,2025,2.0,NR016_JUMLAH_PIUTANG,JUMLAH PIUTANG,aset,438026297375.0,366506704520.0
nr_2025_02_nr017_penyisihan_piutang,snapshot_istantoro_2022_mar_2026,2025-02,monthly,2025,2.0,NR017_PENYISIHAN_PIUTANG,PENYISIHAN PENGHAPUSAN PIUTANG,aset,-12384437460.0,-13533251568.0
nr_2025_02_nr018_piutang_bersih,snapshot_istantoro_2022_mar_2026,2025-02,monthly,2025,2.0,NR018_PIUTANG_BERSIH,PIUTANG BERSIH,aset,442893964625.0,340468124875.0
nr_2025_02_nr019_piutang_lainnya,snapshot_istantoro_2022_mar_2026,2025-02,monthly,2025,2.0,NR019_PIUTANG_LAINNYA,PIUTANG LAINNYA,aset,10623557399.0,25936463075.0
nr_2025_02_nr020_piutang_inter_company,snapshot_istantoro_2022_mar_2026,2025-02,monthly,2025,2.0,NR020_PIUTANG_INTER_COMPANY,PIUTANG INTER COMPANY,aset,24519932.0,0.0
nr_2025_02_nr021_uang_muka,snapshot_istantoro_2022_mar_2026,2025-02,monthly,2025,2.0,NR021_UANG_MUKA,UANG MUKA,aset,3902448581.0,2317786603.0
nr_2025_02_nr022_pajak_dibayar_dimuka,snapshot_istantoro_2022_mar_2026,2025-02,monthly,2025,2.0,NR022_PAJAK_DIBAYAR_DIMUKA,PAJAK DIBAYAR DIMUKA,aset,63802498298.0,67278498520.0
nr_2025_02_nr023_biaya_dibayar_dimuka,snapshot_istantoro_2022_mar_2026,2025-02,monthly,2025,2.0,NR023_BIAYA_DIBAYAR_DIMUKA,BIAYA DIBAYAR DIMUKA,aset,1274158169.0,4636563891.0
nr_2025_02_nr024_total_aktiva_lancar,snapshot_istantoro_2022_mar_2026,2025-02,monthly,2025,2.0,NR024_TOTAL_AKTIVA_LANCAR,TOTAL AKTIVA LANCAR,aset,828303022599.0,909375252117.0
nr_2025_02_nr025_aktiva_tidak_lancar,snapshot_istantoro_2022_mar_2026,2025-02,monthly,2025,2.0,NR025_AKTIVA_TIDAK_LANCAR,AKTIVA TIDAK LANCAR,aset,233210319679.0,285344942442.0
nr_2025_02_nr026_aset_lain_lain,snapshot_istantoro_2022_mar_2026,2025-02,monthly,2025,2.0,NR026_ASET_LAIN_LAIN,ASET LAIN-LAIN,aset,26957035095.0,24813989889.0
nr_2025_02_nr027_investasi_asosiasi,snapshot_istantoro_2022_mar_2026,2025-02,monthly,2025,2.0,NR027_INVESTASI_ASOSIASI,INVESTASI DALAM ENTITAS ASOSIASI,aset,15311632862.0,29305202269.0
nr_2025_02_nr028_kendaraan_disewakan,snapshot_istantoro_2022_mar_2026,2025-02,monthly,2025,2.0,NR028_KENDARAAN_DISEWAKAN,KENDARAAN UNTUK DISEWAKAN,aset,0.0,1250471372.0
nr_2025_02_nr029_akumulasi_penyusutan_kendaraan,snapshot_istantoro_2022_mar_2026,2025-02,monthly,2025,2.0,NR029_AKUMULASI_PENYUSUTAN_KENDARAAN,AKUMULASI PENYUSUTAN,aset,-6646995608.0,-6409959460.0
nr_2025_02_nr030_nilai_buku_kendaraan,snapshot_istantoro_2022_mar_2026,2025-02,monthly,2025,2.0,NR030_NILAI_BUKU_KENDARAAN,NILAI BUKU,aset,0.0,1254584949.0
nr_2025_02_nr031_aset_tetap,snapshot_istantoro_2022_mar_2026,2025-02,monthly,2025,2.0,NR031_ASET_TETAP,ASET TETAP,aset,185363102904.0,215448715533.0
nr_2025_02_nr032_harga_perolehan_aset_tetap,snapshot_istantoro_2022_mar_2026,2025-02,monthly,2025,2.0,NR032_HARGA_PEROLEHAN_ASET_TETAP,HARGA PEROLEHAN AKTIVA TETAP,aset,243211990633.0,282511295893.0
nr_2025_02_nr033_akumulasi_penyusutan_aset_tetap,snapshot_istantoro_2022_mar_2026,2025-02,monthly,2025,2.0,NR033_AKUMULASI_PENYUSUTAN_ASET_TETAP,AKUMULASI PENYUSUTAN,aset,-64059870341.0,-69503062164.0
nr_2025_02_nr034_nilai_buku_aset_tetap,snapshot_istantoro_2022_mar_2026,2025-02,monthly,2025,2.0,NR034_NILAI_BUKU_ASET_TETAP,NILAI BUKU,aset,191485535094.0,214991394712.0
nr_2025_02_nr035_aktiva_lain_lain,snapshot_istantoro_2022_mar_2026,2025-02,monthly,2025,2.0,NR035_AKTIVA_LAIN_LAIN,AKTIVA LAIN-LAIN,aset,5135839314.0,7495610306.0
nr_2025_02_nr036_aset_piutang_lain,snapshot_istantoro_2022_mar_2026,2025-02,monthly,2025,2.0,NR036_ASET_PIUTANG_LAIN,ASET PIUTANG LAIN,aset,0.0,0.0
nr_2025_02_nr037_aset_dalam_penyelesaian,snapshot_istantoro_2022_mar_2026,2025-02,monthly,2025,2.0,NR037_ASET_DALAM_PENYELESAIAN,ASET DALAM PENYELESAIAN,aset,4960799372.0,7517633785.0
nr_2025_02_nr038_renovasi_bangunan,snapshot_istantoro_2022_mar_2026,2025-02,monthly,2025,2.0,NR038_RENOVASI_BANGUNAN,RENOVASI BANGUNAN YANG DISEWA,aset,0.0,0.0
nr_2025_02_nr039_uang_jaminan_proyek,snapshot_istantoro_2022_mar_2026,2025-02,monthly,2025,2.0,NR039_UANG_JAMINAN_PROYEK,UANG JAMINAN PROYEK,aset,107060747.0,108575685.0
nr_2025_02_nr040_jaminan_bank_garansi,snapshot_istantoro_2022_mar_2026,2025-02,monthly,2025,2.0,NR040_JAMINAN_BANK_GARANSI,JAMINAN BANK GARANSI,aset,20266137.0,21458841.0
nr_2025_02_nr041_total_aktiva,snapshot_istantoro_2022_mar_2026,2025-02,monthly,2025,2.0,NR041_TOTAL_AKTIVA,TOTAL AKTIVA,aset,1040963407816.0,1176959524329.0
nr_2025_02_nr042_total_pasiva_section,snapshot_istantoro_2022_mar_2026,2025-02,monthly,2025,2.0,NR042_TOTAL_PASIVA_SECTION,TOTAL PASIVA,pasiva,1103229446135.0,1180784342108.0
nr_2025_02_nr043_kewajiban_lancar,snapshot_istantoro_2022_mar_2026,2025-02,monthly,2025,2.0,NR043_KEWAJIBAN_LANCAR,KEWAJIBAN LANCAR,kewajiban,137664351262.0,198160283167.0
nr_2025_02_nr044_hutang_pajak,snapshot_istantoro_2022_mar_2026,2025-02,monthly,2025,2.0,NR044_HUTANG_PAJAK,HUTANG PAJAK,kewajiban,5621641813.0,44869017858.0
nr_2025_02_nr045_bpjs_dplk,snapshot_istantoro_2022_mar_2026,2025-02,monthly,2025,2.0,NR045_BPJS_DPLK,BY YMH DIBAYAR BPJS DAN DPLK,kewajiban,11245082642.0,15581016641.0
nr_2025_02_nr046_hutang_dividen,snapshot_istantoro_2022_mar_2026,2025-02,monthly,2025,2.0,NR046_HUTANG_DIVIDEN,HUTANG DIVIDEN,kewajiban,0.0,0.0
nr_2025_02_nr047_biaya_masih_harus_dibayar,snapshot_istantoro_2022_mar_2026,2025-02,monthly,2025,2.0,NR047_BIAYA_MASIH_HARUS_DIBAYAR,BIAYA YANG MASIH HARUS DIBAYAR,kewajiban,71999626267.0,70180286808.0
nr_2025_02_nr048_pinjaman_modal_kerja,snapshot_istantoro_2022_mar_2026,2025-02,monthly,2025,2.0,NR048_PINJAMAN_MODAL_KERJA,PINJAMAN MODAL KERJA,kewajiban,0.0,0.0
nr_2025_02_nr049_pinjaman_pemegang_saham,snapshot_istantoro_2022_mar_2026,2025-02,monthly,2025,2.0,NR049_PINJAMAN_PEMEGANG_SAHAM,PINJAMAN KE PEMEGANG SAHAM,kewajiban,0.0,0.0
nr_2025_02_nr050_kewajiban_lancar_lainnya,snapshot_istantoro_2022_mar_2026,2025-02,monthly,2025,2.0,NR050_KEWAJIBAN_LANCAR_LAINNYA,KEWAJIBAN LANCAR LAINNYA,kewajiban,45704810417.0,69910026062.0
nr_2025_02_nr051_total_kewajiban_lancar,snapshot_istantoro_2022_mar_2026,2025-02,monthly,2025,2.0,NR051_TOTAL_KEWAJIBAN_LANCAR,TOTAL KEWAJIBAN LANCAR,kewajiban,137786965901.0,195445781580.0
nr_2025_02_nr053_kewajiban_jangka_panjang,snapshot_istantoro_2022_mar_2026,2025-02,monthly,2025,2.0,NR053_KEWAJIBAN_JANGKA_PANJANG,KEWAJIBAN JANGKA PANJANG,kewajiban,185494884982.0,177146042402.0
nr_2025_02_nr054_pinjaman_ki_bri,snapshot_istantoro_2022_mar_2026,2025-02,monthly,2025,2.0,NR054_PINJAMAN_KI_BANK,PINJAMAN KI DARI BANK,kewajiban,0.0,0.0
nr_2025_02_nr055_kewajiban_imbalan_pasca_kerja,snapshot_istantoro_2022_mar_2026,2025-02,monthly,2025,2.0,NR055_KEWAJIBAN_IMBALAN_PASCA_KERJA,KEWAJIBAN IMBALAN PASCA KERJA,kewajiban,184824434425.0,185153080391.0
nr_2025_02_nr056_total_kewajiban_jangka_panjang,snapshot_istantoro_2022_mar_2026,2025-02,monthly,2025,2.0,NR056_TOTAL_KEWAJIBAN_JANGKA_PANJANG,TOTAL KEWAJIBAN JANGKA PANJANG,kewajiban,180627996358.0,179395705613.0
nr_2025_02_nr057_ekuitas,snapshot_istantoro_2022_mar_2026,2025-02,monthly,2025,2.0,NR057_EKUITAS,EKUITAS,ekuitas,745215989567.0,821989295035.0
nr_2025_02_nr058_cadangan_risiko_umum,snapshot_istantoro_2022_mar_2026,2025-02,monthly,2025,2.0,NR058_CADANGAN_RISIKO_UMUM,CADANGAN RISIKO UMUM,ekuitas,26903874325.0,30313151645.0
nr_2025_02_nr059_modal_saham,snapshot_istantoro_2022_mar_2026,2025-02,monthly,2025,2.0,NR059_MODAL_SAHAM,MODAL SAHAM,ekuitas,9466565515.0,9546221657.0
nr_2025_02_nr060_laba_ditahan,snapshot_istantoro_2022_mar_2026,2025-02,monthly,2025,2.0,NR060_LABA_DITAHAN,LABA DITAHAN,ekuitas,436962395037.0,450141825512.0
nr_2025_02_nr061_laba_setelah_pajak,snapshot_istantoro_2022_mar_2026,2025-02,monthly,2025,2.0,NR061_LABA_SETELAH_PAJAK,LABA SETELAH PAJAK,ekuitas,0.0,0.0
nr_2025_02_nr062_total_ekuitas_sebelum_rl,snapshot_istantoro_2022_mar_2026,2025-02,monthly,2025,2.0,NR062_TOTAL_EKUITAS_SEBELUM_RL,TOTAL EKUITAS SBLM R/L BERJALAN,ekuitas,443689647749.0,496639380777.0
nr_2025_02_nr063_rugi_laba_tahun_lalu,snapshot_istantoro_2022_mar_2026,2025-02,monthly,2025,2.0,NR063_RUGI_LABA_TAHUN_LALU,RUGI/LABA TAHUN LALU,ekuitas,237147289260.0,0.0
nr_2025_02_nr064_bagian_laba_perusahaan_anak,snapshot_istantoro_2022_mar_2026,2025-02,monthly,2025,2.0,NR064_BAGIAN_LABA_PERUSAHAAN_ANAK,BAGIAN LABA PERUSAHAAN ANAK,ekuitas,27809479046.0,45865808978.0
nr_2025_02_nr065_rugi_laba_tahun_berjalan,snapshot_istantoro_2022_mar_2026,2025-02,monthly,2025,2.0,NR065_RUGI_LABA_TAHUN_BERJALAN,RUGI/LABA TAHUN BERJALAN,ekuitas,35098406681.0,270326292940.0
nr_2025_02_nr066_total_pasiva,snapshot_istantoro_2022_mar_2026,2025-02,monthly,2025,2.0,NR066_TOTAL_PASIVA,TOTAL PASIVA,pasiva,1049761690706.0,1183986895980.0
nr_2025_02_nr028_kendaraan_gross,snapshot_istantoro_2022_mar_2026,2025-02,monthly,2025,2.0,NR028_KENDARAAN_GROSS,KENDARAAN UNTUK DISEWAKAN (GROSS),aset,6611940676.0,7493144582.0
nr_2025_02_1101,snapshot_istantoro_2022_mar_2026,2025-02,monthly,2025,2.0,1101,Kas dan Setara Kas,aset,333222590893.0,460105884858.0
nr_2025_02_1102,snapshot_istantoro_2022_mar_2026,2025-02,monthly,2025,2.0,1102,Piutang Bersih,aset,426353221356.0,346473431192.0
nr_2025_02_1103,snapshot_istantoro_2022_mar_2026,2025-02,monthly,2025,2.0,1103,Aset Lancar Lainnya,aset,80299026595.0,102195860134.0
nr_2025_02_1104,snapshot_istantoro_2022_mar_2026,2025-02,monthly,2025,2.0,1104,Aset Tidak Lancar,aset,232356281985.0,285461570475.0
nr_2025_02_1105,snapshot_istantoro_2022_mar_2026,2025-02,monthly,2025,2.0,1105,Jumlah Piutang,aset,468354976548.0,363124008125.0
nr_2025_02_1106,snapshot_istantoro_2022_mar_2026,2025-02,monthly,2025,2.0,1106,Total Aset Lancar,aset,845523419975.0,885075890269.0
nr_2025_02_2101,snapshot_istantoro_2022_mar_2026,2025-02,monthly,2025,2.0,2101,Kewajiban Lancar,kewajiban,139067329623.0,202072363520.0
nr_2025_02_2102,snapshot_istantoro_2022_mar_2026,2025-02,monthly,2025,2.0,2102,Kewajiban Jangka Panjang,kewajiban,186659971455.0,182102269215.0
nr_2025_02_3101,snapshot_istantoro_2022_mar_2026,2025-02,monthly,2025,2.0,3101,Ekuitas,ekuitas,731582097446.0,825106555147.0
nr_2025_03_nr005_total_aset,snapshot_istantoro_2022_mar_2026,2025-03,monthly,2025,3.0,NR005_TOTAL_ASET,TOTAL ASET,aset,993316570599.0,1217495984794.0
nr_2025_03_nr006_aset_lancar,snapshot_istantoro_2022_mar_2026,2025-03,monthly,2025,3.0,NR006_ASET_LANCAR,ASET LANCAR,aset,759431642241.0,881910150354.0
nr_2025_03_nr007_kas,snapshot_istantoro_2022_mar_2026,2025-03,monthly,2025,3.0,NR007_KAS,KAS,aset,392131545.0,1249697875.0
nr_2025_03_nr008_bank,snapshot_istantoro_2022_mar_2026,2025-03,monthly,2025,3.0,NR008_BANK,BANK,aset,56010281180.0,73399410473.0
nr_2025_03_nr009_deposito,snapshot_istantoro_2022_mar_2026,2025-03,monthly,2025,3.0,NR009_DEPOSITO,DEPOSITO,aset,69419420267.0,199546870213.0
nr_2025_03_nr010_deposito_dijaminkan,snapshot_istantoro_2022_mar_2026,2025-03,monthly,2025,3.0,NR010_DEPOSITO_DIJAMINKAN,DEPOSITO YANG DI JAMINKAN,aset,183576086037.0,182480362433.0
nr_2025_03_nr011_persediaan_meterai,snapshot_istantoro_2022_mar_2026,2025-03,monthly,2025,3.0,NR011_PERSEDIAAN_METERAI,PERSEDIAAN METERAI,aset,5373291.0,2625372.0
nr_2025_03_nr012_surat_surat_berharga,snapshot_istantoro_2022_mar_2026,2025-03,monthly,2025,3.0,NR012_SURAT_SURAT_BERHARGA,SURAT SURAT BERHARGA,aset,0.0,0.0
nr_2025_03_nr013_piutang_captive,snapshot_istantoro_2022_mar_2026,2025-03,monthly,2025,3.0,NR013_PIUTANG_CAPTIVE,PIUTANG CAPTIVE,aset,12196485453.0,21160511256.0
nr_2025_03_nr014_piutang_non_captive,snapshot_istantoro_2022_mar_2026,2025-03,monthly,2025,3.0,NR014_PIUTANG_NON_CAPTIVE,PIUTANG NON CAPTIVE,aset,445932506095.0,326083525983.0
nr_2025_03_nr015_piutang_jasa_pendidikan,snapshot_istantoro_2022_mar_2026,2025-03,monthly,2025,3.0,NR015_PIUTANG_JASA_PENDIDIKAN,PIUTANG JASA PENDIDIKAN,aset,1234260053.0,2688313750.0
nr_2025_03_nr016_jumlah_piutang,snapshot_istantoro_2022_mar_2026,2025-03,monthly,2025,3.0,NR016_JUMLAH_PIUTANG,JUMLAH PIUTANG,aset,442841764112.0,361333361563.0
nr_2025_03_nr017_penyisihan_piutang,snapshot_istantoro_2022_mar_2026,2025-03,monthly,2025,3.0,NR017_PENYISIHAN_PIUTANG,PENYISIHAN PENGHAPUSAN PIUTANG,aset,-22675729467.0,-13886262422.0
nr_2025_03_nr018_piutang_bersih,snapshot_istantoro_2022_mar_2026,2025-03,monthly,2025,3.0,NR018_PIUTANG_BERSIH,PIUTANG BERSIH,aset,421557864585.0,354526745280.0
nr_2025_03_nr019_piutang_lainnya,snapshot_istantoro_2022_mar_2026,2025-03,monthly,2025,3.0,NR019_PIUTANG_LAINNYA,PIUTANG LAINNYA,aset,31683564644.0,25811812523.0
nr_2025_03_nr020_piutang_inter_company,snapshot_istantoro_2022_mar_2026,2025-03,monthly,2025,3.0,NR020_PIUTANG_INTER_COMPANY,PIUTANG INTER COMPANY,aset,24046363.0,0.0
nr_2025_03_nr021_uang_muka,snapshot_istantoro_2022_mar_2026,2025-03,monthly,2025,3.0,NR021_UANG_MUKA,UANG MUKA,aset,2025495987.0,2405708419.0
nr_2025_03_nr022_pajak_dibayar_dimuka,snapshot_istantoro_2022_mar_2026,2025-03,monthly,2025,3.0,NR022_PAJAK_DIBAYAR_DIMUKA,PAJAK DIBAYAR DIMUKA,aset,13725864379.0,67380044560.0
nr_2025_03_nr023_biaya_dibayar_dimuka,snapshot_istantoro_2022_mar_2026,2025-03,monthly,2025,3.0,NR023_BIAYA_DIBAYAR_DIMUKA,BIAYA DIBAYAR DIMUKA,aset,1313967604.0,4496257108.0
nr_2025_03_nr024_total_aktiva_lancar,snapshot_istantoro_2022_mar_2026,2025-03,monthly,2025,3.0,NR024_TOTAL_AKTIVA_LANCAR,TOTAL AKTIVA LANCAR,aset,780217490086.0,885444063400.0
nr_2025_03_nr025_aktiva_tidak_lancar,snapshot_istantoro_2022_mar_2026,2025-03,monthly,2025,3.0,NR025_AKTIVA_TIDAK_LANCAR,AKTIVA TIDAK LANCAR,aset,243374132706.0,282067446704.0
nr_2025_03_nr026_aset_lain_lain,snapshot_istantoro_2022_mar_2026,2025-03,monthly,2025,3.0,NR026_ASET_LAIN_LAIN,ASET LAIN-LAIN,aset,27562547867.0,25295031078.0
nr_2025_03_nr027_investasi_asosiasi,snapshot_istantoro_2022_mar_2026,2025-03,monthly,2025,3.0,NR027_INVESTASI_ASOSIASI,INVESTASI DALAM ENTITAS ASOSIASI,aset,34035801121.0,28964221724.0
nr_2025_03_nr028_kendaraan_disewakan,snapshot_istantoro_2022_mar_2026,2025-03,monthly,2025,3.0,NR028_KENDARAAN_DISEWAKAN,KENDARAAN UNTUK DISEWAKAN,aset,0.0,1261317690.0
nr_2025_03_nr029_akumulasi_penyusutan_kendaraan,snapshot_istantoro_2022_mar_2026,2025-03,monthly,2025,3.0,NR029_AKUMULASI_PENYUSUTAN_KENDARAAN,AKUMULASI PENYUSUTAN,aset,-6776121406.0,-6400082826.0
nr_2025_03_nr030_nilai_buku_kendaraan,snapshot_istantoro_2022_mar_2026,2025-03,monthly,2025,3.0,NR030_NILAI_BUKU_KENDARAAN,NILAI BUKU,aset,0.0,1212312442.0
nr_2025_03_nr031_aset_tetap,snapshot_istantoro_2022_mar_2026,2025-03,monthly,2025,3.0,NR031_ASET_TETAP,ASET TETAP,aset,180587417765.0,214564249834.0
nr_2025_03_nr032_harga_perolehan_aset_tetap,snapshot_istantoro_2022_mar_2026,2025-03,monthly,2025,3.0,NR032_HARGA_PEROLEHAN_ASET_TETAP,HARGA PEROLEHAN AKTIVA TETAP,aset,258985142668.0,295642218038.0
nr_2025_03_nr033_akumulasi_penyusutan_aset_tetap,snapshot_istantoro_2022_mar_2026,2025-03,monthly,2025,3.0,NR033_AKUMULASI_PENYUSUTAN_ASET_TETAP,AKUMULASI PENYUSUTAN,aset,-68945470795.0,-72087740331.0
nr_2025_03_nr034_nilai_buku_aset_tetap,snapshot_istantoro_2022_mar_2026,2025-03,monthly,2025,3.0,NR034_NILAI_BUKU_ASET_TETAP,NILAI BUKU,aset,183392443268.0,223781624634.0
nr_2025_03_nr035_aktiva_lain_lain,snapshot_istantoro_2022_mar_2026,2025-03,monthly,2025,3.0,NR035_AKTIVA_LAIN_LAIN,AKTIVA LAIN-LAIN,aset,5506489617.0,7323524821.0
nr_2025_03_nr036_aset_piutang_lain,snapshot_istantoro_2022_mar_2026,2025-03,monthly,2025,3.0,NR036_ASET_PIUTANG_LAIN,ASET PIUTANG LAIN,aset,0.0,0.0
nr_2025_03_nr037_aset_dalam_penyelesaian,snapshot_istantoro_2022_mar_2026,2025-03,monthly,2025,3.0,NR037_ASET_DALAM_PENYELESAIAN,ASET DALAM PENYELESAIAN,aset,5318936734.0,7583840777.0
nr_2025_03_nr038_renovasi_bangunan,snapshot_istantoro_2022_mar_2026,2025-03,monthly,2025,3.0,NR038_RENOVASI_BANGUNAN,RENOVASI BANGUNAN YANG DISEWA,aset,0.0,0.0
nr_2025_03_nr039_uang_jaminan_proyek,snapshot_istantoro_2022_mar_2026,2025-03,monthly,2025,3.0,NR039_UANG_JAMINAN_PROYEK,UANG JAMINAN PROYEK,aset,107940297.0,105409509.0
nr_2025_03_nr040_jaminan_bank_garansi,snapshot_istantoro_2022_mar_2026,2025-03,monthly,2025,3.0,NR040_JAMINAN_BANK_GARANSI,JAMINAN BANK GARANSI,aset,20510601.0,20475153.0
nr_2025_03_nr041_total_aktiva,snapshot_istantoro_2022_mar_2026,2025-03,monthly,2025,3.0,NR041_TOTAL_AKTIVA,TOTAL AKTIVA,aset,1016413519861.0,1223021929068.0
nr_2025_03_nr042_total_pasiva_section,snapshot_istantoro_2022_mar_2026,2025-03,monthly,2025,3.0,NR042_TOTAL_PASIVA_SECTION,TOTAL PASIVA,pasiva,1044449103686.0,1171978697439.0
nr_2025_03_nr043_kewajiban_lancar,snapshot_istantoro_2022_mar_2026,2025-03,monthly,2025,3.0,NR043_KEWAJIBAN_LANCAR,KEWAJIBAN LANCAR,kewajiban,125642218331.0,201442992447.0
nr_2025_03_nr044_hutang_pajak,snapshot_istantoro_2022_mar_2026,2025-03,monthly,2025,3.0,NR044_HUTANG_PAJAK,HUTANG PAJAK,kewajiban,59651170079.0,44827351582.0
nr_2025_03_nr045_bpjs_dplk,snapshot_istantoro_2022_mar_2026,2025-03,monthly,2025,3.0,NR045_BPJS_DPLK,BY YMH DIBAYAR BPJS DAN DPLK,kewajiban,3301391216.0,16079339958.0
nr_2025_03_nr046_hutang_dividen,snapshot_istantoro_2022_mar_2026,2025-03,monthly,2025,3.0,NR046_HUTANG_DIVIDEN,HUTANG DIVIDEN,kewajiban,0.0,0.0
nr_2025_03_nr047_biaya_masih_harus_dibayar,snapshot_istantoro_2022_mar_2026,2025-03,monthly,2025,3.0,NR047_BIAYA_MASIH_HARUS_DIBAYAR,BIAYA YANG MASIH HARUS DIBAYAR,kewajiban,44540516767.0,71491619956.0
nr_2025_03_nr048_pinjaman_modal_kerja,snapshot_istantoro_2022_mar_2026,2025-03,monthly,2025,3.0,NR048_PINJAMAN_MODAL_KERJA,PINJAMAN MODAL KERJA,kewajiban,0.0,0.0
nr_2025_03_nr049_pinjaman_pemegang_saham,snapshot_istantoro_2022_mar_2026,2025-03,monthly,2025,3.0,NR049_PINJAMAN_PEMEGANG_SAHAM,PINJAMAN KE PEMEGANG SAHAM,kewajiban,0.0,0.0
nr_2025_03_nr050_kewajiban_lancar_lainnya,snapshot_istantoro_2022_mar_2026,2025-03,monthly,2025,3.0,NR050_KEWAJIBAN_LANCAR_LAINNYA,KEWAJIBAN LANCAR LAINNYA,kewajiban,16520098543.0,67183714079.0
nr_2025_03_nr051_total_kewajiban_lancar,snapshot_istantoro_2022_mar_2026,2025-03,monthly,2025,3.0,NR051_TOTAL_KEWAJIBAN_LANCAR,TOTAL KEWAJIBAN LANCAR,kewajiban,120824582835.0,201469730641.0
nr_2025_03_nr053_kewajiban_jangka_panjang,snapshot_istantoro_2022_mar_2026,2025-03,monthly,2025,3.0,NR053_KEWAJIBAN_JANGKA_PANJANG,KEWAJIBAN JANGKA PANJANG,kewajiban,186704485144.0,178688989648.0
nr_2025_03_nr054_pinjaman_ki_bri,snapshot_istantoro_2022_mar_2026,2025-03,monthly,2025,3.0,NR054_PINJAMAN_KI_BANK,PINJAMAN KI DARI BANK,kewajiban,0.0,0.0
nr_2025_03_nr055_kewajiban_imbalan_pasca_kerja,snapshot_istantoro_2022_mar_2026,2025-03,monthly,2025,3.0,NR055_KEWAJIBAN_IMBALAN_PASCA_KERJA,KEWAJIBAN IMBALAN PASCA KERJA,kewajiban,175060088574.0,183462441649.0
nr_2025_03_nr056_total_kewajiban_jangka_panjang,snapshot_istantoro_2022_mar_2026,2025-03,monthly,2025,3.0,NR056_TOTAL_KEWAJIBAN_JANGKA_PANJANG,TOTAL KEWAJIBAN JANGKA PANJANG,kewajiban,184175894216.0,180312002090.0
nr_2025_03_nr057_ekuitas,snapshot_istantoro_2022_mar_2026,2025-03,monthly,2025,3.0,NR057_EKUITAS,EKUITAS,ekuitas,746285836023.0,792080015610.0
nr_2025_03_nr058_cadangan_risiko_umum,snapshot_istantoro_2022_mar_2026,2025-03,monthly,2025,3.0,NR058_CADANGAN_RISIKO_UMUM,CADANGAN RISIKO UMUM,ekuitas,25378052104.0,29611042556.0
nr_2025_03_nr059_modal_saham,snapshot_istantoro_2022_mar_2026,2025-03,monthly,2025,3.0,NR059_MODAL_SAHAM,MODAL SAHAM,ekuitas,9201270495.0,9118439563.0
nr_2025_03_nr060_laba_ditahan,snapshot_istantoro_2022_mar_2026,2025-03,monthly,2025,3.0,NR060_LABA_DITAHAN,LABA DITAHAN,ekuitas,592571621730.0,463529877376.0
nr_2025_03_nr061_laba_setelah_pajak,snapshot_istantoro_2022_mar_2026,2025-03,monthly,2025,3.0,NR061_LABA_SETELAH_PAJAK,LABA SETELAH PAJAK,ekuitas,0.0,0.0
nr_2025_03_nr062_total_ekuitas_sebelum_rl,snapshot_istantoro_2022_mar_2026,2025-03,monthly,2025,3.0,NR062_TOTAL_EKUITAS_SEBELUM_RL,TOTAL EKUITAS SBLM R/L BERJALAN,ekuitas,643541520054.0,488825221749.0
nr_2025_03_nr063_rugi_laba_tahun_lalu,snapshot_istantoro_2022_mar_2026,2025-03,monthly,2025,3.0,NR063_RUGI_LABA_TAHUN_LALU,RUGI/LABA TAHUN LALU,ekuitas,0.0,0.0
nr_2025_03_nr064_bagian_laba_perusahaan_anak,snapshot_istantoro_2022_mar_2026,2025-03,monthly,2025,3.0,NR064_BAGIAN_LABA_PERUSAHAAN_ANAK,BAGIAN LABA PERUSAHAAN ANAK,ekuitas,47449163095.0,45260271664.0
nr_2025_03_nr065_rugi_laba_tahun_berjalan,snapshot_istantoro_2022_mar_2026,2025-03,monthly,2025,3.0,NR065_RUGI_LABA_TAHUN_BERJALAN,RUGI/LABA TAHUN BERJALAN,ekuitas,52713716141.0,267394368976.0
nr_2025_03_nr066_total_pasiva,snapshot_istantoro_2022_mar_2026,2025-03,monthly,2025,3.0,NR066_TOTAL_PASIVA,TOTAL PASIVA,pasiva,994238500186.0,1174790570168.0
nr_2025_03_nr028_kendaraan_gross,snapshot_istantoro_2022_mar_2026,2025-03,monthly,2025,3.0,NR028_KENDARAAN_GROSS,KENDARAAN UNTUK DISEWAKAN (GROSS),aset,6942078162.0,7747777189.0
nr_2025_03_1101,snapshot_istantoro_2022_mar_2026,2025-03,monthly,2025,3.0,1101,Kas dan Setara Kas,aset,304172380312.0,472890471363.0
nr_2025_03_1102,snapshot_istantoro_2022_mar_2026,2025-03,monthly,2025,3.0,1102,Piutang Bersih,aset,418589448226.0,344594252605.0
nr_2025_03_1103,snapshot_istantoro_2022_mar_2026,2025-03,monthly,2025,3.0,1103,Aset Lancar Lainnya,aset,47197820587.0,102499424326.0
nr_2025_03_1104,snapshot_istantoro_2022_mar_2026,2025-03,monthly,2025,3.0,1104,Aset Tidak Lancar,aset,247074178069.0,282596217425.0
nr_2025_03_1105,snapshot_istantoro_2022_mar_2026,2025-03,monthly,2025,3.0,1105,Jumlah Piutang,aset,453321529391.0,352194856528.0
nr_2025_03_1106,snapshot_istantoro_2022_mar_2026,2025-03,monthly,2025,3.0,1106,Total Aset Lancar,aset,772053342908.0,916457687971.0
nr_2025_03_2101,snapshot_istantoro_2022_mar_2026,2025-03,monthly,2025,3.0,2101,Kewajiban Lancar,kewajiban,123056836042.0,199593236783.0
nr_2025_03_2102,snapshot_istantoro_2022_mar_2026,2025-03,monthly,2025,3.0,2102,Kewajiban Jangka Panjang,kewajiban,179497366876.0,183744452346.0
nr_2025_03_3101,snapshot_istantoro_2022_mar_2026,2025-03,monthly,2025,3.0,3101,Ekuitas,ekuitas,742494423432.0,824893172465.0
nr_2025_04_nr005_total_aset,snapshot_istantoro_2022_mar_2026,2025-04,monthly,2025,4.0,NR005_TOTAL_ASET,TOTAL ASET,aset,980745670865.0,1183333894081.0
nr_2025_04_nr006_aset_lancar,snapshot_istantoro_2022_mar_2026,2025-04,monthly,2025,4.0,NR006_ASET_LANCAR,ASET LANCAR,aset,695746471945.0,927904643344.0
nr_2025_04_nr007_kas,snapshot_istantoro_2022_mar_2026,2025-04,monthly,2025,4.0,NR007_KAS,KAS,aset,1094851826.0,1244550236.0
nr_2025_04_nr008_bank,snapshot_istantoro_2022_mar_2026,2025-04,monthly,2025,4.0,NR008_BANK,BANK,aset,40694361196.0,75441844670.0
nr_2025_04_nr009_deposito,snapshot_istantoro_2022_mar_2026,2025-04,monthly,2025,4.0,NR009_DEPOSITO,DEPOSITO,aset,924092501.0,202395787955.0
nr_2025_04_nr010_deposito_dijaminkan,snapshot_istantoro_2022_mar_2026,2025-04,monthly,2025,4.0,NR010_DEPOSITO_DIJAMINKAN,DEPOSITO YANG DI JAMINKAN,aset,205702334420.0,180113553409.0
nr_2025_04_nr011_persediaan_meterai,snapshot_istantoro_2022_mar_2026,2025-04,monthly,2025,4.0,NR011_PERSEDIAAN_METERAI,PERSEDIAAN METERAI,aset,5435736.0,2759820.0
nr_2025_04_nr012_surat_surat_berharga,snapshot_istantoro_2022_mar_2026,2025-04,monthly,2025,4.0,NR012_SURAT_SURAT_BERHARGA,SURAT SURAT BERHARGA,aset,0.0,0.0
nr_2025_04_nr013_piutang_captive,snapshot_istantoro_2022_mar_2026,2025-04,monthly,2025,4.0,NR013_PIUTANG_CAPTIVE,PIUTANG CAPTIVE,aset,21687085116.0,21061717904.0
nr_2025_04_nr014_piutang_non_captive,snapshot_istantoro_2022_mar_2026,2025-04,monthly,2025,4.0,NR014_PIUTANG_NON_CAPTIVE,PIUTANG NON CAPTIVE,aset,433664733547.0,326799036931.0
nr_2025_04_nr015_piutang_jasa_pendidikan,snapshot_istantoro_2022_mar_2026,2025-04,monthly,2025,4.0,NR015_PIUTANG_JASA_PENDIDIKAN,PIUTANG JASA PENDIDIKAN,aset,1224947445.0,2714319757.0
nr_2025_04_nr016_jumlah_piutang,snapshot_istantoro_2022_mar_2026,2025-04,monthly,2025,4.0,NR016_JUMLAH_PIUTANG,JUMLAH PIUTANG,aset,461938637156.0,362250696224.0
nr_2025_04_nr017_penyisihan_piutang,snapshot_istantoro_2022_mar_2026,2025-04,monthly,2025,4.0,NR017_PENYISIHAN_PIUTANG,PENYISIHAN PENGHAPUSAN PIUTANG,aset,-22733200224.0,-13344950585.0
nr_2025_04_nr018_piutang_bersih,snapshot_istantoro_2022_mar_2026,2025-04,monthly,2025,4.0,NR018_PIUTANG_BERSIH,PIUTANG BERSIH,aset,424640939240.0,335999485900.0
nr_2025_04_nr019_piutang_lainnya,snapshot_istantoro_2022_mar_2026,2025-04,monthly,2025,4.0,NR019_PIUTANG_LAINNYA,PIUTANG LAINNYA,aset,173977005.0,25420979060.0
nr_2025_04_nr020_piutang_inter_company,snapshot_istantoro_2022_mar_2026,2025-04,monthly,2025,4.0,NR020_PIUTANG_INTER_COMPANY,PIUTANG INTER COMPANY,aset,25614813.0,0.0
nr_2025_04_nr021_uang_muka,snapshot_istantoro_2022_mar_2026,2025-04,monthly,2025,4.0,NR021_UANG_MUKA,UANG MUKA,aset,3394395288.0,2357262767.0
nr_2025_04_nr022_pajak_dibayar_dimuka,snapshot_istantoro_2022_mar_2026,2025-04,monthly,2025,4.0,NR022_PAJAK_DIBAYAR_DIMUKA,PAJAK DIBAYAR DIMUKA,aset,18554310418.0,67558889698.0
nr_2025_04_nr023_biaya_dibayar_dimuka,snapshot_istantoro_2022_mar_2026,2025-04,monthly,2025,4.0,NR023_BIAYA_DIBAYAR_DIMUKA,BIAYA DIBAYAR DIMUKA,aset,1475210764.0,4568954109.0
nr_2025_04_nr024_total_aktiva_lancar,snapshot_istantoro_2022_mar_2026,2025-04,monthly,2025,4.0,NR024_TOTAL_AKTIVA_LANCAR,TOTAL AKTIVA LANCAR,aset,694357341741.0,887866515082.0
nr_2025_04_nr025_aktiva_tidak_lancar,snapshot_istantoro_2022_mar_2026,2025-04,monthly,2025,4.0,NR025_AKTIVA_TIDAK_LANCAR,AKTIVA TIDAK LANCAR,aset,243554302796.0,284678301982.0
nr_2025_04_nr026_aset_lain_lain,snapshot_istantoro_2022_mar_2026,2025-04,monthly,2025,4.0,NR026_ASET_LAIN_LAIN,ASET LAIN-LAIN,aset,26095552110.0,25053884651.0
nr_2025_04_nr027_investasi_asosiasi,snapshot_istantoro_2022_mar_2026,2025-04,monthly,2025,4.0,NR027_INVESTASI_ASOSIASI,INVESTASI DALAM ENTITAS ASOSIASI,aset,34077243850.0,28584716775.0
nr_2025_04_nr028_kendaraan_disewakan,snapshot_istantoro_2022_mar_2026,2025-04,monthly,2025,4.0,NR028_KENDARAAN_DISEWAKAN,KENDARAAN UNTUK DISEWAKAN,aset,0.0,1230631535.0
nr_2025_04_nr029_akumulasi_penyusutan_kendaraan,snapshot_istantoro_2022_mar_2026,2025-04,monthly,2025,4.0,NR029_AKUMULASI_PENYUSUTAN_KENDARAAN,AKUMULASI PENYUSUTAN,aset,-6684823614.0,-6426907102.0
nr_2025_04_nr030_nilai_buku_kendaraan,snapshot_istantoro_2022_mar_2026,2025-04,monthly,2025,4.0,NR030_NILAI_BUKU_KENDARAAN,NILAI BUKU,aset,0.0,1212167118.0
nr_2025_04_nr031_aset_tetap,snapshot_istantoro_2022_mar_2026,2025-04,monthly,2025,4.0,NR031_ASET_TETAP,ASET TETAP,aset,184854995250.0,213979748101.0
nr_2025_04_nr032_harga_perolehan_aset_tetap,snapshot_istantoro_2022_mar_2026,2025-04,monthly,2025,4.0,NR032_HARGA_PEROLEHAN_ASET_TETAP,HARGA PEROLEHAN AKTIVA TETAP,aset,254027984680.0,282313064646.0
nr_2025_04_nr033_akumulasi_penyusutan_aset_tetap,snapshot_istantoro_2022_mar_2026,2025-04,monthly,2025,4.0,NR033_AKUMULASI_PENYUSUTAN_ASET_TETAP,AKUMULASI PENYUSUTAN,aset,-68427343059.0,-72460754539.0
nr_2025_04_nr034_nilai_buku_aset_tetap,snapshot_istantoro_2022_mar_2026,2025-04,monthly,2025,4.0,NR034_NILAI_BUKU_ASET_TETAP,NILAI BUKU,aset,180999293817.0,221914493155.0
nr_2025_04_nr035_aktiva_lain_lain,snapshot_istantoro_2022_mar_2026,2025-04,monthly,2025,4.0,NR035_AKTIVA_LAIN_LAIN,AKTIVA LAIN-LAIN,aset,5695311672.0,7609444036.0
nr_2025_04_nr036_aset_piutang_lain,snapshot_istantoro_2022_mar_2026,2025-04,monthly,2025,4.0,NR036_ASET_PIUTANG_LAIN,ASET PIUTANG LAIN,aset,0.0,0.0
nr_2025_04_nr037_aset_dalam_penyelesaian,snapshot_istantoro_2022_mar_2026,2025-04,monthly,2025,4.0,NR037_ASET_DALAM_PENYELESAIAN,ASET DALAM PENYELESAIAN,aset,5603223228.0,7462770305.0
nr_2025_04_nr038_renovasi_bangunan,snapshot_istantoro_2022_mar_2026,2025-04,monthly,2025,4.0,NR038_RENOVASI_BANGUNAN,RENOVASI BANGUNAN YANG DISEWA,aset,0.0,0.0
nr_2025_04_nr039_uang_jaminan_proyek,snapshot_istantoro_2022_mar_2026,2025-04,monthly,2025,4.0,NR039_UANG_JAMINAN_PROYEK,UANG JAMINAN PROYEK,aset,107630394.0,108370300.0
nr_2025_04_nr040_jaminan_bank_garansi,snapshot_istantoro_2022_mar_2026,2025-04,monthly,2025,4.0,NR040_JAMINAN_BANK_GARANSI,JAMINAN BANK GARANSI,aset,21630251.0,21063917.0
nr_2025_04_nr041_total_aktiva,snapshot_istantoro_2022_mar_2026,2025-04,monthly,2025,4.0,NR041_TOTAL_AKTIVA,TOTAL AKTIVA,aset,936333956937.0,1197716197248.0
nr_2025_04_nr042_total_pasiva_section,snapshot_istantoro_2022_mar_2026,2025-04,monthly,2025,4.0,NR042_TOTAL_PASIVA_SECTION,TOTAL PASIVA,pasiva,985271489346.0,1154684304922.0
nr_2025_04_nr043_kewajiban_lancar,snapshot_istantoro_2022_mar_2026,2025-04,monthly,2025,4.0,NR043_KEWAJIBAN_LANCAR,KEWAJIBAN LANCAR,kewajiban,194011102523.0,200885917343.0
nr_2025_04_nr044_hutang_pajak,snapshot_istantoro_2022_mar_2026,2025-04,monthly,2025,4.0,NR044_HUTANG_PAJAK,HUTANG PAJAK,kewajiban,5785403117.0,46476340245.0
nr_2025_04_nr045_bpjs_dplk,snapshot_istantoro_2022_mar_2026,2025-04,monthly,2025,4.0,NR045_BPJS_DPLK,BY YMH DIBAYAR BPJS DAN DPLK,kewajiban,8655738120.0,16002653526.0
nr_2025_04_nr046_hutang_dividen,snapshot_istantoro_2022_mar_2026,2025-04,monthly,2025,4.0,NR046_HUTANG_DIVIDEN,HUTANG DIVIDEN,kewajiban,71126766085.0,0.0
nr_2025_04_nr047_biaya_masih_harus_dibayar,snapshot_istantoro_2022_mar_2026,2025-04,monthly,2025,4.0,NR047_BIAYA_MASIH_HARUS_DIBAYAR,BIAYA YANG MASIH HARUS DIBAYAR,kewajiban,43394585678.0,69202802574.0
nr_2025_04_nr048_pinjaman_modal_kerja,snapshot_istantoro_2022_mar_2026,2025-04,monthly,2025,4.0,NR048_PINJAMAN_MODAL_KERJA,PINJAMAN MODAL KERJA,kewajiban,45292776499.0,0.0
nr_2025_04_nr049_pinjaman_pemegang_saham,snapshot_istantoro_2022_mar_2026,2025-04,monthly,2025,4.0,NR049_PINJAMAN_PEMEGANG_SAHAM,PINJAMAN KE PEMEGANG SAHAM,kewajiban,0.0,0.0
nr_2025_04_nr050_kewajiban_lancar_lainnya,snapshot_istantoro_2022_mar_2026,2025-04,monthly,2025,4.0,NR050_KEWAJIBAN_LANCAR_LAINNYA,KEWAJIBAN LANCAR LAINNYA,kewajiban,15796407668.0,67009490261.0
nr_2025_04_nr051_total_kewajiban_lancar,snapshot_istantoro_2022_mar_2026,2025-04,monthly,2025,4.0,NR051_TOTAL_KEWAJIBAN_LANCAR,TOTAL KEWAJIBAN LANCAR,kewajiban,193193297661.0,201141242301.0
nr_2025_04_nr053_kewajiban_jangka_panjang,snapshot_istantoro_2022_mar_2026,2025-04,monthly,2025,4.0,NR053_KEWAJIBAN_JANGKA_PANJANG,KEWAJIBAN JANGKA PANJANG,kewajiban,178830336136.0,184205468673.0
nr_2025_04_nr054_pinjaman_ki_bri,snapshot_istantoro_2022_mar_2026,2025-04,monthly,2025,4.0,NR054_PINJAMAN_KI_BANK,PINJAMAN KI DARI BANK,kewajiban,0.0,0.0
nr_2025_04_nr055_kewajiban_imbalan_pasca_kerja,snapshot_istantoro_2022_mar_2026,2025-04,monthly,2025,4.0,NR055_KEWAJIBAN_IMBALAN_PASCA_KERJA,KEWAJIBAN IMBALAN PASCA KERJA,kewajiban,187075661901.0,186152103389.0
nr_2025_04_nr056_total_kewajiban_jangka_panjang,snapshot_istantoro_2022_mar_2026,2025-04,monthly,2025,4.0,NR056_TOTAL_KEWAJIBAN_JANGKA_PANJANG,TOTAL KEWAJIBAN JANGKA PANJANG,kewajiban,182444789031.0,180376287355.0
nr_2025_04_nr057_ekuitas,snapshot_istantoro_2022_mar_2026,2025-04,monthly,2025,4.0,NR057_EKUITAS,EKUITAS,ekuitas,569802055941.0,819093741292.0
nr_2025_04_nr058_cadangan_risiko_umum,snapshot_istantoro_2022_mar_2026,2025-04,monthly,2025,4.0,NR058_CADANGAN_RISIKO_UMUM,CADANGAN RISIKO UMUM,ekuitas,25479691549.0,30056961950.0
nr_2025_04_nr059_modal_saham,snapshot_istantoro_2022_mar_2026,2025-04,monthly,2025,4.0,NR059_MODAL_SAHAM,MODAL SAHAM,ekuitas,9488279684.0,9511167633.0
nr_2025_04_nr060_laba_ditahan,snapshot_istantoro_2022_mar_2026,2025-04,monthly,2025,4.0,NR060_LABA_DITAHAN,LABA DITAHAN,ekuitas,456556516536.0,453370370677.0
nr_2025_04_nr061_laba_setelah_pajak,snapshot_istantoro_2022_mar_2026,2025-04,monthly,2025,4.0,NR061_LABA_SETELAH_PAJAK,LABA SETELAH PAJAK,ekuitas,0.0,0.0
nr_2025_04_nr062_total_ekuitas_sebelum_rl,snapshot_istantoro_2022_mar_2026,2025-04,monthly,2025,4.0,NR062_TOTAL_EKUITAS_SEBELUM_RL,TOTAL EKUITAS SBLM R/L BERJALAN,ekuitas,480732517453.0,492379681324.0
nr_2025_04_nr063_rugi_laba_tahun_lalu,snapshot_istantoro_2022_mar_2026,2025-04,monthly,2025,4.0,NR063_RUGI_LABA_TAHUN_LALU,RUGI/LABA TAHUN LALU,ekuitas,0.0,0.0
nr_2025_04_nr064_bagian_laba_perusahaan_anak,snapshot_istantoro_2022_mar_2026,2025-04,monthly,2025,4.0,NR064_BAGIAN_LABA_PERUSAHAAN_ANAK,BAGIAN LABA PERUSAHAAN ANAK,ekuitas,47276266732.0,46177497796.0
nr_2025_04_nr065_rugi_laba_tahun_berjalan,snapshot_istantoro_2022_mar_2026,2025-04,monthly,2025,4.0,NR065_RUGI_LABA_TAHUN_BERJALAN,RUGI/LABA TAHUN BERJALAN,ekuitas,61416943002.0,272237018031.0
nr_2025_04_nr066_total_pasiva,snapshot_istantoro_2022_mar_2026,2025-04,monthly,2025,4.0,NR066_TOTAL_PASIVA,TOTAL PASIVA,pasiva,954713458566.0,1220689587675.0
nr_2025_04_nr028_kendaraan_gross,snapshot_istantoro_2022_mar_2026,2025-04,monthly,2025,4.0,NR028_KENDARAAN_GROSS,KENDARAAN UNTUK DISEWAKAN (GROSS),aset,7067801594.0,7440426019.0
nr_2025_04_1101,snapshot_istantoro_2022_mar_2026,2025-04,monthly,2025,4.0,1101,Kas dan Setara Kas,aset,255768774544.0,447565766031.0
nr_2025_04_1102,snapshot_istantoro_2022_mar_2026,2025-04,monthly,2025,4.0,1102,Piutang Bersih,aset,444129281989.0,354960629227.0
nr_2025_04_1103,snapshot_istantoro_2022_mar_2026,2025-04,monthly,2025,4.0,1103,Aset Lancar Lainnya,aset,23780994778.0,100505997081.0
nr_2025_04_1104,snapshot_istantoro_2022_mar_2026,2025-04,monthly,2025,4.0,1104,Aset Tidak Lancar,aset,244615270227.0,283424454520.0
nr_2025_04_1105,snapshot_istantoro_2022_mar_2026,2025-04,monthly,2025,4.0,1105,Jumlah Piutang,aset,474543033516.0,359210919005.0
nr_2025_04_1106,snapshot_istantoro_2022_mar_2026,2025-04,monthly,2025,4.0,1106,Total Aset Lancar,aset,698484968381.0,884003275182.0
nr_2025_04_2101,snapshot_istantoro_2022_mar_2026,2025-04,monthly,2025,4.0,2101,Kewajiban Lancar,kewajiban,186146234448.0,202640424058.0
nr_2025_04_2102,snapshot_istantoro_2022_mar_2026,2025-04,monthly,2025,4.0,2102,Kewajiban Jangka Panjang,kewajiban,177400781178.0,184800095772.0
nr_2025_04_3101,snapshot_istantoro_2022_mar_2026,2025-04,monthly,2025,4.0,3101,Ekuitas,ekuitas,585481865058.0,796940239012.0
nr_2025_05_nr005_total_aset,snapshot_istantoro_2022_mar_2026,2025-05,monthly,2025,5.0,NR005_TOTAL_ASET,TOTAL ASET,aset,929058730174.0,1173771847416.0
nr_2025_05_nr006_aset_lancar,snapshot_istantoro_2022_mar_2026,2025-05,monthly,2025,5.0,NR006_ASET_LANCAR,ASET LANCAR,aset,684879003483.0,924461326640.0
nr_2025_05_nr007_kas,snapshot_istantoro_2022_mar_2026,2025-05,monthly,2025,5.0,NR007_KAS,KAS,aset,826107185.0,1194649171.0
nr_2025_05_nr008_bank,snapshot_istantoro_2022_mar_2026,2025-05,monthly,2025,5.0,NR008_BANK,BANK,aset,52243133272.0,77219716658.0
nr_2025_05_nr009_deposito,snapshot_istantoro_2022_mar_2026,2025-05,monthly,2025,5.0,NR009_DEPOSITO,DEPOSITO,aset,0.0,198213149935.0
nr_2025_05_nr010_deposito_dijaminkan,snapshot_istantoro_2022_mar_2026,2025-05,monthly,2025,5.0,NR010_DEPOSITO_DIJAMINKAN,DEPOSITO YANG DI JAMINKAN,aset,205550202202.0,183033896101.0
nr_2025_05_nr011_persediaan_meterai,snapshot_istantoro_2022_mar_2026,2025-05,monthly,2025,5.0,NR011_PERSEDIAAN_METERAI,PERSEDIAAN METERAI,aset,10494789.0,2752160.0
nr_2025_05_nr012_surat_surat_berharga,snapshot_istantoro_2022_mar_2026,2025-05,monthly,2025,5.0,NR012_SURAT_SURAT_BERHARGA,SURAT SURAT BERHARGA,aset,0.0,0.0
nr_2025_05_nr013_piutang_captive,snapshot_istantoro_2022_mar_2026,2025-05,monthly,2025,5.0,NR013_PIUTANG_CAPTIVE,PIUTANG CAPTIVE,aset,11373852778.0,21075194360.0
nr_2025_05_nr014_piutang_non_captive,snapshot_istantoro_2022_mar_2026,2025-05,monthly,2025,5.0,NR014_PIUTANG_NON_CAPTIVE,PIUTANG NON CAPTIVE,aset,425544915699.0,334269877029.0
nr_2025_05_nr015_piutang_jasa_pendidikan,snapshot_istantoro_2022_mar_2026,2025-05,monthly,2025,5.0,NR015_PIUTANG_JASA_PENDIDIKAN,PIUTANG JASA PENDIDIKAN,aset,1274956986.0,2774044658.0
nr_2025_05_nr016_jumlah_piutang,snapshot_istantoro_2022_mar_2026,2025-05,monthly,2025,5.0,NR016_JUMLAH_PIUTANG,JUMLAH PIUTANG,aset,438903072395.0,356223933939.0
nr_2025_05_nr017_penyisihan_piutang,snapshot_istantoro_2022_mar_2026,2025-05,monthly,2025,5.0,NR017_PENYISIHAN_PIUTANG,PENYISIHAN PENGHAPUSAN PIUTANG,aset,-23137053223.0,-13526682390.0
nr_2025_05_nr018_piutang_bersih,snapshot_istantoro_2022_mar_2026,2025-05,monthly,2025,5.0,NR018_PIUTANG_BERSIH,PIUTANG BERSIH,aset,414567398754.0,356187804126.0
nr_2025_05_nr019_piutang_lainnya,snapshot_istantoro_2022_mar_2026,2025-05,monthly,2025,5.0,NR019_PIUTANG_LAINNYA,PIUTANG LAINNYA,aset,150823546.0,25881104726.0
nr_2025_05_nr020_piutang_inter_company,snapshot_istantoro_2022_mar_2026,2025-05,monthly,2025,5.0,NR020_PIUTANG_INTER_COMPANY,PIUTANG INTER COMPANY,aset,24018408.0,0.0
nr_2025_05_nr021_uang_muka,snapshot_istantoro_2022_mar_2026,2025-05,monthly,2025,5.0,NR021_UANG_MUKA,UANG MUKA,aset,6030767049.0,2401842458.0
nr_2025_05_nr022_pajak_dibayar_dimuka,snapshot_istantoro_2022_mar_2026,2025-05,monthly,2025,5.0,NR022_PAJAK_DIBAYAR_DIMUKA,PAJAK DIBAYAR DIMUKA,aset,22816610941.0,67221159784.0
nr_2025_05_nr023_biaya_dibayar_dimuka,snapshot_istantoro_2022_mar_2026,2025-05,monthly,2025,5.0,NR023_BIAYA_DIBAYAR_DIMUKA,BIAYA DIBAYAR DIMUKA,aset,1316654050.0,4509571387.0
nr_2025_05_nr024_total_aktiva_lancar,snapshot_istantoro_2022_mar_2026,2025-05,monthly,2025,5.0,NR024_TOTAL_AKTIVA_LANCAR,TOTAL AKTIVA LANCAR,aset,670575354241.0,880599953433.0
nr_2025_05_nr025_aktiva_tidak_lancar,snapshot_istantoro_2022_mar_2026,2025-05,monthly,2025,5.0,NR025_AKTIVA_TIDAK_LANCAR,AKTIVA TIDAK LANCAR,aset,245617166135.0,282398922834.0
nr_2025_05_nr026_aset_lain_lain,snapshot_istantoro_2022_mar_2026,2025-05,monthly,2025,5.0,NR026_ASET_LAIN_LAIN,ASET LAIN-LAIN,aset,27727671820.0,25425552184.0
nr_2025_05_nr027_investasi_asosiasi,snapshot_istantoro_2022_mar_2026,2025-05,monthly,2025,5.0,NR027_INVESTASI_ASOSIASI,INVESTASI DALAM ENTITAS ASOSIASI,aset,33823680632.0,29173681523.0
nr_2025_05_nr028_kendaraan_disewakan,snapshot_istantoro_2022_mar_2026,2025-05,monthly,2025,5.0,NR028_KENDARAAN_DISEWAKAN,KENDARAAN UNTUK DISEWAKAN,aset,0.0,1269536657.0
nr_2025_05_nr029_akumulasi_penyusutan_kendaraan,snapshot_istantoro_2022_mar_2026,2025-05,monthly,2025,5.0,NR029_AKUMULASI_PENYUSUTAN_KENDARAAN,AKUMULASI PENYUSUTAN,aset,-6714156222.0,-6212766776.0
nr_2025_05_nr030_nilai_buku_kendaraan,snapshot_istantoro_2022_mar_2026,2025-05,monthly,2025,5.0,NR030_NILAI_BUKU_KENDARAAN,NILAI BUKU,aset,0.0,1234152034.0
nr_2025_05_nr031_aset_tetap,snapshot_istantoro_2022_mar_2026,2025-05,monthly,2025,5.0,NR031_ASET_TETAP,ASET TETAP,aset,187075576796.0,215155190306.0
nr_2025_05_nr032_harga_perolehan_aset_tetap,snapshot_istantoro_2022_mar_2026,2025-05,monthly,2025,5.0,NR032_HARGA_PEROLEHAN_ASET_TETAP,HARGA PEROLEHAN AKTIVA TETAP,aset,254801845694.0,288815120177.0
nr_2025_05_nr033_akumulasi_penyusutan_aset_tetap,snapshot_istantoro_2022_mar_2026,2025-05,monthly,2025,5.0,NR033_AKUMULASI_PENYUSUTAN_ASET_TETAP,AKUMULASI PENYUSUTAN,aset,-68834672468.0,-69302928441.0
nr_2025_05_nr034_nilai_buku_aset_tetap,snapshot_istantoro_2022_mar_2026,2025-05,monthly,2025,5.0,NR034_NILAI_BUKU_ASET_TETAP,NILAI BUKU,aset,182276120741.0,224560330686.0
nr_2025_05_nr035_aktiva_lain_lain,snapshot_istantoro_2022_mar_2026,2025-05,monthly,2025,5.0,NR035_AKTIVA_LAIN_LAIN,AKTIVA LAIN-LAIN,aset,6588899612.0,7371060586.0
nr_2025_05_nr036_aset_piutang_lain,snapshot_istantoro_2022_mar_2026,2025-05,monthly,2025,5.0,NR036_ASET_PIUTANG_LAIN,ASET PIUTANG LAIN,aset,0.0,0.0
nr_2025_05_nr037_aset_dalam_penyelesaian,snapshot_istantoro_2022_mar_2026,2025-05,monthly,2025,5.0,NR037_ASET_DALAM_PENYELESAIAN,ASET DALAM PENYELESAIAN,aset,6178206381.0,7553820491.0
nr_2025_05_nr038_renovasi_bangunan,snapshot_istantoro_2022_mar_2026,2025-05,monthly,2025,5.0,NR038_RENOVASI_BANGUNAN,RENOVASI BANGUNAN YANG DISEWA,aset,0.0,0.0
nr_2025_05_nr039_uang_jaminan_proyek,snapshot_istantoro_2022_mar_2026,2025-05,monthly,2025,5.0,NR039_UANG_JAMINAN_PROYEK,UANG JAMINAN PROYEK,aset,108946116.0,106802989.0
nr_2025_05_nr040_jaminan_bank_garansi,snapshot_istantoro_2022_mar_2026,2025-05,monthly,2025,5.0,NR040_JAMINAN_BANK_GARANSI,JAMINAN BANK GARANSI,aset,20276524.0,21707507.0
nr_2025_05_nr041_total_aktiva,snapshot_istantoro_2022_mar_2026,2025-05,monthly,2025,5.0,NR041_TOTAL_AKTIVA,TOTAL AKTIVA,aset,938269934686.0,1191430123937.0
nr_2025_05_nr042_total_pasiva_section,snapshot_istantoro_2022_mar_2026,2025-05,monthly,2025,5.0,NR042_TOTAL_PASIVA_SECTION,TOTAL PASIVA,pasiva,936681413094.0,1218277073750.0
nr_2025_05_nr043_kewajiban_lancar,snapshot_istantoro_2022_mar_2026,2025-05,monthly,2025,5.0,NR043_KEWAJIBAN_LANCAR,KEWAJIBAN LANCAR,kewajiban,163843502996.0,193513511595.0
nr_2025_05_nr044_hutang_pajak,snapshot_istantoro_2022_mar_2026,2025-05,monthly,2025,5.0,NR044_HUTANG_PAJAK,HUTANG PAJAK,kewajiban,4264005185.0,46395045195.0
nr_2025_05_nr045_bpjs_dplk,snapshot_istantoro_2022_mar_2026,2025-05,monthly,2025,5.0,NR045_BPJS_DPLK,BY YMH DIBAYAR BPJS DAN DPLK,kewajiban,590507841.0,16389293926.0
nr_2025_05_nr046_hutang_dividen,snapshot_istantoro_2022_mar_2026,2025-05,monthly,2025,5.0,NR046_HUTANG_DIVIDEN,HUTANG DIVIDEN,kewajiban,0.0,0.0
nr_2025_05_nr047_biaya_masih_harus_dibayar,snapshot_istantoro_2022_mar_2026,2025-05,monthly,2025,5.0,NR047_BIAYA_MASIH_HARUS_DIBAYAR,BIAYA YANG MASIH HARUS DIBAYAR,kewajiban,43103861377.0,68290692595.0
nr_2025_05_nr048_pinjaman_modal_kerja,snapshot_istantoro_2022_mar_2026,2025-05,monthly,2025,5.0,NR048_PINJAMAN_MODAL_KERJA,PINJAMAN MODAL KERJA,kewajiban,94746152302.0,0.0
nr_2025_05_nr049_pinjaman_pemegang_saham,snapshot_istantoro_2022_mar_2026,2025-05,monthly,2025,5.0,NR049_PINJAMAN_PEMEGANG_SAHAM,PINJAMAN KE PEMEGANG SAHAM,kewajiban,0.0,0.0
nr_2025_05_nr050_kewajiban_lancar_lainnya,snapshot_istantoro_2022_mar_2026,2025-05,monthly,2025,5.0,NR050_KEWAJIBAN_LANCAR_LAINNYA,KEWAJIBAN LANCAR LAINNYA,kewajiban,21264561336.0,66270691261.0
nr_2025_05_nr051_total_kewajiban_lancar,snapshot_istantoro_2022_mar_2026,2025-05,monthly,2025,5.0,NR051_TOTAL_KEWAJIBAN_LANCAR,TOTAL KEWAJIBAN LANCAR,kewajiban,164083746939.0,198529919956.0
nr_2025_05_nr053_kewajiban_jangka_panjang,snapshot_istantoro_2022_mar_2026,2025-05,monthly,2025,5.0,NR053_KEWAJIBAN_JANGKA_PANJANG,KEWAJIBAN JANGKA PANJANG,kewajiban,184669853432.0,186837283115.0
nr_2025_05_nr054_pinjaman_ki_bri,snapshot_istantoro_2022_mar_2026,2025-05,monthly,2025,5.0,NR054_PINJAMAN_KI_BANK,PINJAMAN KI DARI BANK,kewajiban,0.0,0.0
nr_2025_05_nr055_kewajiban_imbalan_pasca_kerja,snapshot_istantoro_2022_mar_2026,2025-05,monthly,2025,5.0,NR055_KEWAJIBAN_IMBALAN_PASCA_KERJA,KEWAJIBAN IMBALAN PASCA KERJA,kewajiban,183524473939.0,182562047944.0
nr_2025_05_nr056_total_kewajiban_jangka_panjang,snapshot_istantoro_2022_mar_2026,2025-05,monthly,2025,5.0,NR056_TOTAL_KEWAJIBAN_JANGKA_PANJANG,TOTAL KEWAJIBAN JANGKA PANJANG,kewajiban,179084435489.0,182398922664.0
nr_2025_05_nr057_ekuitas,snapshot_istantoro_2022_mar_2026,2025-05,monthly,2025,5.0,NR057_EKUITAS,EKUITAS,ekuitas,618383961689.0,788690646535.0
nr_2025_05_nr058_cadangan_risiko_umum,snapshot_istantoro_2022_mar_2026,2025-05,monthly,2025,5.0,NR058_CADANGAN_RISIKO_UMUM,CADANGAN RISIKO UMUM,ekuitas,25162259488.0,29049734685.0
nr_2025_05_nr059_modal_saham,snapshot_istantoro_2022_mar_2026,2025-05,monthly,2025,5.0,NR059_MODAL_SAHAM,MODAL SAHAM,ekuitas,9350568738.0,9470613510.0
nr_2025_05_nr060_laba_ditahan,snapshot_istantoro_2022_mar_2026,2025-05,monthly,2025,5.0,NR060_LABA_DITAHAN,LABA DITAHAN,ekuitas,454817351308.0,441414881572.0
nr_2025_05_nr061_laba_setelah_pajak,snapshot_istantoro_2022_mar_2026,2025-05,monthly,2025,5.0,NR061_LABA_SETELAH_PAJAK,LABA SETELAH PAJAK,ekuitas,0.0,0.0
nr_2025_05_nr062_total_ekuitas_sebelum_rl,snapshot_istantoro_2022_mar_2026,2025-05,monthly,2025,5.0,NR062_TOTAL_EKUITAS_SEBELUM_RL,TOTAL EKUITAS SBLM R/L BERJALAN,ekuitas,476283197676.0,495809514990.0
nr_2025_05_nr063_rugi_laba_tahun_lalu,snapshot_istantoro_2022_mar_2026,2025-05,monthly,2025,5.0,NR063_RUGI_LABA_TAHUN_LALU,RUGI/LABA TAHUN LALU,ekuitas,0.0,0.0
nr_2025_05_nr064_bagian_laba_perusahaan_anak,snapshot_istantoro_2022_mar_2026,2025-05,monthly,2025,5.0,NR064_BAGIAN_LABA_PERUSAHAAN_ANAK,BAGIAN LABA PERUSAHAAN ANAK,ekuitas,45105878945.0,47106145473.0
nr_2025_05_nr065_rugi_laba_tahun_berjalan,snapshot_istantoro_2022_mar_2026,2025-05,monthly,2025,5.0,NR065_RUGI_LABA_TAHUN_BERJALAN,RUGI/LABA TAHUN BERJALAN,ekuitas,76454082576.0,263535861751.0
nr_2025_05_nr066_total_pasiva,snapshot_istantoro_2022_mar_2026,2025-05,monthly,2025,5.0,NR066_TOTAL_PASIVA,TOTAL PASIVA,pasiva,972039364252.0,1199354675586.0
nr_2025_05_nr028_kendaraan_gross,snapshot_istantoro_2022_mar_2026,2025-05,monthly,2025,5.0,NR028_KENDARAAN_GROSS,KENDARAAN UNTUK DISEWAKAN (GROSS),aset,7084966084.0,7442778710.0
nr_2025_05_1101,snapshot_istantoro_2022_mar_2026,2025-05,monthly,2025,5.0,1101,Kas dan Setara Kas,aset,259260186074.0,462750913806.0
nr_2025_05_1102,snapshot_istantoro_2022_mar_2026,2025-05,monthly,2025,5.0,1102,Piutang Bersih,aset,411868251276.0,338905866193.0
nr_2025_05_1103,snapshot_istantoro_2022_mar_2026,2025-05,monthly,2025,5.0,1103,Aset Lancar Lainnya,aset,30873906769.0,101746497537.0
nr_2025_05_1104,snapshot_istantoro_2022_mar_2026,2025-05,monthly,2025,5.0,1104,Aset Tidak Lancar,aset,244945758335.0,278126843047.0
nr_2025_05_1105,snapshot_istantoro_2022_mar_2026,2025-05,monthly,2025,5.0,1105,Jumlah Piutang,aset,420850166590.0,358800283046.0
nr_2025_05_1106,snapshot_istantoro_2022_mar_2026,2025-05,monthly,2025,5.0,1106,Total Aset Lancar,aset,706465729835.0,911499963702.0
nr_2025_05_2101,snapshot_istantoro_2022_mar_2026,2025-05,monthly,2025,5.0,2101,Kewajiban Lancar,kewajiban,167504270933.0,195498954735.0
nr_2025_05_2102,snapshot_istantoro_2022_mar_2026,2025-05,monthly,2025,5.0,2102,Kewajiban Jangka Panjang,kewajiban,186353302805.0,184739054463.0
nr_2025_05_3101,snapshot_istantoro_2022_mar_2026,2025-05,monthly,2025,5.0,3101,Ekuitas,ekuitas,599374498314.0,796501927812.0
nr_2025_06_nr005_total_aset,snapshot_istantoro_2022_mar_2026,2025-06,monthly,2025,6.0,NR005_TOTAL_ASET,TOTAL ASET,aset,922291293601.0,1199147967409.0
nr_2025_06_nr006_aset_lancar,snapshot_istantoro_2022_mar_2026,2025-06,monthly,2025,6.0,NR006_ASET_LANCAR,ASET LANCAR,aset,698169867976.0,887516688565.0
nr_2025_06_nr007_kas,snapshot_istantoro_2022_mar_2026,2025-06,monthly,2025,6.0,NR007_KAS,KAS,aset,977981829.0,1239948548.0
nr_2025_06_nr008_bank,snapshot_istantoro_2022_mar_2026,2025-06,monthly,2025,6.0,NR008_BANK,BANK,aset,40262154875.0,73809297755.0
nr_2025_06_nr009_deposito,snapshot_istantoro_2022_mar_2026,2025-06,monthly,2025,6.0,NR009_DEPOSITO,DEPOSITO,aset,23932981482.0,200249127553.0
nr_2025_06_nr010_deposito_dijaminkan,snapshot_istantoro_2022_mar_2026,2025-06,monthly,2025,6.0,NR010_DEPOSITO_DIJAMINKAN,DEPOSITO YANG DI JAMINKAN,aset,196564850281.0,179257611241.0
nr_2025_06_nr011_persediaan_meterai,snapshot_istantoro_2022_mar_2026,2025-06,monthly,2025,6.0,NR011_PERSEDIAAN_METERAI,PERSEDIAAN METERAI,aset,3655036.0,2721969.0
nr_2025_06_nr012_surat_surat_berharga,snapshot_istantoro_2022_mar_2026,2025-06,monthly,2025,6.0,NR012_SURAT_SURAT_BERHARGA,SURAT SURAT BERHARGA,aset,0.0,0.0
nr_2025_06_nr013_piutang_captive,snapshot_istantoro_2022_mar_2026,2025-06,monthly,2025,6.0,NR013_PIUTANG_CAPTIVE,PIUTANG CAPTIVE,aset,1709140343.0,20554610529.0
nr_2025_06_nr014_piutang_non_captive,snapshot_istantoro_2022_mar_2026,2025-06,monthly,2025,6.0,NR014_PIUTANG_NON_CAPTIVE,PIUTANG NON CAPTIVE,aset,419561332458.0,343690251208.0
nr_2025_06_nr015_piutang_jasa_pendidikan,snapshot_istantoro_2022_mar_2026,2025-06,monthly,2025,6.0,NR015_PIUTANG_JASA_PENDIDIKAN,PIUTANG JASA PENDIDIKAN,aset,1219420343.0,2807335102.0
nr_2025_06_nr016_jumlah_piutang,snapshot_istantoro_2022_mar_2026,2025-06,monthly,2025,6.0,NR016_JUMLAH_PIUTANG,JUMLAH PIUTANG,aset,413885276894.0,353040734434.0
nr_2025_06_nr017_penyisihan_piutang,snapshot_istantoro_2022_mar_2026,2025-06,monthly,2025,6.0,NR017_PENYISIHAN_PIUTANG,PENYISIHAN PENGHAPUSAN PIUTANG,aset,-22682455213.0,-13803557441.0
nr_2025_06_nr018_piutang_bersih,snapshot_istantoro_2022_mar_2026,2025-06,monthly,2025,6.0,NR018_PIUTANG_BERSIH,PIUTANG BERSIH,aset,410506807738.0,337324209605.0
nr_2025_06_nr019_piutang_lainnya,snapshot_istantoro_2022_mar_2026,2025-06,monthly,2025,6.0,NR019_PIUTANG_LAINNYA,PIUTANG LAINNYA,aset,2049493021.0,25331502740.0
nr_2025_06_nr020_piutang_inter_company,snapshot_istantoro_2022_mar_2026,2025-06,monthly,2025,6.0,NR020_PIUTANG_INTER_COMPANY,PIUTANG INTER COMPANY,aset,26489223.0,0.0
nr_2025_06_nr021_uang_muka,snapshot_istantoro_2022_mar_2026,2025-06,monthly,2025,6.0,NR021_UANG_MUKA,UANG MUKA,aset,7569948257.0,2411643589.0
nr_2025_06_nr022_pajak_dibayar_dimuka,snapshot_istantoro_2022_mar_2026,2025-06,monthly,2025,6.0,NR022_PAJAK_DIBAYAR_DIMUKA,PAJAK DIBAYAR DIMUKA,aset,26741456001.0,68458556445.0
nr_2025_06_nr023_biaya_dibayar_dimuka,snapshot_istantoro_2022_mar_2026,2025-06,monthly,2025,6.0,NR023_BIAYA_DIBAYAR_DIMUKA,BIAYA DIBAYAR DIMUKA,aset,1297198133.0,4669627234.0
nr_2025_06_nr024_total_aktiva_lancar,snapshot_istantoro_2022_mar_2026,2025-06,monthly,2025,6.0,NR024_TOTAL_AKTIVA_LANCAR,TOTAL AKTIVA LANCAR,aset,682632422078.0,894272046749.0
nr_2025_06_nr025_aktiva_tidak_lancar,snapshot_istantoro_2022_mar_2026,2025-06,monthly,2025,6.0,NR025_AKTIVA_TIDAK_LANCAR,AKTIVA TIDAK LANCAR,aset,253231202716.0,279423813479.0
nr_2025_06_nr026_aset_lain_lain,snapshot_istantoro_2022_mar_2026,2025-06,monthly,2025,6.0,NR026_ASET_LAIN_LAIN,ASET LAIN-LAIN,aset,27742994503.0,24435656874.0
nr_2025_06_nr027_investasi_asosiasi,snapshot_istantoro_2022_mar_2026,2025-06,monthly,2025,6.0,NR027_INVESTASI_ASOSIASI,INVESTASI DALAM ENTITAS ASOSIASI,aset,32137144746.0,29490922834.0
nr_2025_06_nr028_kendaraan_disewakan,snapshot_istantoro_2022_mar_2026,2025-06,monthly,2025,6.0,NR028_KENDARAAN_DISEWAKAN,KENDARAAN UNTUK DISEWAKAN,aset,0.0,1244388729.0
nr_2025_06_nr029_akumulasi_penyusutan_kendaraan,snapshot_istantoro_2022_mar_2026,2025-06,monthly,2025,6.0,NR029_AKUMULASI_PENYUSUTAN_KENDARAAN,AKUMULASI PENYUSUTAN,aset,-6705895135.0,-6471760614.0
nr_2025_06_nr030_nilai_buku_kendaraan,snapshot_istantoro_2022_mar_2026,2025-06,monthly,2025,6.0,NR030_NILAI_BUKU_KENDARAAN,NILAI BUKU,aset,0.0,1225358108.0
nr_2025_06_nr031_aset_tetap,snapshot_istantoro_2022_mar_2026,2025-06,monthly,2025,6.0,NR031_ASET_TETAP,ASET TETAP,aset,191729105412.0,216301126968.0
nr_2025_06_nr032_harga_perolehan_aset_tetap,snapshot_istantoro_2022_mar_2026,2025-06,monthly,2025,6.0,NR032_HARGA_PEROLEHAN_ASET_TETAP,HARGA PEROLEHAN AKTIVA TETAP,aset,247649376853.0,286849737253.0
nr_2025_06_nr033_akumulasi_penyusutan_aset_tetap,snapshot_istantoro_2022_mar_2026,2025-06,monthly,2025,6.0,NR033_AKUMULASI_PENYUSUTAN_ASET_TETAP,AKUMULASI PENYUSUTAN,aset,-66971663525.0,-69103909840.0
nr_2025_06_nr034_nilai_buku_aset_tetap,snapshot_istantoro_2022_mar_2026,2025-06,monthly,2025,6.0,NR034_NILAI_BUKU_ASET_TETAP,NILAI BUKU,aset,186272017844.0,216518982884.0
nr_2025_06_nr035_aktiva_lain_lain,snapshot_istantoro_2022_mar_2026,2025-06,monthly,2025,6.0,NR035_AKTIVA_LAIN_LAIN,AKTIVA LAIN-LAIN,aset,6655986466.0,7631926841.0
nr_2025_06_nr036_aset_piutang_lain,snapshot_istantoro_2022_mar_2026,2025-06,monthly,2025,6.0,NR036_ASET_PIUTANG_LAIN,ASET PIUTANG LAIN,aset,0.0,0.0
nr_2025_06_nr037_aset_dalam_penyelesaian,snapshot_istantoro_2022_mar_2026,2025-06,monthly,2025,6.0,NR037_ASET_DALAM_PENYELESAIAN,ASET DALAM PENYELESAIAN,aset,6328749191.0,7542765667.0
nr_2025_06_nr038_renovasi_bangunan,snapshot_istantoro_2022_mar_2026,2025-06,monthly,2025,6.0,NR038_RENOVASI_BANGUNAN,RENOVASI BANGUNAN YANG DISEWA,aset,0.0,0.0
nr_2025_06_nr039_uang_jaminan_proyek,snapshot_istantoro_2022_mar_2026,2025-06,monthly,2025,6.0,NR039_UANG_JAMINAN_PROYEK,UANG JAMINAN PROYEK,aset,111524548.0,107397268.0
nr_2025_06_nr040_jaminan_bank_garansi,snapshot_istantoro_2022_mar_2026,2025-06,monthly,2025,6.0,NR040_JAMINAN_BANK_GARANSI,JAMINAN BANK GARANSI,aset,21395378.0,21036720.0
nr_2025_06_nr041_total_aktiva,snapshot_istantoro_2022_mar_2026,2025-06,monthly,2025,6.0,NR041_TOTAL_AKTIVA,TOTAL AKTIVA,aset,921126732743.0,1154147262858.0
nr_2025_06_nr042_total_pasiva_section,snapshot_istantoro_2022_mar_2026,2025-06,monthly,2025,6.0,NR042_TOTAL_PASIVA_SECTION,TOTAL PASIVA,pasiva,991218383396.0,1214598298957.0
nr_2025_06_nr043_kewajiban_lancar,snapshot_istantoro_2022_mar_2026,2025-06,monthly,2025,6.0,NR043_KEWAJIBAN_LANCAR,KEWAJIBAN LANCAR,kewajiban,153605187982.0,193605185418.0
nr_2025_06_nr044_hutang_pajak,snapshot_istantoro_2022_mar_2026,2025-06,monthly,2025,6.0,NR044_HUTANG_PAJAK,HUTANG PAJAK,kewajiban,6795424049.0,46934046105.0
nr_2025_06_nr045_bpjs_dplk,snapshot_istantoro_2022_mar_2026,2025-06,monthly,2025,6.0,NR045_BPJS_DPLK,BY YMH DIBAYAR BPJS DAN DPLK,kewajiban,8071472082.0,15991955554.0
nr_2025_06_nr046_hutang_dividen,snapshot_istantoro_2022_mar_2026,2025-06,monthly,2025,6.0,NR046_HUTANG_DIVIDEN,HUTANG DIVIDEN,kewajiban,0.0,0.0
nr_2025_06_nr047_biaya_masih_harus_dibayar,snapshot_istantoro_2022_mar_2026,2025-06,monthly,2025,6.0,NR047_BIAYA_MASIH_HARUS_DIBAYAR,BIAYA YANG MASIH HARUS DIBAYAR,kewajiban,40454713274.0,69137558850.0
nr_2025_06_nr048_pinjaman_modal_kerja,snapshot_istantoro_2022_mar_2026,2025-06,monthly,2025,6.0,NR048_PINJAMAN_MODAL_KERJA,PINJAMAN MODAL KERJA,kewajiban,69153875273.0,0.0
nr_2025_06_nr049_pinjaman_pemegang_saham,snapshot_istantoro_2022_mar_2026,2025-06,monthly,2025,6.0,NR049_PINJAMAN_PEMEGANG_SAHAM,PINJAMAN KE PEMEGANG SAHAM,kewajiban,0.0,0.0
nr_2025_06_nr050_kewajiban_lancar_lainnya,snapshot_istantoro_2022_mar_2026,2025-06,monthly,2025,6.0,NR050_KEWAJIBAN_LANCAR_LAINNYA,KEWAJIBAN LANCAR LAINNYA,kewajiban,26095937922.0,69645158951.0
nr_2025_06_nr051_total_kewajiban_lancar,snapshot_istantoro_2022_mar_2026,2025-06,monthly,2025,6.0,NR051_TOTAL_KEWAJIBAN_LANCAR,TOTAL KEWAJIBAN LANCAR,kewajiban,154121283977.0,193741367245.0
nr_2025_06_nr053_kewajiban_jangka_panjang,snapshot_istantoro_2022_mar_2026,2025-06,monthly,2025,6.0,NR053_KEWAJIBAN_JANGKA_PANJANG,KEWAJIBAN JANGKA PANJANG,kewajiban,186061016983.0,182988578295.0
nr_2025_06_nr054_pinjaman_ki_bri,snapshot_istantoro_2022_mar_2026,2025-06,monthly,2025,6.0,NR054_PINJAMAN_KI_BANK,PINJAMAN KI DARI BANK,kewajiban,0.0,0.0
nr_2025_06_nr055_kewajiban_imbalan_pasca_kerja,snapshot_istantoro_2022_mar_2026,2025-06,monthly,2025,6.0,NR055_KEWAJIBAN_IMBALAN_PASCA_KERJA,KEWAJIBAN IMBALAN PASCA KERJA,kewajiban,182226582330.0,182633568732.0
nr_2025_06_nr056_total_kewajiban_jangka_panjang,snapshot_istantoro_2022_mar_2026,2025-06,monthly,2025,6.0,NR056_TOTAL_KEWAJIBAN_JANGKA_PANJANG,TOTAL KEWAJIBAN JANGKA PANJANG,kewajiban,188414073630.0,179032247733.0
nr_2025_06_nr057_ekuitas,snapshot_istantoro_2022_mar_2026,2025-06,monthly,2025,6.0,NR057_EKUITAS,EKUITAS,ekuitas,607163425084.0,802607591583.0
nr_2025_06_nr058_cadangan_risiko_umum,snapshot_istantoro_2022_mar_2026,2025-06,monthly,2025,6.0,NR058_CADANGAN_RISIKO_UMUM,CADANGAN RISIKO UMUM,ekuitas,25128711598.0,30220306049.0
nr_2025_06_nr059_modal_saham,snapshot_istantoro_2022_mar_2026,2025-06,monthly,2025,6.0,NR059_MODAL_SAHAM,MODAL SAHAM,ekuitas,9044518927.0,9424306501.0
nr_2025_06_nr060_laba_ditahan,snapshot_istantoro_2022_mar_2026,2025-06,monthly,2025,6.0,NR060_LABA_DITAHAN,LABA DITAHAN,ekuitas,434072540974.0,439056095167.0
nr_2025_06_nr061_laba_setelah_pajak,snapshot_istantoro_2022_mar_2026,2025-06,monthly,2025,6.0,NR061_LABA_SETELAH_PAJAK,LABA SETELAH PAJAK,ekuitas,0.0,0.0
nr_2025_06_nr062_total_ekuitas_sebelum_rl,snapshot_istantoro_2022_mar_2026,2025-06,monthly,2025,6.0,NR062_TOTAL_EKUITAS_SEBELUM_RL,TOTAL EKUITAS SBLM R/L BERJALAN,ekuitas,472671008412.0,504751625414.0
nr_2025_06_nr063_rugi_laba_tahun_lalu,snapshot_istantoro_2022_mar_2026,2025-06,monthly,2025,6.0,NR063_RUGI_LABA_TAHUN_LALU,RUGI/LABA TAHUN LALU,ekuitas,0.0,0.0
nr_2025_06_nr064_bagian_laba_perusahaan_anak,snapshot_istantoro_2022_mar_2026,2025-06,monthly,2025,6.0,NR064_BAGIAN_LABA_PERUSAHAAN_ANAK,BAGIAN LABA PERUSAHAAN ANAK,ekuitas,46902641166.0,45037571386.0
nr_2025_06_nr065_rugi_laba_tahun_berjalan,snapshot_istantoro_2022_mar_2026,2025-06,monthly,2025,6.0,NR065_RUGI_LABA_TAHUN_BERJALAN,RUGI/LABA TAHUN BERJALAN,ekuitas,93883319497.0,263937048406.0
nr_2025_06_nr066_total_pasiva,snapshot_istantoro_2022_mar_2026,2025-06,monthly,2025,6.0,NR066_TOTAL_PASIVA,TOTAL PASIVA,pasiva,989864626775.0,1170724583515.0
nr_2025_06_nr028_kendaraan_gross,snapshot_istantoro_2022_mar_2026,2025-06,monthly,2025,6.0,NR028_KENDARAAN_GROSS,KENDARAAN UNTUK DISEWAKAN (GROSS),aset,6702697736.0,7424050342.0
nr_2025_06_1101,snapshot_istantoro_2022_mar_2026,2025-06,monthly,2025,6.0,1101,Kas dan Setara Kas,aset,277043572518.0,449486741658.0
nr_2025_06_1102,snapshot_istantoro_2022_mar_2026,2025-06,monthly,2025,6.0,1102,Piutang Bersih,aset,390449837602.0,355973357935.0
nr_2025_06_1103,snapshot_istantoro_2022_mar_2026,2025-06,monthly,2025,6.0,1103,Aset Lancar Lainnya,aset,35786508047.0,99213842980.0
nr_2025_06_1104,snapshot_istantoro_2022_mar_2026,2025-06,monthly,2025,6.0,1104,Aset Tidak Lancar,aset,259416480602.0,274986662017.0
nr_2025_06_1105,snapshot_istantoro_2022_mar_2026,2025-06,monthly,2025,6.0,1105,Jumlah Piutang,aset,423907421859.0,351110813002.0
nr_2025_06_1106,snapshot_istantoro_2022_mar_2026,2025-06,monthly,2025,6.0,1106,Total Aset Lancar,aset,682842722328.0,918025442813.0
nr_2025_06_2101,snapshot_istantoro_2022_mar_2026,2025-06,monthly,2025,6.0,2101,Kewajiban Lancar,kewajiban,153876760268.0,203675230764.0
nr_2025_06_2102,snapshot_istantoro_2022_mar_2026,2025-06,monthly,2025,6.0,2102,Kewajiban Jangka Panjang,kewajiban,178094880926.0,179443411450.0
nr_2025_06_3101,snapshot_istantoro_2022_mar_2026,2025-06,monthly,2025,6.0,3101,Ekuitas,ekuitas,629397927553.0,782876633938.0
nr_2025_07_nr005_total_aset,snapshot_istantoro_2022_mar_2026,2025-07,monthly,2025,7.0,NR005_TOTAL_ASET,TOTAL ASET,aset,934319431395.0,1167847074819.0
nr_2025_07_nr006_aset_lancar,snapshot_istantoro_2022_mar_2026,2025-07,monthly,2025,7.0,NR006_ASET_LANCAR,ASET LANCAR,aset,712231635535.0,881984038735.0
nr_2025_07_nr007_kas,snapshot_istantoro_2022_mar_2026,2025-07,monthly,2025,7.0,NR007_KAS,KAS,aset,582227310.0,1196932507.0
nr_2025_07_nr008_bank,snapshot_istantoro_2022_mar_2026,2025-07,monthly,2025,7.0,NR008_BANK,BANK,aset,42703132965.0,75183218544.0
nr_2025_07_nr009_deposito,snapshot_istantoro_2022_mar_2026,2025-07,monthly,2025,7.0,NR009_DEPOSITO,DEPOSITO,aset,892705500.0,197890384818.0
nr_2025_07_nr010_deposito_dijaminkan,snapshot_istantoro_2022_mar_2026,2025-07,monthly,2025,7.0,NR010_DEPOSITO_DIJAMINKAN,DEPOSITO YANG DI JAMINKAN,aset,226059855472.0,182192546598.0
nr_2025_07_nr011_persediaan_meterai,snapshot_istantoro_2022_mar_2026,2025-07,monthly,2025,7.0,NR011_PERSEDIAAN_METERAI,PERSEDIAAN METERAI,aset,7543477.0,2642332.0
nr_2025_07_nr012_surat_surat_berharga,snapshot_istantoro_2022_mar_2026,2025-07,monthly,2025,7.0,NR012_SURAT_SURAT_BERHARGA,SURAT SURAT BERHARGA,aset,0.0,0.0
nr_2025_07_nr013_piutang_captive,snapshot_istantoro_2022_mar_2026,2025-07,monthly,2025,7.0,NR013_PIUTANG_CAPTIVE,PIUTANG CAPTIVE,aset,2396401586.0,21403512087.0
nr_2025_07_nr014_piutang_non_captive,snapshot_istantoro_2022_mar_2026,2025-07,monthly,2025,7.0,NR014_PIUTANG_NON_CAPTIVE,PIUTANG NON CAPTIVE,aset,404406914732.0,344178653358.0
nr_2025_07_nr015_piutang_jasa_pendidikan,snapshot_istantoro_2022_mar_2026,2025-07,monthly,2025,7.0,NR015_PIUTANG_JASA_PENDIDIKAN,PIUTANG JASA PENDIDIKAN,aset,850692786.0,2753847151.0
nr_2025_07_nr016_jumlah_piutang,snapshot_istantoro_2022_mar_2026,2025-07,monthly,2025,7.0,NR016_JUMLAH_PIUTANG,JUMLAH PIUTANG,aset,405471620853.0,356449275176.0
nr_2025_07_nr017_penyisihan_piutang,snapshot_istantoro_2022_mar_2026,2025-07,monthly,2025,7.0,NR017_PENYISIHAN_PIUTANG,PENYISIHAN PENGHAPUSAN PIUTANG,aset,-24599915672.0,-13612140470.0
nr_2025_07_nr018_piutang_bersih,snapshot_istantoro_2022_mar_2026,2025-07,monthly,2025,7.0,NR018_PIUTANG_BERSIH,PIUTANG BERSIH,aset,373385831336.0,344050915437.0
nr_2025_07_nr019_piutang_lainnya,snapshot_istantoro_2022_mar_2026,2025-07,monthly,2025,7.0,NR019_PIUTANG_LAINNYA,PIUTANG LAINNYA,aset,178306237.0,25845595609.0
nr_2025_07_nr020_piutang_inter_company,snapshot_istantoro_2022_mar_2026,2025-07,monthly,2025,7.0,NR020_PIUTANG_INTER_COMPANY,PIUTANG INTER COMPANY,aset,34730612.0,0.0
nr_2025_07_nr021_uang_muka,snapshot_istantoro_2022_mar_2026,2025-07,monthly,2025,7.0,NR021_UANG_MUKA,UANG MUKA,aset,9775799571.0,2374256982.0
nr_2025_07_nr022_pajak_dibayar_dimuka,snapshot_istantoro_2022_mar_2026,2025-07,monthly,2025,7.0,NR022_PAJAK_DIBAYAR_DIMUKA,PAJAK DIBAYAR DIMUKA,aset,30351579310.0,69261317627.0
nr_2025_07_nr023_biaya_dibayar_dimuka,snapshot_istantoro_2022_mar_2026,2025-07,monthly,2025,7.0,NR023_BIAYA_DIBAYAR_DIMUKA,BIAYA DIBAYAR DIMUKA,aset,1935673809.0,4758449748.0
nr_2025_07_nr024_total_aktiva_lancar,snapshot_istantoro_2022_mar_2026,2025-07,monthly,2025,7.0,NR024_TOTAL_AKTIVA_LANCAR,TOTAL AKTIVA LANCAR,aset,673646152870.0,897175460647.0
nr_2025_07_nr025_aktiva_tidak_lancar,snapshot_istantoro_2022_mar_2026,2025-07,monthly,2025,7.0,NR025_AKTIVA_TIDAK_LANCAR,AKTIVA TIDAK LANCAR,aset,261732344949.0,282508924910.0
nr_2025_07_nr026_aset_lain_lain,snapshot_istantoro_2022_mar_2026,2025-07,monthly,2025,7.0,NR026_ASET_LAIN_LAIN,ASET LAIN-LAIN,aset,26150937764.0,24423807314.0
nr_2025_07_nr027_investasi_asosiasi,snapshot_istantoro_2022_mar_2026,2025-07,monthly,2025,7.0,NR027_INVESTASI_ASOSIASI,INVESTASI DALAM ENTITAS ASOSIASI,aset,32363146263.0,28585266639.0
nr_2025_07_nr028_kendaraan_disewakan,snapshot_istantoro_2022_mar_2026,2025-07,monthly,2025,7.0,NR028_KENDARAAN_DISEWAKAN,KENDARAAN UNTUK DISEWAKAN,aset,0.0,1237639020.0
nr_2025_07_nr029_akumulasi_penyusutan_kendaraan,snapshot_istantoro_2022_mar_2026,2025-07,monthly,2025,7.0,NR029_AKUMULASI_PENYUSUTAN_KENDARAAN,AKUMULASI PENYUSUTAN,aset,-6864084438.0,-6279026773.0
nr_2025_07_nr030_nilai_buku_kendaraan,snapshot_istantoro_2022_mar_2026,2025-07,monthly,2025,7.0,NR030_NILAI_BUKU_KENDARAAN,NILAI BUKU,aset,0.0,1272207145.0
nr_2025_07_nr031_aset_tetap,snapshot_istantoro_2022_mar_2026,2025-07,monthly,2025,7.0,NR031_ASET_TETAP,ASET TETAP,aset,178073706612.0,214121839459.0
nr_2025_07_nr032_harga_perolehan_aset_tetap,snapshot_istantoro_2022_mar_2026,2025-07,monthly,2025,7.0,NR032_HARGA_PEROLEHAN_ASET_TETAP,HARGA PEROLEHAN AKTIVA TETAP,aset,245809552764.0,288960933809.0
nr_2025_07_nr033_akumulasi_penyusutan_aset_tetap,snapshot_istantoro_2022_mar_2026,2025-07,monthly,2025,7.0,NR033_AKUMULASI_PENYUSUTAN_ASET_TETAP,AKUMULASI PENYUSUTAN,aset,-67548216596.0,-71578976049.0
nr_2025_07_nr034_nilai_buku_aset_tetap,snapshot_istantoro_2022_mar_2026,2025-07,monthly,2025,7.0,NR034_NILAI_BUKU_ASET_TETAP,NILAI BUKU,aset,184088480576.0,221120366738.0
nr_2025_07_nr035_aktiva_lain_lain,snapshot_istantoro_2022_mar_2026,2025-07,monthly,2025,7.0,NR035_AKTIVA_LAIN_LAIN,AKTIVA LAIN-LAIN,aset,7767539432.0,7442933926.0
nr_2025_07_nr036_aset_piutang_lain,snapshot_istantoro_2022_mar_2026,2025-07,monthly,2025,7.0,NR036_ASET_PIUTANG_LAIN,ASET PIUTANG LAIN,aset,0.0,0.0
nr_2025_07_nr037_aset_dalam_penyelesaian,snapshot_istantoro_2022_mar_2026,2025-07,monthly,2025,7.0,NR037_ASET_DALAM_PENYELESAIAN,ASET DALAM PENYELESAIAN,aset,7865018626.0,7530300706.0
nr_2025_07_nr038_renovasi_bangunan,snapshot_istantoro_2022_mar_2026,2025-07,monthly,2025,7.0,NR038_RENOVASI_BANGUNAN,RENOVASI BANGUNAN YANG DISEWA,aset,0.0,0.0
nr_2025_07_nr039_uang_jaminan_proyek,snapshot_istantoro_2022_mar_2026,2025-07,monthly,2025,7.0,NR039_UANG_JAMINAN_PROYEK,UANG JAMINAN PROYEK,aset,109335267.0,107719757.0
nr_2025_07_nr040_jaminan_bank_garansi,snapshot_istantoro_2022_mar_2026,2025-07,monthly,2025,7.0,NR040_JAMINAN_BANK_GARANSI,JAMINAN BANK GARANSI,aset,20968702.0,21016478.0
nr_2025_07_nr041_total_aktiva,snapshot_istantoro_2022_mar_2026,2025-07,monthly,2025,7.0,NR041_TOTAL_AKTIVA,TOTAL AKTIVA,aset,925338018806.0,1156742074838.0
nr_2025_07_nr042_total_pasiva_section,snapshot_istantoro_2022_mar_2026,2025-07,monthly,2025,7.0,NR042_TOTAL_PASIVA_SECTION,TOTAL PASIVA,pasiva,924044928557.0,1185062169368.0
nr_2025_07_nr043_kewajiban_lancar,snapshot_istantoro_2022_mar_2026,2025-07,monthly,2025,7.0,NR043_KEWAJIBAN_LANCAR,KEWAJIBAN LANCAR,kewajiban,133667525100.0,203270388933.0
nr_2025_07_nr044_hutang_pajak,snapshot_istantoro_2022_mar_2026,2025-07,monthly,2025,7.0,NR044_HUTANG_PAJAK,HUTANG PAJAK,kewajiban,4472408231.0,46028332244.0
nr_2025_07_nr045_bpjs_dplk,snapshot_istantoro_2022_mar_2026,2025-07,monthly,2025,7.0,NR045_BPJS_DPLK,BY YMH DIBAYAR BPJS DAN DPLK,kewajiban,3291612625.0,16321231432.0
nr_2025_07_nr046_hutang_dividen,snapshot_istantoro_2022_mar_2026,2025-07,monthly,2025,7.0,NR046_HUTANG_DIVIDEN,HUTANG DIVIDEN,kewajiban,0.0,0.0
nr_2025_07_nr047_biaya_masih_harus_dibayar,snapshot_istantoro_2022_mar_2026,2025-07,monthly,2025,7.0,NR047_BIAYA_MASIH_HARUS_DIBAYAR,BIAYA YANG MASIH HARUS DIBAYAR,kewajiban,45309436885.0,69774453804.0
nr_2025_07_nr048_pinjaman_modal_kerja,snapshot_istantoro_2022_mar_2026,2025-07,monthly,2025,7.0,NR048_PINJAMAN_MODAL_KERJA,PINJAMAN MODAL KERJA,kewajiban,48187737476.0,0.0
nr_2025_07_nr049_pinjaman_pemegang_saham,snapshot_istantoro_2022_mar_2026,2025-07,monthly,2025,7.0,NR049_PINJAMAN_PEMEGANG_SAHAM,PINJAMAN KE PEMEGANG SAHAM,kewajiban,0.0,0.0
nr_2025_07_nr050_kewajiban_lancar_lainnya,snapshot_istantoro_2022_mar_2026,2025-07,monthly,2025,7.0,NR050_KEWAJIBAN_LANCAR_LAINNYA,KEWAJIBAN LANCAR LAINNYA,kewajiban,29306067917.0,66361709605.0
nr_2025_07_nr051_total_kewajiban_lancar,snapshot_istantoro_2022_mar_2026,2025-07,monthly,2025,7.0,NR051_TOTAL_KEWAJIBAN_LANCAR,TOTAL KEWAJIBAN LANCAR,kewajiban,128033383879.0,193612719567.0
nr_2025_07_nr053_kewajiban_jangka_panjang,snapshot_istantoro_2022_mar_2026,2025-07,monthly,2025,7.0,NR053_KEWAJIBAN_JANGKA_PANJANG,KEWAJIBAN JANGKA PANJANG,kewajiban,181101334613.0,179948924437.0
nr_2025_07_nr054_pinjaman_ki_bri,snapshot_istantoro_2022_mar_2026,2025-07,monthly,2025,7.0,NR054_PINJAMAN_KI_BANK,PINJAMAN KI DARI BANK,kewajiban,0.0,0.0
nr_2025_07_nr055_kewajiban_imbalan_pasca_kerja,snapshot_istantoro_2022_mar_2026,2025-07,monthly,2025,7.0,NR055_KEWAJIBAN_IMBALAN_PASCA_KERJA,KEWAJIBAN IMBALAN PASCA KERJA,kewajiban,180079059693.0,184262166337.0
nr_2025_07_nr056_total_kewajiban_jangka_panjang,snapshot_istantoro_2022_mar_2026,2025-07,monthly,2025,7.0,NR056_TOTAL_KEWAJIBAN_JANGKA_PANJANG,TOTAL KEWAJIBAN JANGKA PANJANG,kewajiban,177982472968.0,185270296261.0
nr_2025_07_nr057_ekuitas,snapshot_istantoro_2022_mar_2026,2025-07,monthly,2025,7.0,NR057_EKUITAS,EKUITAS,ekuitas,631070574528.0,796168828683.0
nr_2025_07_nr058_cadangan_risiko_umum,snapshot_istantoro_2022_mar_2026,2025-07,monthly,2025,7.0,NR058_CADANGAN_RISIKO_UMUM,CADANGAN RISIKO UMUM,ekuitas,25576206541.0,29938908570.0
nr_2025_07_nr059_modal_saham,snapshot_istantoro_2022_mar_2026,2025-07,monthly,2025,7.0,NR059_MODAL_SAHAM,MODAL SAHAM,ekuitas,9651090687.0,9253595708.0
nr_2025_07_nr060_laba_ditahan,snapshot_istantoro_2022_mar_2026,2025-07,monthly,2025,7.0,NR060_LABA_DITAHAN,LABA DITAHAN,ekuitas,462681313808.0,450185155673.0
nr_2025_07_nr061_laba_setelah_pajak,snapshot_istantoro_2022_mar_2026,2025-07,monthly,2025,7.0,NR061_LABA_SETELAH_PAJAK,LABA SETELAH PAJAK,ekuitas,0.0,0.0
nr_2025_07_nr062_total_ekuitas_sebelum_rl,snapshot_istantoro_2022_mar_2026,2025-07,monthly,2025,7.0,NR062_TOTAL_EKUITAS_SEBELUM_RL,TOTAL EKUITAS SBLM R/L BERJALAN,ekuitas,469938661596.0,483931077914.0
nr_2025_07_nr063_rugi_laba_tahun_lalu,snapshot_istantoro_2022_mar_2026,2025-07,monthly,2025,7.0,NR063_RUGI_LABA_TAHUN_LALU,RUGI/LABA TAHUN LALU,ekuitas,0.0,0.0
nr_2025_07_nr064_bagian_laba_perusahaan_anak,snapshot_istantoro_2022_mar_2026,2025-07,monthly,2025,7.0,NR064_BAGIAN_LABA_PERUSAHAAN_ANAK,BAGIAN LABA PERUSAHAAN ANAK,ekuitas,46969604739.0,44959928565.0
nr_2025_07_nr065_rugi_laba_tahun_berjalan,snapshot_istantoro_2022_mar_2026,2025-07,monthly,2025,7.0,NR065_RUGI_LABA_TAHUN_BERJALAN,RUGI/LABA TAHUN BERJALAN,ekuitas,102698405679.0,263343329738.0
nr_2025_07_nr066_total_pasiva,snapshot_istantoro_2022_mar_2026,2025-07,monthly,2025,7.0,NR066_TOTAL_PASIVA,TOTAL PASIVA,pasiva,916322491783.0,1155893556366.0
nr_2025_07_nr028_kendaraan_gross,snapshot_istantoro_2022_mar_2026,2025-07,monthly,2025,7.0,NR028_KENDARAAN_GROSS,KENDARAAN UNTUK DISEWAKAN (GROSS),aset,6945880329.0,7497496297.0
nr_2025_07_1101,snapshot_istantoro_2022_mar_2026,2025-07,monthly,2025,7.0,1101,Kas dan Setara Kas,aset,268647846406.0,446345213112.0
nr_2025_07_1102,snapshot_istantoro_2022_mar_2026,2025-07,monthly,2025,7.0,1102,Piutang Bersih,aset,384720770553.0,348521198466.0
nr_2025_07_1103,snapshot_istantoro_2022_mar_2026,2025-07,monthly,2025,7.0,1103,Aset Lancar Lainnya,aset,41408287835.0,99220817675.0
nr_2025_07_1104,snapshot_istantoro_2022_mar_2026,2025-07,monthly,2025,7.0,1104,Aset Tidak Lancar,aset,252643813575.0,289474809728.0
nr_2025_07_1105,snapshot_istantoro_2022_mar_2026,2025-07,monthly,2025,7.0,1105,Jumlah Piutang,aset,409063308626.0,352981957316.0
nr_2025_07_1106,snapshot_istantoro_2022_mar_2026,2025-07,monthly,2025,7.0,1106,Total Aset Lancar,aset,707561775277.0,897712724779.0
nr_2025_07_2101,snapshot_istantoro_2022_mar_2026,2025-07,monthly,2025,7.0,2101,Kewajiban Lancar,kewajiban,127206340903.0,197731414858.0
nr_2025_07_2102,snapshot_istantoro_2022_mar_2026,2025-07,monthly,2025,7.0,2102,Kewajiban Jangka Panjang,kewajiban,173177182105.0,176728307549.0
nr_2025_07_3101,snapshot_istantoro_2022_mar_2026,2025-07,monthly,2025,7.0,3101,Ekuitas,ekuitas,637991707810.0,822451844071.0
nr_2025_08_nr005_total_aset,snapshot_istantoro_2022_mar_2026,2025-08,monthly,2025,8.0,NR005_TOTAL_ASET,TOTAL ASET,aset,928073360903.0,1154230619550.0
nr_2025_08_nr006_aset_lancar,snapshot_istantoro_2022_mar_2026,2025-08,monthly,2025,8.0,NR006_ASET_LANCAR,ASET LANCAR,aset,731395249401.0,930025024368.0
nr_2025_08_nr007_kas,snapshot_istantoro_2022_mar_2026,2025-08,monthly,2025,8.0,NR007_KAS,KAS,aset,513921404.0,1254952940.0
nr_2025_08_nr008_bank,snapshot_istantoro_2022_mar_2026,2025-08,monthly,2025,8.0,NR008_BANK,BANK,aset,42625050778.0,75654360225.0
nr_2025_08_nr009_deposito,snapshot_istantoro_2022_mar_2026,2025-08,monthly,2025,8.0,NR009_DEPOSITO,DEPOSITO,aset,866905039.0,201676154994.0
nr_2025_08_nr010_deposito_dijaminkan,snapshot_istantoro_2022_mar_2026,2025-08,monthly,2025,8.0,NR010_DEPOSITO_DIJAMINKAN,DEPOSITO YANG DI JAMINKAN,aset,218507279234.0,183697824690.0
nr_2025_08_nr011_persediaan_meterai,snapshot_istantoro_2022_mar_2026,2025-08,monthly,2025,8.0,NR011_PERSEDIAAN_METERAI,PERSEDIAAN METERAI,aset,6402047.0,2663824.0
nr_2025_08_nr012_surat_surat_berharga,snapshot_istantoro_2022_mar_2026,2025-08,monthly,2025,8.0,NR012_SURAT_SURAT_BERHARGA,SURAT SURAT BERHARGA,aset,0.0,0.0
nr_2025_08_nr013_piutang_captive,snapshot_istantoro_2022_mar_2026,2025-08,monthly,2025,8.0,NR013_PIUTANG_CAPTIVE,PIUTANG CAPTIVE,aset,12386214926.0,21036533852.0
nr_2025_08_nr014_piutang_non_captive,snapshot_istantoro_2022_mar_2026,2025-08,monthly,2025,8.0,NR014_PIUTANG_NON_CAPTIVE,PIUTANG NON CAPTIVE,aset,402593806716.0,326817614821.0
nr_2025_08_nr015_piutang_jasa_pendidikan,snapshot_istantoro_2022_mar_2026,2025-08,monthly,2025,8.0,NR015_PIUTANG_JASA_PENDIDIKAN,PIUTANG JASA PENDIDIKAN,aset,1106116197.0,2669461889.0
nr_2025_08_nr016_jumlah_piutang,snapshot_istantoro_2022_mar_2026,2025-08,monthly,2025,8.0,NR016_JUMLAH_PIUTANG,JUMLAH PIUTANG,aset,422436102064.0,358667365820.0
nr_2025_08_nr017_penyisihan_piutang,snapshot_istantoro_2022_mar_2026,2025-08,monthly,2025,8.0,NR017_PENYISIHAN_PIUTANG,PENYISIHAN PENGHAPUSAN PIUTANG,aset,-28504559056.0,-13750727424.0
nr_2025_08_nr018_piutang_bersih,snapshot_istantoro_2022_mar_2026,2025-08,monthly,2025,8.0,NR018_PIUTANG_BERSIH,PIUTANG BERSIH,aset,381084126379.0,353928535829.0
nr_2025_08_nr019_piutang_lainnya,snapshot_istantoro_2022_mar_2026,2025-08,monthly,2025,8.0,NR019_PIUTANG_LAINNYA,PIUTANG LAINNYA,aset,179495941.0,24892625910.0
nr_2025_08_nr020_piutang_inter_company,snapshot_istantoro_2022_mar_2026,2025-08,monthly,2025,8.0,NR020_PIUTANG_INTER_COMPANY,PIUTANG INTER COMPANY,aset,61653776.0,0.0
nr_2025_08_nr021_uang_muka,snapshot_istantoro_2022_mar_2026,2025-08,monthly,2025,8.0,NR021_UANG_MUKA,UANG MUKA,aset,8172874997.0,2427263021.0
nr_2025_08_nr022_pajak_dibayar_dimuka,snapshot_istantoro_2022_mar_2026,2025-08,monthly,2025,8.0,NR022_PAJAK_DIBAYAR_DIMUKA,PAJAK DIBAYAR DIMUKA,aset,32776892041.0,66630227568.0
nr_2025_08_nr023_biaya_dibayar_dimuka,snapshot_istantoro_2022_mar_2026,2025-08,monthly,2025,8.0,NR023_BIAYA_DIBAYAR_DIMUKA,BIAYA DIBAYAR DIMUKA,aset,1865776868.0,4605493355.0
nr_2025_08_nr024_total_aktiva_lancar,snapshot_istantoro_2022_mar_2026,2025-08,monthly,2025,8.0,NR024_TOTAL_AKTIVA_LANCAR,TOTAL AKTIVA LANCAR,aset,712215703068.0,896123826594.0
nr_2025_08_nr025_aktiva_tidak_lancar,snapshot_istantoro_2022_mar_2026,2025-08,monthly,2025,8.0,NR025_AKTIVA_TIDAK_LANCAR,AKTIVA TIDAK LANCAR,aset,244591919211.0,279797573203.0
nr_2025_08_nr026_aset_lain_lain,snapshot_istantoro_2022_mar_2026,2025-08,monthly,2025,8.0,NR026_ASET_LAIN_LAIN,ASET LAIN-LAIN,aset,27250759738.0,24507072198.0
nr_2025_08_nr027_investasi_asosiasi,snapshot_istantoro_2022_mar_2026,2025-08,monthly,2025,8.0,NR027_INVESTASI_ASOSIASI,INVESTASI DALAM ENTITAS ASOSIASI,aset,31024747685.0,29114633769.0
nr_2025_08_nr028_kendaraan_disewakan,snapshot_istantoro_2022_mar_2026,2025-08,monthly,2025,8.0,NR028_KENDARAAN_DISEWAKAN,KENDARAAN UNTUK DISEWAKAN,aset,0.0,1266614831.0
nr_2025_08_nr029_akumulasi_penyusutan_kendaraan,snapshot_istantoro_2022_mar_2026,2025-08,monthly,2025,8.0,NR029_AKUMULASI_PENYUSUTAN_KENDARAAN,AKUMULASI PENYUSUTAN,aset,-6614815714.0,-6369276775.0
nr_2025_08_nr030_nilai_buku_kendaraan,snapshot_istantoro_2022_mar_2026,2025-08,monthly,2025,8.0,NR030_NILAI_BUKU_KENDARAAN,NILAI BUKU,aset,0.0,1243397788.0
nr_2025_08_nr031_aset_tetap,snapshot_istantoro_2022_mar_2026,2025-08,monthly,2025,8.0,NR031_ASET_TETAP,ASET TETAP,aset,191575785188.0,223178351476.0
nr_2025_08_nr032_harga_perolehan_aset_tetap,snapshot_istantoro_2022_mar_2026,2025-08,monthly,2025,8.0,NR032_HARGA_PEROLEHAN_ASET_TETAP,HARGA PEROLEHAN AKTIVA TETAP,aset,262812352613.0,293313816141.0
nr_2025_08_nr033_akumulasi_penyusutan_aset_tetap,snapshot_istantoro_2022_mar_2026,2025-08,monthly,2025,8.0,NR033_AKUMULASI_PENYUSUTAN_ASET_TETAP,AKUMULASI PENYUSUTAN,aset,-65723893711.0,-71087148771.0
nr_2025_08_nr034_nilai_buku_aset_tetap,snapshot_istantoro_2022_mar_2026,2025-08,monthly,2025,8.0,NR034_NILAI_BUKU_ASET_TETAP,NILAI BUKU,aset,185986188923.0,215425715923.0
nr_2025_08_nr035_aktiva_lain_lain,snapshot_istantoro_2022_mar_2026,2025-08,monthly,2025,8.0,NR035_AKTIVA_LAIN_LAIN,AKTIVA LAIN-LAIN,aset,6381353997.0,7668634886.0
nr_2025_08_nr036_aset_piutang_lain,snapshot_istantoro_2022_mar_2026,2025-08,monthly,2025,8.0,NR036_ASET_PIUTANG_LAIN,ASET PIUTANG LAIN,aset,0.0,0.0
nr_2025_08_nr037_aset_dalam_penyelesaian,snapshot_istantoro_2022_mar_2026,2025-08,monthly,2025,8.0,NR037_ASET_DALAM_PENYELESAIAN,ASET DALAM PENYELESAIAN,aset,6300489146.0,7401193495.0
nr_2025_08_nr038_renovasi_bangunan,snapshot_istantoro_2022_mar_2026,2025-08,monthly,2025,8.0,NR038_RENOVASI_BANGUNAN,RENOVASI BANGUNAN YANG DISEWA,aset,0.0,0.0
nr_2025_08_nr039_uang_jaminan_proyek,snapshot_istantoro_2022_mar_2026,2025-08,monthly,2025,8.0,NR039_UANG_JAMINAN_PROYEK,UANG JAMINAN PROYEK,aset,104530639.0,105485083.0
nr_2025_08_nr040_jaminan_bank_garansi,snapshot_istantoro_2022_mar_2026,2025-08,monthly,2025,8.0,NR040_JAMINAN_BANK_GARANSI,JAMINAN BANK GARANSI,aset,21224778.0,20800838.0
nr_2025_08_nr041_total_aktiva,snapshot_istantoro_2022_mar_2026,2025-08,monthly,2025,8.0,NR041_TOTAL_AKTIVA,TOTAL AKTIVA,aset,989025816074.0,1209177865517.0
nr_2025_08_nr042_total_pasiva_section,snapshot_istantoro_2022_mar_2026,2025-08,monthly,2025,8.0,NR042_TOTAL_PASIVA_SECTION,TOTAL PASIVA,pasiva,954304775831.0,1155096442584.0
nr_2025_08_nr043_kewajiban_lancar,snapshot_istantoro_2022_mar_2026,2025-08,monthly,2025,8.0,NR043_KEWAJIBAN_LANCAR,KEWAJIBAN LANCAR,kewajiban,132074760856.0,205320830201.0
nr_2025_08_nr044_hutang_pajak,snapshot_istantoro_2022_mar_2026,2025-08,monthly,2025,8.0,NR044_HUTANG_PAJAK,HUTANG PAJAK,kewajiban,4806451259.0,44700273610.0
nr_2025_08_nr045_bpjs_dplk,snapshot_istantoro_2022_mar_2026,2025-08,monthly,2025,8.0,NR045_BPJS_DPLK,BY YMH DIBAYAR BPJS DAN DPLK,kewajiban,589644206.0,16286576260.0
nr_2025_08_nr046_hutang_dividen,snapshot_istantoro_2022_mar_2026,2025-08,monthly,2025,8.0,NR046_HUTANG_DIVIDEN,HUTANG DIVIDEN,kewajiban,0.0,0.0
nr_2025_08_nr047_biaya_masih_harus_dibayar,snapshot_istantoro_2022_mar_2026,2025-08,monthly,2025,8.0,NR047_BIAYA_MASIH_HARUS_DIBAYAR,BIAYA YANG MASIH HARUS DIBAYAR,kewajiban,40816582582.0,69358854737.0
nr_2025_08_nr048_pinjaman_modal_kerja,snapshot_istantoro_2022_mar_2026,2025-08,monthly,2025,8.0,NR048_PINJAMAN_MODAL_KERJA,PINJAMAN MODAL KERJA,kewajiban,57806331776.0,0.0
nr_2025_08_nr049_pinjaman_pemegang_saham,snapshot_istantoro_2022_mar_2026,2025-08,monthly,2025,8.0,NR049_PINJAMAN_PEMEGANG_SAHAM,PINJAMAN KE PEMEGANG SAHAM,kewajiban,0.0,0.0
nr_2025_08_nr050_kewajiban_lancar_lainnya,snapshot_istantoro_2022_mar_2026,2025-08,monthly,2025,8.0,NR050_KEWAJIBAN_LANCAR_LAINNYA,KEWAJIBAN LANCAR LAINNYA,kewajiban,32656545182.0,67884754777.0
nr_2025_08_nr051_total_kewajiban_lancar,snapshot_istantoro_2022_mar_2026,2025-08,monthly,2025,8.0,NR051_TOTAL_KEWAJIBAN_LANCAR,TOTAL KEWAJIBAN LANCAR,kewajiban,133257365087.0,203987325605.0
nr_2025_08_nr053_kewajiban_jangka_panjang,snapshot_istantoro_2022_mar_2026,2025-08,monthly,2025,8.0,NR053_KEWAJIBAN_JANGKA_PANJANG,KEWAJIBAN JANGKA PANJANG,kewajiban,172418832209.0,181147408318.0
nr_2025_08_nr054_pinjaman_ki_bri,snapshot_istantoro_2022_mar_2026,2025-08,monthly,2025,8.0,NR054_PINJAMAN_KI_BANK,PINJAMAN KI DARI BANK,kewajiban,0.0,0.0
nr_2025_08_nr055_kewajiban_imbalan_pasca_kerja,snapshot_istantoro_2022_mar_2026,2025-08,monthly,2025,8.0,NR055_KEWAJIBAN_IMBALAN_PASCA_KERJA,KEWAJIBAN IMBALAN PASCA KERJA,kewajiban,165624351748.0,182508589453.0
nr_2025_08_nr056_total_kewajiban_jangka_panjang,snapshot_istantoro_2022_mar_2026,2025-08,monthly,2025,8.0,NR056_TOTAL_KEWAJIBAN_JANGKA_PANJANG,TOTAL KEWAJIBAN JANGKA PANJANG,kewajiban,172398161733.0,177174612005.0
nr_2025_08_nr057_ekuitas,snapshot_istantoro_2022_mar_2026,2025-08,monthly,2025,8.0,NR057_EKUITAS,EKUITAS,ekuitas,633384775522.0,781978921641.0
nr_2025_08_nr058_cadangan_risiko_umum,snapshot_istantoro_2022_mar_2026,2025-08,monthly,2025,8.0,NR058_CADANGAN_RISIKO_UMUM,CADANGAN RISIKO UMUM,ekuitas,24811609122.0,29488173250.0
nr_2025_08_nr059_modal_saham,snapshot_istantoro_2022_mar_2026,2025-08,monthly,2025,8.0,NR059_MODAL_SAHAM,MODAL SAHAM,ekuitas,9271928934.0,9398339362.0
nr_2025_08_nr060_laba_ditahan,snapshot_istantoro_2022_mar_2026,2025-08,monthly,2025,8.0,NR060_LABA_DITAHAN,LABA DITAHAN,ekuitas,461875743253.0,442329806667.0
nr_2025_08_nr061_laba_setelah_pajak,snapshot_istantoro_2022_mar_2026,2025-08,monthly,2025,8.0,NR061_LABA_SETELAH_PAJAK,LABA SETELAH PAJAK,ekuitas,0.0,0.0
nr_2025_08_nr062_total_ekuitas_sebelum_rl,snapshot_istantoro_2022_mar_2026,2025-08,monthly,2025,8.0,NR062_TOTAL_EKUITAS_SEBELUM_RL,TOTAL EKUITAS SBLM R/L BERJALAN,ekuitas,497125391081.0,480460908904.0
nr_2025_08_nr063_rugi_laba_tahun_lalu,snapshot_istantoro_2022_mar_2026,2025-08,monthly,2025,8.0,NR063_RUGI_LABA_TAHUN_LALU,RUGI/LABA TAHUN LALU,ekuitas,0.0,0.0
nr_2025_08_nr064_bagian_laba_perusahaan_anak,snapshot_istantoro_2022_mar_2026,2025-08,monthly,2025,8.0,NR064_BAGIAN_LABA_PERUSAHAAN_ANAK,BAGIAN LABA PERUSAHAAN ANAK,ekuitas,44754294535.0,45717181576.0
nr_2025_08_nr065_rugi_laba_tahun_berjalan,snapshot_istantoro_2022_mar_2026,2025-08,monthly,2025,8.0,NR065_RUGI_LABA_TAHUN_BERJALAN,RUGI/LABA TAHUN BERJALAN,ekuitas,120902092241.0,270603878775.0
nr_2025_08_nr066_total_pasiva,snapshot_istantoro_2022_mar_2026,2025-08,monthly,2025,8.0,NR066_TOTAL_PASIVA,TOTAL PASIVA,pasiva,927310448443.0,1202689335062.0
nr_2025_08_nr028_kendaraan_gross,snapshot_istantoro_2022_mar_2026,2025-08,monthly,2025,8.0,NR028_KENDARAAN_GROSS,KENDARAAN UNTUK DISEWAKAN (GROSS),aset,6854861276.0,7488479917.0
nr_2025_08_1101,snapshot_istantoro_2022_mar_2026,2025-08,monthly,2025,8.0,1101,Kas dan Setara Kas,aset,270331298790.0,448287428072.0
nr_2025_08_1102,snapshot_istantoro_2022_mar_2026,2025-08,monthly,2025,8.0,1102,Piutang Bersih,aset,402091434858.0,355019706190.0
nr_2025_08_1103,snapshot_istantoro_2022_mar_2026,2025-08,monthly,2025,8.0,1103,Aset Lancar Lainnya,aset,45732766910.0,98885473327.0
nr_2025_08_1104,snapshot_istantoro_2022_mar_2026,2025-08,monthly,2025,8.0,1104,Aset Tidak Lancar,aset,246751411798.0,287451533953.0
nr_2025_08_1105,snapshot_istantoro_2022_mar_2026,2025-08,monthly,2025,8.0,1105,Jumlah Piutang,aset,418839309382.0,367432613404.0
nr_2025_08_1106,snapshot_istantoro_2022_mar_2026,2025-08,monthly,2025,8.0,1106,Total Aset Lancar,aset,727346529998.0,920910227467.0
nr_2025_08_2101,snapshot_istantoro_2022_mar_2026,2025-08,monthly,2025,8.0,2101,Kewajiban Lancar,kewajiban,139986330257.0,195469760165.0
nr_2025_08_2102,snapshot_istantoro_2022_mar_2026,2025-08,monthly,2025,8.0,2102,Kewajiban Jangka Panjang,kewajiban,162087448256.0,185614917279.0
nr_2025_08_3101,snapshot_istantoro_2022_mar_2026,2025-08,monthly,2025,8.0,3101,Ekuitas,ekuitas,639309372830.0,819068508087.0
nr_2025_09_nr005_total_aset,snapshot_istantoro_2022_mar_2026,2025-09,monthly,2025,9.0,NR005_TOTAL_ASET,TOTAL ASET,aset,1061636876793.0,1194470177370.0
nr_2025_09_nr006_aset_lancar,snapshot_istantoro_2022_mar_2026,2025-09,monthly,2025,9.0,NR006_ASET_LANCAR,ASET LANCAR,aset,804466146608.0,897243737491.0
nr_2025_09_nr007_kas,snapshot_istantoro_2022_mar_2026,2025-09,monthly,2025,9.0,NR007_KAS,KAS,aset,369314838.0,1208637952.0
nr_2025_09_nr008_bank,snapshot_istantoro_2022_mar_2026,2025-09,monthly,2025,9.0,NR008_BANK,BANK,aset,162973969795.0,73780766388.0
nr_2025_09_nr009_deposito,snapshot_istantoro_2022_mar_2026,2025-09,monthly,2025,9.0,NR009_DEPOSITO,DEPOSITO,aset,23510598871.0,201267758040.0
nr_2025_09_nr010_deposito_dijaminkan,snapshot_istantoro_2022_mar_2026,2025-09,monthly,2025,9.0,NR010_DEPOSITO_DIJAMINKAN,DEPOSITO YANG DI JAMINKAN,aset,221709325255.0,182949542889.0
nr_2025_09_nr011_persediaan_meterai,snapshot_istantoro_2022_mar_2026,2025-09,monthly,2025,9.0,NR011_PERSEDIAAN_METERAI,PERSEDIAAN METERAI,aset,3175549.0,2659365.0
nr_2025_09_nr012_surat_surat_berharga,snapshot_istantoro_2022_mar_2026,2025-09,monthly,2025,9.0,NR012_SURAT_SURAT_BERHARGA,SURAT SURAT BERHARGA,aset,0.0,0.0
nr_2025_09_nr013_piutang_captive,snapshot_istantoro_2022_mar_2026,2025-09,monthly,2025,9.0,NR013_PIUTANG_CAPTIVE,PIUTANG CAPTIVE,aset,11687604945.0,20821508859.0
nr_2025_09_nr014_piutang_non_captive,snapshot_istantoro_2022_mar_2026,2025-09,monthly,2025,9.0,NR014_PIUTANG_NON_CAPTIVE,PIUTANG NON CAPTIVE,aset,387423543414.0,333243438910.0
nr_2025_09_nr015_piutang_jasa_pendidikan,snapshot_istantoro_2022_mar_2026,2025-09,monthly,2025,9.0,NR015_PIUTANG_JASA_PENDIDIKAN,PIUTANG JASA PENDIDIKAN,aset,1248636793.0,2766058323.0
nr_2025_09_nr016_jumlah_piutang,snapshot_istantoro_2022_mar_2026,2025-09,monthly,2025,9.0,NR016_JUMLAH_PIUTANG,JUMLAH PIUTANG,aset,390915607601.0,368247468186.0
nr_2025_09_nr017_penyisihan_piutang,snapshot_istantoro_2022_mar_2026,2025-09,monthly,2025,9.0,NR017_PENYISIHAN_PIUTANG,PENYISIHAN PENGHAPUSAN PIUTANG,aset,-29708344654.0,-13433451047.0
nr_2025_09_nr018_piutang_bersih,snapshot_istantoro_2022_mar_2026,2025-09,monthly,2025,9.0,NR018_PIUTANG_BERSIH,PIUTANG BERSIH,aset,375357667472.0,343419127708.0
nr_2025_09_nr019_piutang_lainnya,snapshot_istantoro_2022_mar_2026,2025-09,monthly,2025,9.0,NR019_PIUTANG_LAINNYA,PIUTANG LAINNYA,aset,168434091.0,24948018530.0
nr_2025_09_nr020_piutang_inter_company,snapshot_istantoro_2022_mar_2026,2025-09,monthly,2025,9.0,NR020_PIUTANG_INTER_COMPANY,PIUTANG INTER COMPANY,aset,76476917.0,0.0
nr_2025_09_nr021_uang_muka,snapshot_istantoro_2022_mar_2026,2025-09,monthly,2025,9.0,NR021_UANG_MUKA,UANG MUKA,aset,4717560516.0,2399017032.0
nr_2025_09_nr022_pajak_dibayar_dimuka,snapshot_istantoro_2022_mar_2026,2025-09,monthly,2025,9.0,NR022_PAJAK_DIBAYAR_DIMUKA,PAJAK DIBAYAR DIMUKA,aset,33723877956.0,68741109276.0
nr_2025_09_nr023_biaya_dibayar_dimuka,snapshot_istantoro_2022_mar_2026,2025-09,monthly,2025,9.0,NR023_BIAYA_DIBAYAR_DIMUKA,BIAYA DIBAYAR DIMUKA,aset,2148293734.0,4755061957.0
nr_2025_09_nr024_total_aktiva_lancar,snapshot_istantoro_2022_mar_2026,2025-09,monthly,2025,9.0,NR024_TOTAL_AKTIVA_LANCAR,TOTAL AKTIVA LANCAR,aset,849269829255.0,894072582541.0
nr_2025_09_nr025_aktiva_tidak_lancar,snapshot_istantoro_2022_mar_2026,2025-09,monthly,2025,9.0,NR025_AKTIVA_TIDAK_LANCAR,AKTIVA TIDAK LANCAR,aset,248347953649.0,289087485036.0
nr_2025_09_nr026_aset_lain_lain,snapshot_istantoro_2022_mar_2026,2025-09,monthly,2025,9.0,NR026_ASET_LAIN_LAIN,ASET LAIN-LAIN,aset,26155909379.0,24376055472.0
nr_2025_09_nr027_investasi_asosiasi,snapshot_istantoro_2022_mar_2026,2025-09,monthly,2025,9.0,NR027_INVESTASI_ASOSIASI,INVESTASI DALAM ENTITAS ASOSIASI,aset,28959476563.0,29288312736.0
nr_2025_09_nr028_kendaraan_disewakan,snapshot_istantoro_2022_mar_2026,2025-09,monthly,2025,9.0,NR028_KENDARAAN_DISEWAKAN,KENDARAAN UNTUK DISEWAKAN,aset,0.0,1211040216.0
nr_2025_09_nr029_akumulasi_penyusutan_kendaraan,snapshot_istantoro_2022_mar_2026,2025-09,monthly,2025,9.0,NR029_AKUMULASI_PENYUSUTAN_KENDARAAN,AKUMULASI PENYUSUTAN,aset,-6601970377.0,-6542711749.0
nr_2025_09_nr030_nilai_buku_kendaraan,snapshot_istantoro_2022_mar_2026,2025-09,monthly,2025,9.0,NR030_NILAI_BUKU_KENDARAAN,NILAI BUKU,aset,0.0,1246323570.0
nr_2025_09_nr031_aset_tetap,snapshot_istantoro_2022_mar_2026,2025-09,monthly,2025,9.0,NR031_ASET_TETAP,ASET TETAP,aset,180603274219.0,220825047505.0
nr_2025_09_nr032_harga_perolehan_aset_tetap,snapshot_istantoro_2022_mar_2026,2025-09,monthly,2025,9.0,NR032_HARGA_PEROLEHAN_ASET_TETAP,HARGA PEROLEHAN AKTIVA TETAP,aset,254762585832.0,295495770867.0
nr_2025_09_nr033_akumulasi_penyusutan_aset_tetap,snapshot_istantoro_2022_mar_2026,2025-09,monthly,2025,9.0,NR033_AKUMULASI_PENYUSUTAN_ASET_TETAP,AKUMULASI PENYUSUTAN,aset,-69171728050.0,-69635526260.0
nr_2025_09_nr034_nilai_buku_aset_tetap,snapshot_istantoro_2022_mar_2026,2025-09,monthly,2025,9.0,NR034_NILAI_BUKU_ASET_TETAP,NILAI BUKU,aset,178078159261.0,212551896305.0
nr_2025_09_nr035_aktiva_lain_lain,snapshot_istantoro_2022_mar_2026,2025-09,monthly,2025,9.0,NR035_AKTIVA_LAIN_LAIN,AKTIVA LAIN-LAIN,aset,6807057271.0,7665915990.0
nr_2025_09_nr036_aset_piutang_lain,snapshot_istantoro_2022_mar_2026,2025-09,monthly,2025,9.0,NR036_ASET_PIUTANG_LAIN,ASET PIUTANG LAIN,aset,0.0,0.0
nr_2025_09_nr037_aset_dalam_penyelesaian,snapshot_istantoro_2022_mar_2026,2025-09,monthly,2025,9.0,NR037_ASET_DALAM_PENYELESAIAN,ASET DALAM PENYELESAIAN,aset,6812225822.0,7285343391.0
nr_2025_09_nr038_renovasi_bangunan,snapshot_istantoro_2022_mar_2026,2025-09,monthly,2025,9.0,NR038_RENOVASI_BANGUNAN,RENOVASI BANGUNAN YANG DISEWA,aset,0.0,0.0
nr_2025_09_nr039_uang_jaminan_proyek,snapshot_istantoro_2022_mar_2026,2025-09,monthly,2025,9.0,NR039_UANG_JAMINAN_PROYEK,UANG JAMINAN PROYEK,aset,108979921.0,104891811.0
nr_2025_09_nr040_jaminan_bank_garansi,snapshot_istantoro_2022_mar_2026,2025-09,monthly,2025,9.0,NR040_JAMINAN_BANK_GARANSI,JAMINAN BANK GARANSI,aset,21326139.0,21053121.0
nr_2025_09_nr041_total_aktiva,snapshot_istantoro_2022_mar_2026,2025-09,monthly,2025,9.0,NR041_TOTAL_AKTIVA,TOTAL AKTIVA,aset,1052986796176.0,1194582979647.0
nr_2025_09_nr042_total_pasiva_section,snapshot_istantoro_2022_mar_2026,2025-09,monthly,2025,9.0,NR042_TOTAL_PASIVA_SECTION,TOTAL PASIVA,pasiva,1033582375865.0,1154157664954.0
nr_2025_09_nr043_kewajiban_lancar,snapshot_istantoro_2022_mar_2026,2025-09,monthly,2025,9.0,NR043_KEWAJIBAN_LANCAR,KEWAJIBAN LANCAR,kewajiban,241524960137.0,196738893246.0
nr_2025_09_nr044_hutang_pajak,snapshot_istantoro_2022_mar_2026,2025-09,monthly,2025,9.0,NR044_HUTANG_PAJAK,HUTANG PAJAK,kewajiban,6492308262.0,44432703660.0
nr_2025_09_nr045_bpjs_dplk,snapshot_istantoro_2022_mar_2026,2025-09,monthly,2025,9.0,NR045_BPJS_DPLK,BY YMH DIBAYAR BPJS DAN DPLK,kewajiban,12592523286.0,15925820385.0
nr_2025_09_nr046_hutang_dividen,snapshot_istantoro_2022_mar_2026,2025-09,monthly,2025,9.0,NR046_HUTANG_DIVIDEN,HUTANG DIVIDEN,kewajiban,0.0,0.0
nr_2025_09_nr047_biaya_masih_harus_dibayar,snapshot_istantoro_2022_mar_2026,2025-09,monthly,2025,9.0,NR047_BIAYA_MASIH_HARUS_DIBAYAR,BIAYA YANG MASIH HARUS DIBAYAR,kewajiban,35374257241.0,71454200605.0
nr_2025_09_nr048_pinjaman_modal_kerja,snapshot_istantoro_2022_mar_2026,2025-09,monthly,2025,9.0,NR048_PINJAMAN_MODAL_KERJA,PINJAMAN MODAL KERJA,kewajiban,150953027075.0,0.0
nr_2025_09_nr049_pinjaman_pemegang_saham,snapshot_istantoro_2022_mar_2026,2025-09,monthly,2025,9.0,NR049_PINJAMAN_PEMEGANG_SAHAM,PINJAMAN KE PEMEGANG SAHAM,kewajiban,0.0,0.0
nr_2025_09_nr050_kewajiban_lancar_lainnya,snapshot_istantoro_2022_mar_2026,2025-09,monthly,2025,9.0,NR050_KEWAJIBAN_LANCAR_LAINNYA,KEWAJIBAN LANCAR LAINNYA,kewajiban,36211464546.0,69883276730.0
nr_2025_09_nr051_total_kewajiban_lancar,snapshot_istantoro_2022_mar_2026,2025-09,monthly,2025,9.0,NR051_TOTAL_KEWAJIBAN_LANCAR,TOTAL KEWAJIBAN LANCAR,kewajiban,242901683608.0,201072384289.0
nr_2025_09_nr053_kewajiban_jangka_panjang,snapshot_istantoro_2022_mar_2026,2025-09,monthly,2025,9.0,NR053_KEWAJIBAN_JANGKA_PANJANG,KEWAJIBAN JANGKA PANJANG,kewajiban,160826658638.0,178402010158.0
nr_2025_09_nr054_pinjaman_ki_bri,snapshot_istantoro_2022_mar_2026,2025-09,monthly,2025,9.0,NR054_PINJAMAN_KI_BANK,PINJAMAN KI DARI BANK,kewajiban,0.0,0.0
nr_2025_09_nr055_kewajiban_imbalan_pasca_kerja,snapshot_istantoro_2022_mar_2026,2025-09,monthly,2025,9.0,NR055_KEWAJIBAN_IMBALAN_PASCA_KERJA,KEWAJIBAN IMBALAN PASCA KERJA,kewajiban,167384262185.0,186533219600.0
nr_2025_09_nr056_total_kewajiban_jangka_panjang,snapshot_istantoro_2022_mar_2026,2025-09,monthly,2025,9.0,NR056_TOTAL_KEWAJIBAN_JANGKA_PANJANG,TOTAL KEWAJIBAN JANGKA PANJANG,kewajiban,168105228839.0,182276457774.0
nr_2025_09_nr057_ekuitas,snapshot_istantoro_2022_mar_2026,2025-09,monthly,2025,9.0,NR057_EKUITAS,EKUITAS,ekuitas,671235962259.0,789301139630.0
nr_2025_09_nr058_cadangan_risiko_umum,snapshot_istantoro_2022_mar_2026,2025-09,monthly,2025,9.0,NR058_CADANGAN_RISIKO_UMUM,CADANGAN RISIKO UMUM,ekuitas,19866407862.0,30704477387.0
nr_2025_09_nr059_modal_saham,snapshot_istantoro_2022_mar_2026,2025-09,monthly,2025,9.0,NR059_MODAL_SAHAM,MODAL SAHAM,ekuitas,9346931489.0,9441230655.0
nr_2025_09_nr060_laba_ditahan,snapshot_istantoro_2022_mar_2026,2025-09,monthly,2025,9.0,NR060_LABA_DITAHAN,LABA DITAHAN,ekuitas,455456008878.0,458907477932.0
nr_2025_09_nr061_laba_setelah_pajak,snapshot_istantoro_2022_mar_2026,2025-09,monthly,2025,9.0,NR061_LABA_SETELAH_PAJAK,LABA SETELAH PAJAK,ekuitas,0.0,0.0
nr_2025_09_nr062_total_ekuitas_sebelum_rl,snapshot_istantoro_2022_mar_2026,2025-09,monthly,2025,9.0,NR062_TOTAL_EKUITAS_SEBELUM_RL,TOTAL EKUITAS SBLM R/L BERJALAN,ekuitas,462130338690.0,498032647214.0
nr_2025_09_nr063_rugi_laba_tahun_lalu,snapshot_istantoro_2022_mar_2026,2025-09,monthly,2025,9.0,NR063_RUGI_LABA_TAHUN_LALU,RUGI/LABA TAHUN LALU,ekuitas,0.0,0.0
nr_2025_09_nr064_bagian_laba_perusahaan_anak,snapshot_istantoro_2022_mar_2026,2025-09,monthly,2025,9.0,NR064_BAGIAN_LABA_PERUSAHAAN_ANAK,BAGIAN LABA PERUSAHAAN ANAK,ekuitas,44834216183.0,45136339179.0
nr_2025_09_nr065_rugi_laba_tahun_berjalan,snapshot_istantoro_2022_mar_2026,2025-09,monthly,2025,9.0,NR065_RUGI_LABA_TAHUN_BERJALAN,RUGI/LABA TAHUN BERJALAN,ekuitas,144564244193.0,263573758332.0
nr_2025_09_nr066_total_pasiva,snapshot_istantoro_2022_mar_2026,2025-09,monthly,2025,9.0,NR066_TOTAL_PASIVA,TOTAL PASIVA,pasiva,1027309322719.0,1200994970167.0
nr_2025_09_nr028_kendaraan_gross,snapshot_istantoro_2022_mar_2026,2025-09,monthly,2025,9.0,NR028_KENDARAAN_GROSS,KENDARAAN UNTUK DISEWAKAN (GROSS),aset,6987872077.0,7507388628.0
nr_2025_09_1101,snapshot_istantoro_2022_mar_2026,2025-09,monthly,2025,9.0,1101,Kas dan Setara Kas,aset,417978480349.0,458195720333.0
nr_2025_09_1102,snapshot_istantoro_2022_mar_2026,2025-09,monthly,2025,9.0,1102,Piutang Bersih,aset,359997228774.0,351732559938.0
nr_2025_09_1103,snapshot_istantoro_2022_mar_2026,2025-09,monthly,2025,9.0,1103,Aset Lancar Lainnya,aset,40200982445.0,102035430599.0
nr_2025_09_1104,snapshot_istantoro_2022_mar_2026,2025-09,monthly,2025,9.0,1104,Aset Tidak Lancar,aset,252364925477.0,280694490534.0
nr_2025_09_1105,snapshot_istantoro_2022_mar_2026,2025-09,monthly,2025,9.0,1105,Jumlah Piutang,aset,387056222083.0,365894254172.0
nr_2025_09_1106,snapshot_istantoro_2022_mar_2026,2025-09,monthly,2025,9.0,1106,Total Aset Lancar,aset,824926855939.0,924503754434.0
nr_2025_09_2101,snapshot_istantoro_2022_mar_2026,2025-09,monthly,2025,9.0,2101,Kewajiban Lancar,kewajiban,246387449708.0,201284518996.0
nr_2025_09_2102,snapshot_istantoro_2022_mar_2026,2025-09,monthly,2025,9.0,2102,Kewajiban Jangka Panjang,kewajiban,165955794005.0,179131733310.0
nr_2025_09_3101,snapshot_istantoro_2022_mar_2026,2025-09,monthly,2025,9.0,3101,Ekuitas,ekuitas,686223793727.0,795117370257.0
nr_2025_10_nr005_total_aset,snapshot_istantoro_2022_mar_2026,2025-10,monthly,2025,10.0,NR005_TOTAL_ASET,TOTAL ASET,aset,1099532025761.0,1174384773882.0
nr_2025_10_nr006_aset_lancar,snapshot_istantoro_2022_mar_2026,2025-10,monthly,2025,10.0,NR006_ASET_LANCAR,ASET LANCAR,aset,847513861923.0,885261658397.0
nr_2025_10_nr007_kas,snapshot_istantoro_2022_mar_2026,2025-10,monthly,2025,10.0,NR007_KAS,KAS,aset,712936694.0,1209421511.0
nr_2025_10_nr008_bank,snapshot_istantoro_2022_mar_2026,2025-10,monthly,2025,10.0,NR008_BANK,BANK,aset,216373188412.0,74177695957.0
nr_2025_10_nr009_deposito,snapshot_istantoro_2022_mar_2026,2025-10,monthly,2025,10.0,NR009_DEPOSITO,DEPOSITO,aset,3958036711.0,200610862681.0
nr_2025_10_nr010_deposito_dijaminkan,snapshot_istantoro_2022_mar_2026,2025-10,monthly,2025,10.0,NR010_DEPOSITO_DIJAMINKAN,DEPOSITO YANG DI JAMINKAN,aset,219249577932.0,186478988938.0
nr_2025_10_nr011_persediaan_meterai,snapshot_istantoro_2022_mar_2026,2025-10,monthly,2025,10.0,NR011_PERSEDIAAN_METERAI,PERSEDIAAN METERAI,aset,7204710.0,2618353.0
nr_2025_10_nr012_surat_surat_berharga,snapshot_istantoro_2022_mar_2026,2025-10,monthly,2025,10.0,NR012_SURAT_SURAT_BERHARGA,SURAT SURAT BERHARGA,aset,0.0,0.0
nr_2025_10_nr013_piutang_captive,snapshot_istantoro_2022_mar_2026,2025-10,monthly,2025,10.0,NR013_PIUTANG_CAPTIVE,PIUTANG CAPTIVE,aset,11366497598.0,21127924196.0
nr_2025_10_nr014_piutang_non_captive,snapshot_istantoro_2022_mar_2026,2025-10,monthly,2025,10.0,NR014_PIUTANG_NON_CAPTIVE,PIUTANG NON CAPTIVE,aset,387138157275.0,339770514640.0
nr_2025_10_nr015_piutang_jasa_pendidikan,snapshot_istantoro_2022_mar_2026,2025-10,monthly,2025,10.0,NR015_PIUTANG_JASA_PENDIDIKAN,PIUTANG JASA PENDIDIKAN,aset,1690533287.0,2676325589.0
nr_2025_10_nr016_jumlah_piutang,snapshot_istantoro_2022_mar_2026,2025-10,monthly,2025,10.0,NR016_JUMLAH_PIUTANG,JUMLAH PIUTANG,aset,385895029848.0,368707309114.0
nr_2025_10_nr017_penyisihan_piutang,snapshot_istantoro_2022_mar_2026,2025-10,monthly,2025,10.0,NR017_PENYISIHAN_PIUTANG,PENYISIHAN PENGHAPUSAN PIUTANG,aset,-30422855862.0,-13766233249.0
nr_2025_10_nr018_piutang_bersih,snapshot_istantoro_2022_mar_2026,2025-10,monthly,2025,10.0,NR018_PIUTANG_BERSIH,PIUTANG BERSIH,aset,352405030338.0,343052149710.0
nr_2025_10_nr019_piutang_lainnya,snapshot_istantoro_2022_mar_2026,2025-10,monthly,2025,10.0,NR019_PIUTANG_LAINNYA,PIUTANG LAINNYA,aset,171105240.0,25889898820.0
nr_2025_10_nr020_piutang_inter_company,snapshot_istantoro_2022_mar_2026,2025-10,monthly,2025,10.0,NR020_PIUTANG_INTER_COMPANY,PIUTANG INTER COMPANY,aset,97175877.0,0.0
nr_2025_10_nr021_uang_muka,snapshot_istantoro_2022_mar_2026,2025-10,monthly,2025,10.0,NR021_UANG_MUKA,UANG MUKA,aset,6741348047.0,2346501126.0
nr_2025_10_nr022_pajak_dibayar_dimuka,snapshot_istantoro_2022_mar_2026,2025-10,monthly,2025,10.0,NR022_PAJAK_DIBAYAR_DIMUKA,PAJAK DIBAYAR DIMUKA,aset,36059786035.0,68597240998.0
nr_2025_10_nr023_biaya_dibayar_dimuka,snapshot_istantoro_2022_mar_2026,2025-10,monthly,2025,10.0,NR023_BIAYA_DIBAYAR_DIMUKA,BIAYA DIBAYAR DIMUKA,aset,2116858101.0,4506943477.0
nr_2025_10_nr024_total_aktiva_lancar,snapshot_istantoro_2022_mar_2026,2025-10,monthly,2025,10.0,NR024_TOTAL_AKTIVA_LANCAR,TOTAL AKTIVA LANCAR,aset,872907285905.0,924546498968.0
nr_2025_10_nr025_aktiva_tidak_lancar,snapshot_istantoro_2022_mar_2026,2025-10,monthly,2025,10.0,NR025_AKTIVA_TIDAK_LANCAR,AKTIVA TIDAK LANCAR,aset,233470339990.0,280608509734.0
nr_2025_10_nr026_aset_lain_lain,snapshot_istantoro_2022_mar_2026,2025-10,monthly,2025,10.0,NR026_ASET_LAIN_LAIN,ASET LAIN-LAIN,aset,25696898212.0,25237301822.0
nr_2025_10_nr027_investasi_asosiasi,snapshot_istantoro_2022_mar_2026,2025-10,monthly,2025,10.0,NR027_INVESTASI_ASOSIASI,INVESTASI DALAM ENTITAS ASOSIASI,aset,25378961082.0,28621539380.0
nr_2025_10_nr028_kendaraan_disewakan,snapshot_istantoro_2022_mar_2026,2025-10,monthly,2025,10.0,NR028_KENDARAAN_DISEWAKAN,KENDARAAN UNTUK DISEWAKAN,aset,0.0,1257316274.0
nr_2025_10_nr029_akumulasi_penyusutan_kendaraan,snapshot_istantoro_2022_mar_2026,2025-10,monthly,2025,10.0,NR029_AKUMULASI_PENYUSUTAN_KENDARAAN,AKUMULASI PENYUSUTAN,aset,-6206864941.0,-6496103261.0
nr_2025_10_nr030_nilai_buku_kendaraan,snapshot_istantoro_2022_mar_2026,2025-10,monthly,2025,10.0,NR030_NILAI_BUKU_KENDARAAN,NILAI BUKU,aset,0.0,1242098920.0
nr_2025_10_nr031_aset_tetap,snapshot_istantoro_2022_mar_2026,2025-10,monthly,2025,10.0,NR031_ASET_TETAP,ASET TETAP,aset,189966661881.0,220147968993.0
nr_2025_10_nr032_harga_perolehan_aset_tetap,snapshot_istantoro_2022_mar_2026,2025-10,monthly,2025,10.0,NR032_HARGA_PEROLEHAN_ASET_TETAP,HARGA PEROLEHAN AKTIVA TETAP,aset,260495916765.0,288972495883.0
nr_2025_10_nr033_akumulasi_penyusutan_aset_tetap,snapshot_istantoro_2022_mar_2026,2025-10,monthly,2025,10.0,NR033_AKUMULASI_PENYUSUTAN_ASET_TETAP,AKUMULASI PENYUSUTAN,aset,-67459910510.0,-72809739401.0
nr_2025_10_nr034_nilai_buku_aset_tetap,snapshot_istantoro_2022_mar_2026,2025-10,monthly,2025,10.0,NR034_NILAI_BUKU_ASET_TETAP,NILAI BUKU,aset,183964836611.0,218575887245.0
nr_2025_10_nr035_aktiva_lain_lain,snapshot_istantoro_2022_mar_2026,2025-10,monthly,2025,10.0,NR035_AKTIVA_LAIN_LAIN,AKTIVA LAIN-LAIN,aset,5745329320.0,7649243355.0
nr_2025_10_nr036_aset_piutang_lain,snapshot_istantoro_2022_mar_2026,2025-10,monthly,2025,10.0,NR036_ASET_PIUTANG_LAIN,ASET PIUTANG LAIN,aset,0.0,0.0
nr_2025_10_nr037_aset_dalam_penyelesaian,snapshot_istantoro_2022_mar_2026,2025-10,monthly,2025,10.0,NR037_ASET_DALAM_PENYELESAIAN,ASET DALAM PENYELESAIAN,aset,5476119995.0,7500354569.0
nr_2025_10_nr038_renovasi_bangunan,snapshot_istantoro_2022_mar_2026,2025-10,monthly,2025,10.0,NR038_RENOVASI_BANGUNAN,RENOVASI BANGUNAN YANG DISEWA,aset,0.0,0.0
nr_2025_10_nr039_uang_jaminan_proyek,snapshot_istantoro_2022_mar_2026,2025-10,monthly,2025,10.0,NR039_UANG_JAMINAN_PROYEK,UANG JAMINAN PROYEK,aset,103255439.0,106703937.0
nr_2025_10_nr040_jaminan_bank_garansi,snapshot_istantoro_2022_mar_2026,2025-10,monthly,2025,10.0,NR040_JAMINAN_BANK_GARANSI,JAMINAN BANK GARANSI,aset,21847159.0,20751436.0
nr_2025_10_nr041_total_aktiva,snapshot_istantoro_2022_mar_2026,2025-10,monthly,2025,10.0,NR041_TOTAL_AKTIVA,TOTAL AKTIVA,aset,1074031632395.0,1180886121663.0
nr_2025_10_nr042_total_pasiva_section,snapshot_istantoro_2022_mar_2026,2025-10,monthly,2025,10.0,NR042_TOTAL_PASIVA_SECTION,TOTAL PASIVA,pasiva,1073964624975.0,1210822729280.0
nr_2025_10_nr043_kewajiban_lancar,snapshot_istantoro_2022_mar_2026,2025-10,monthly,2025,10.0,NR043_KEWAJIBAN_LANCAR,KEWAJIBAN LANCAR,kewajiban,259090390709.0,196173345142.0
nr_2025_10_nr044_hutang_pajak,snapshot_istantoro_2022_mar_2026,2025-10,monthly,2025,10.0,NR044_HUTANG_PAJAK,HUTANG PAJAK,kewajiban,6203394854.0,45781188660.0
nr_2025_10_nr045_bpjs_dplk,snapshot_istantoro_2022_mar_2026,2025-10,monthly,2025,10.0,NR045_BPJS_DPLK,BY YMH DIBAYAR BPJS DAN DPLK,kewajiban,4853142647.0,16296204743.0
nr_2025_10_nr046_hutang_dividen,snapshot_istantoro_2022_mar_2026,2025-10,monthly,2025,10.0,NR046_HUTANG_DIVIDEN,HUTANG DIVIDEN,kewajiban,0.0,0.0
nr_2025_10_nr047_biaya_masih_harus_dibayar,snapshot_istantoro_2022_mar_2026,2025-10,monthly,2025,10.0,NR047_BIAYA_MASIH_HARUS_DIBAYAR,BIAYA YANG MASIH HARUS DIBAYAR,kewajiban,37325108055.0,69185900534.0
nr_2025_10_nr048_pinjaman_modal_kerja,snapshot_istantoro_2022_mar_2026,2025-10,monthly,2025,10.0,NR048_PINJAMAN_MODAL_KERJA,PINJAMAN MODAL KERJA,kewajiban,184568941507.0,0.0
nr_2025_10_nr049_pinjaman_pemegang_saham,snapshot_istantoro_2022_mar_2026,2025-10,monthly,2025,10.0,NR049_PINJAMAN_PEMEGANG_SAHAM,PINJAMAN KE PEMEGANG SAHAM,kewajiban,0.0,0.0
nr_2025_10_nr050_kewajiban_lancar_lainnya,snapshot_istantoro_2022_mar_2026,2025-10,monthly,2025,10.0,NR050_KEWAJIBAN_LANCAR_LAINNYA,KEWAJIBAN LANCAR LAINNYA,kewajiban,41170108113.0,68495976365.0
nr_2025_10_nr051_total_kewajiban_lancar,snapshot_istantoro_2022_mar_2026,2025-10,monthly,2025,10.0,NR051_TOTAL_KEWAJIBAN_LANCAR,TOTAL KEWAJIBAN LANCAR,kewajiban,270628873432.0,196388720712.0
nr_2025_10_nr053_kewajiban_jangka_panjang,snapshot_istantoro_2022_mar_2026,2025-10,monthly,2025,10.0,NR053_KEWAJIBAN_JANGKA_PANJANG,KEWAJIBAN JANGKA PANJANG,kewajiban,142851881932.0,177829947281.0
nr_2025_10_nr054_pinjaman_ki_bri,snapshot_istantoro_2022_mar_2026,2025-10,monthly,2025,10.0,NR054_PINJAMAN_KI_BANK,PINJAMAN KI DARI BANK,kewajiban,0.0,0.0
nr_2025_10_nr055_kewajiban_imbalan_pasca_kerja,snapshot_istantoro_2022_mar_2026,2025-10,monthly,2025,10.0,NR055_KEWAJIBAN_IMBALAN_PASCA_KERJA,KEWAJIBAN IMBALAN PASCA KERJA,kewajiban,144607724124.0,185315358330.0
nr_2025_10_nr056_total_kewajiban_jangka_panjang,snapshot_istantoro_2022_mar_2026,2025-10,monthly,2025,10.0,NR056_TOTAL_KEWAJIBAN_JANGKA_PANJANG,TOTAL KEWAJIBAN JANGKA PANJANG,kewajiban,152255016597.0,177717291899.0
nr_2025_10_nr057_ekuitas,snapshot_istantoro_2022_mar_2026,2025-10,monthly,2025,10.0,NR057_EKUITAS,EKUITAS,ekuitas,694955647212.0,794990157439.0
nr_2025_10_nr058_cadangan_risiko_umum,snapshot_istantoro_2022_mar_2026,2025-10,monthly,2025,10.0,NR058_CADANGAN_RISIKO_UMUM,CADANGAN RISIKO UMUM,ekuitas,20102555554.0,30584779313.0
nr_2025_10_nr059_modal_saham,snapshot_istantoro_2022_mar_2026,2025-10,monthly,2025,10.0,NR059_MODAL_SAHAM,MODAL SAHAM,ekuitas,9205970759.0,9211951971.0
nr_2025_10_nr060_laba_ditahan,snapshot_istantoro_2022_mar_2026,2025-10,monthly,2025,10.0,NR060_LABA_DITAHAN,LABA DITAHAN,ekuitas,447257758966.0,465461527420.0
nr_2025_10_nr061_laba_setelah_pajak,snapshot_istantoro_2022_mar_2026,2025-10,monthly,2025,10.0,NR061_LABA_SETELAH_PAJAK,LABA SETELAH PAJAK,ekuitas,0.0,0.0
nr_2025_10_nr062_total_ekuitas_sebelum_rl,snapshot_istantoro_2022_mar_2026,2025-10,monthly,2025,10.0,NR062_TOTAL_EKUITAS_SEBELUM_RL,TOTAL EKUITAS SBLM R/L BERJALAN,ekuitas,456684658535.0,506017107970.0
nr_2025_10_nr063_rugi_laba_tahun_lalu,snapshot_istantoro_2022_mar_2026,2025-10,monthly,2025,10.0,NR063_RUGI_LABA_TAHUN_LALU,RUGI/LABA TAHUN LALU,ekuitas,0.0,0.0
nr_2025_10_nr064_bagian_laba_perusahaan_anak,snapshot_istantoro_2022_mar_2026,2025-10,monthly,2025,10.0,NR064_BAGIAN_LABA_PERUSAHAAN_ANAK,BAGIAN LABA PERUSAHAAN ANAK,ekuitas,44880314964.0,45323691175.0
nr_2025_10_nr065_rugi_laba_tahun_berjalan,snapshot_istantoro_2022_mar_2026,2025-10,monthly,2025,10.0,NR065_RUGI_LABA_TAHUN_BERJALAN,RUGI/LABA TAHUN BERJALAN,ekuitas,155192560980.0,260837408563.0
nr_2025_10_nr066_total_pasiva,snapshot_istantoro_2022_mar_2026,2025-10,monthly,2025,10.0,NR066_TOTAL_PASIVA,TOTAL PASIVA,pasiva,1074888909027.0,1202189931725.0
nr_2025_10_nr028_kendaraan_gross,snapshot_istantoro_2022_mar_2026,2025-10,monthly,2025,10.0,NR028_KENDARAAN_GROSS,KENDARAAN UNTUK DISEWAKAN (GROSS),aset,6145003601.0,7613341613.0
nr_2025_10_1101,snapshot_istantoro_2022_mar_2026,2025-10,monthly,2025,10.0,1101,Kas dan Setara Kas,aset,436817567345.0,448871431432.0
nr_2025_10_1102,snapshot_istantoro_2022_mar_2026,2025-10,monthly,2025,10.0,1102,Piutang Bersih,aset,356228035908.0,350186910988.0
nr_2025_10_1103,snapshot_istantoro_2022_mar_2026,2025-10,monthly,2025,10.0,1103,Aset Lancar Lainnya,aset,44486468628.0,97504033448.0
nr_2025_10_1104,snapshot_istantoro_2022_mar_2026,2025-10,monthly,2025,10.0,1104,Aset Tidak Lancar,aset,249505207354.0,287736117387.0
nr_2025_10_1105,snapshot_istantoro_2022_mar_2026,2025-10,monthly,2025,10.0,1105,Jumlah Piutang,aset,387236921157.0,351793917783.0
nr_2025_10_1106,snapshot_istantoro_2022_mar_2026,2025-10,monthly,2025,10.0,1106,Total Aset Lancar,aset,825561163333.0,885832920317.0
nr_2025_10_2101,snapshot_istantoro_2022_mar_2026,2025-10,monthly,2025,10.0,2101,Kewajiban Lancar,kewajiban,264944575232.0,195551591596.0
nr_2025_10_2102,snapshot_istantoro_2022_mar_2026,2025-10,monthly,2025,10.0,2102,Kewajiban Jangka Panjang,kewajiban,151263093982.0,187127775921.0
nr_2025_10_3101,snapshot_istantoro_2022_mar_2026,2025-10,monthly,2025,10.0,3101,Ekuitas,ekuitas,683193508881.0,815389007690.0
nr_2025_11_nr005_total_aset,snapshot_istantoro_2022_mar_2026,2025-11,monthly,2025,11.0,NR005_TOTAL_ASET,TOTAL ASET,aset,1044171886422.0,1209052346566.0
nr_2025_11_nr006_aset_lancar,snapshot_istantoro_2022_mar_2026,2025-11,monthly,2025,11.0,NR006_ASET_LANCAR,ASET LANCAR,aset,807925314736.0,900529214818.0
nr_2025_11_nr007_kas,snapshot_istantoro_2022_mar_2026,2025-11,monthly,2025,11.0,NR007_KAS,KAS,aset,429652616.0,1214067468.0
nr_2025_11_nr008_bank,snapshot_istantoro_2022_mar_2026,2025-11,monthly,2025,11.0,NR008_BANK,BANK,aset,137994095832.0,74290776625.0
nr_2025_11_nr009_deposito,snapshot_istantoro_2022_mar_2026,2025-11,monthly,2025,11.0,NR009_DEPOSITO,DEPOSITO,aset,9828761694.0,200916441054.0
nr_2025_11_nr010_deposito_dijaminkan,snapshot_istantoro_2022_mar_2026,2025-11,monthly,2025,11.0,NR010_DEPOSITO_DIJAMINKAN,DEPOSITO YANG DI JAMINKAN,aset,217687531339.0,182584426989.0
nr_2025_11_nr011_persediaan_meterai,snapshot_istantoro_2022_mar_2026,2025-11,monthly,2025,11.0,NR011_PERSEDIAAN_METERAI,PERSEDIAAN METERAI,aset,6671340.0,2703205.0
nr_2025_11_nr012_surat_surat_berharga,snapshot_istantoro_2022_mar_2026,2025-11,monthly,2025,11.0,NR012_SURAT_SURAT_BERHARGA,SURAT SURAT BERHARGA,aset,0.0,0.0
nr_2025_11_nr013_piutang_captive,snapshot_istantoro_2022_mar_2026,2025-11,monthly,2025,11.0,NR013_PIUTANG_CAPTIVE,PIUTANG CAPTIVE,aset,2985358819.0,20548459297.0
nr_2025_11_nr014_piutang_non_captive,snapshot_istantoro_2022_mar_2026,2025-11,monthly,2025,11.0,NR014_PIUTANG_NON_CAPTIVE,PIUTANG NON CAPTIVE,aset,369179912631.0,345039676285.0
nr_2025_11_nr015_piutang_jasa_pendidikan,snapshot_istantoro_2022_mar_2026,2025-11,monthly,2025,11.0,NR015_PIUTANG_JASA_PENDIDIKAN,PIUTANG JASA PENDIDIKAN,aset,1619868264.0,2688504562.0
nr_2025_11_nr016_jumlah_piutang,snapshot_istantoro_2022_mar_2026,2025-11,monthly,2025,11.0,NR016_JUMLAH_PIUTANG,JUMLAH PIUTANG,aset,377724255288.0,369636794310.0
nr_2025_11_nr017_penyisihan_piutang,snapshot_istantoro_2022_mar_2026,2025-11,monthly,2025,11.0,NR017_PENYISIHAN_PIUTANG,PENYISIHAN PENGHAPUSAN PIUTANG,aset,-32184719848.0,-13310831705.0
nr_2025_11_nr018_piutang_bersih,snapshot_istantoro_2022_mar_2026,2025-11,monthly,2025,11.0,NR018_PIUTANG_BERSIH,PIUTANG BERSIH,aset,354837819381.0,345488533582.0
nr_2025_11_nr019_piutang_lainnya,snapshot_istantoro_2022_mar_2026,2025-11,monthly,2025,11.0,NR019_PIUTANG_LAINNYA,PIUTANG LAINNYA,aset,172294916.0,25242512724.0
nr_2025_11_nr020_piutang_inter_company,snapshot_istantoro_2022_mar_2026,2025-11,monthly,2025,11.0,NR020_PIUTANG_INTER_COMPANY,PIUTANG INTER COMPANY,aset,80382595.0,0.0
nr_2025_11_nr021_uang_muka,snapshot_istantoro_2022_mar_2026,2025-11,monthly,2025,11.0,NR021_UANG_MUKA,UANG MUKA,aset,4305999821.0,2373897581.0
nr_2025_11_nr022_pajak_dibayar_dimuka,snapshot_istantoro_2022_mar_2026,2025-11,monthly,2025,11.0,NR022_PAJAK_DIBAYAR_DIMUKA,PAJAK DIBAYAR DIMUKA,aset,46969184656.0,68097433314.0
nr_2025_11_nr023_biaya_dibayar_dimuka,snapshot_istantoro_2022_mar_2026,2025-11,monthly,2025,11.0,NR023_BIAYA_DIBAYAR_DIMUKA,BIAYA DIBAYAR DIMUKA,aset,1963787884.0,4617035908.0
nr_2025_11_nr024_total_aktiva_lancar,snapshot_istantoro_2022_mar_2026,2025-11,monthly,2025,11.0,NR024_TOTAL_AKTIVA_LANCAR,TOTAL AKTIVA LANCAR,aset,789474149471.0,901464949219.0
nr_2025_11_nr025_aktiva_tidak_lancar,snapshot_istantoro_2022_mar_2026,2025-11,monthly,2025,11.0,NR025_AKTIVA_TIDAK_LANCAR,AKTIVA TIDAK LANCAR,aset,244521133113.0,285414326950.0
nr_2025_11_nr026_aset_lain_lain,snapshot_istantoro_2022_mar_2026,2025-11,monthly,2025,11.0,NR026_ASET_LAIN_LAIN,ASET LAIN-LAIN,aset,26075467677.0,25311171295.0
nr_2025_11_nr027_investasi_asosiasi,snapshot_istantoro_2022_mar_2026,2025-11,monthly,2025,11.0,NR027_INVESTASI_ASOSIASI,INVESTASI DALAM ENTITAS ASOSIASI,aset,22887173157.0,29690458220.0
nr_2025_11_nr028_kendaraan_disewakan,snapshot_istantoro_2022_mar_2026,2025-11,monthly,2025,11.0,NR028_KENDARAAN_DISEWAKAN,KENDARAAN UNTUK DISEWAKAN,aset,0.0,1225433907.0
nr_2025_11_nr029_akumulasi_penyusutan_kendaraan,snapshot_istantoro_2022_mar_2026,2025-11,monthly,2025,11.0,NR029_AKUMULASI_PENYUSUTAN_KENDARAAN,AKUMULASI PENYUSUTAN,aset,-5830555759.0,-6433702987.0
nr_2025_11_nr030_nilai_buku_kendaraan,snapshot_istantoro_2022_mar_2026,2025-11,monthly,2025,11.0,NR030_NILAI_BUKU_KENDARAAN,NILAI BUKU,aset,0.0,1250457888.0
nr_2025_11_nr031_aset_tetap,snapshot_istantoro_2022_mar_2026,2025-11,monthly,2025,11.0,NR031_ASET_TETAP,ASET TETAP,aset,190764822094.0,216895286714.0
nr_2025_11_nr032_harga_perolehan_aset_tetap,snapshot_istantoro_2022_mar_2026,2025-11,monthly,2025,11.0,NR032_HARGA_PEROLEHAN_ASET_TETAP,HARGA PEROLEHAN AKTIVA TETAP,aset,251246657982.0,289489347457.0
nr_2025_11_nr033_akumulasi_penyusutan_aset_tetap,snapshot_istantoro_2022_mar_2026,2025-11,monthly,2025,11.0,NR033_AKUMULASI_PENYUSUTAN_ASET_TETAP,AKUMULASI PENYUSUTAN,aset,-70507653817.0,-70333169284.0
nr_2025_11_nr034_nilai_buku_aset_tetap,snapshot_istantoro_2022_mar_2026,2025-11,monthly,2025,11.0,NR034_NILAI_BUKU_ASET_TETAP,NILAI BUKU,aset,177307710700.0,213906184259.0
nr_2025_11_nr035_aktiva_lain_lain,snapshot_istantoro_2022_mar_2026,2025-11,monthly,2025,11.0,NR035_AKTIVA_LAIN_LAIN,AKTIVA LAIN-LAIN,aset,5650465986.0,7366808741.0
nr_2025_11_nr036_aset_piutang_lain,snapshot_istantoro_2022_mar_2026,2025-11,monthly,2025,11.0,NR036_ASET_PIUTANG_LAIN,ASET PIUTANG LAIN,aset,0.0,0.0
nr_2025_11_nr037_aset_dalam_penyelesaian,snapshot_istantoro_2022_mar_2026,2025-11,monthly,2025,11.0,NR037_ASET_DALAM_PENYELESAIAN,ASET DALAM PENYELESAIAN,aset,5652730809.0,7192773885.0
nr_2025_11_nr038_renovasi_bangunan,snapshot_istantoro_2022_mar_2026,2025-11,monthly,2025,11.0,NR038_RENOVASI_BANGUNAN,RENOVASI BANGUNAN YANG DISEWA,aset,0.0,0.0
nr_2025_11_nr039_uang_jaminan_proyek,snapshot_istantoro_2022_mar_2026,2025-11,monthly,2025,11.0,NR039_UANG_JAMINAN_PROYEK,UANG JAMINAN PROYEK,aset,110526314.0,108458382.0
nr_2025_11_nr040_jaminan_bank_garansi,snapshot_istantoro_2022_mar_2026,2025-11,monthly,2025,11.0,NR040_JAMINAN_BANK_GARANSI,JAMINAN BANK GARANSI,aset,21139028.0,21296450.0
nr_2025_11_nr041_total_aktiva,snapshot_istantoro_2022_mar_2026,2025-11,monthly,2025,11.0,NR041_TOTAL_AKTIVA,TOTAL AKTIVA,aset,1053384170547.0,1219686028942.0
nr_2025_11_nr042_total_pasiva_section,snapshot_istantoro_2022_mar_2026,2025-11,monthly,2025,11.0,NR042_TOTAL_PASIVA_SECTION,TOTAL PASIVA,pasiva,1017042982542.0,1203943875207.0
nr_2025_11_nr043_kewajiban_lancar,snapshot_istantoro_2022_mar_2026,2025-11,monthly,2025,11.0,NR043_KEWAJIBAN_LANCAR,KEWAJIBAN LANCAR,kewajiban,194450349368.0,194072283712.0
nr_2025_11_nr044_hutang_pajak,snapshot_istantoro_2022_mar_2026,2025-11,monthly,2025,11.0,NR044_HUTANG_PAJAK,HUTANG PAJAK,kewajiban,7647290704.0,46768090235.0
nr_2025_11_nr045_bpjs_dplk,snapshot_istantoro_2022_mar_2026,2025-11,monthly,2025,11.0,NR045_BPJS_DPLK,BY YMH DIBAYAR BPJS DAN DPLK,kewajiban,4620811073.0,16350527861.0
nr_2025_11_nr046_hutang_dividen,snapshot_istantoro_2022_mar_2026,2025-11,monthly,2025,11.0,NR046_HUTANG_DIVIDEN,HUTANG DIVIDEN,kewajiban,0.0,0.0
nr_2025_11_nr047_biaya_masih_harus_dibayar,snapshot_istantoro_2022_mar_2026,2025-11,monthly,2025,11.0,NR047_BIAYA_MASIH_HARUS_DIBAYAR,BIAYA YANG MASIH HARUS DIBAYAR,kewajiban,57792609390.0,69562159852.0
nr_2025_11_nr048_pinjaman_modal_kerja,snapshot_istantoro_2022_mar_2026,2025-11,monthly,2025,11.0,NR048_PINJAMAN_MODAL_KERJA,PINJAMAN MODAL KERJA,kewajiban,78419324245.0,0.0
nr_2025_11_nr049_pinjaman_pemegang_saham,snapshot_istantoro_2022_mar_2026,2025-11,monthly,2025,11.0,NR049_PINJAMAN_PEMEGANG_SAHAM,PINJAMAN KE PEMEGANG SAHAM,kewajiban,0.0,0.0
nr_2025_11_nr050_kewajiban_lancar_lainnya,snapshot_istantoro_2022_mar_2026,2025-11,monthly,2025,11.0,NR050_KEWAJIBAN_LANCAR_LAINNYA,KEWAJIBAN LANCAR LAINNYA,kewajiban,48775625000.0,68266364677.0
nr_2025_11_nr051_total_kewajiban_lancar,snapshot_istantoro_2022_mar_2026,2025-11,monthly,2025,11.0,NR051_TOTAL_KEWAJIBAN_LANCAR,TOTAL KEWAJIBAN LANCAR,kewajiban,201500454766.0,205129209237.0
nr_2025_11_nr053_kewajiban_jangka_panjang,snapshot_istantoro_2022_mar_2026,2025-11,monthly,2025,11.0,NR053_KEWAJIBAN_JANGKA_PANJANG,KEWAJIBAN JANGKA PANJANG,kewajiban,124259666091.0,182451890511.0
nr_2025_11_nr054_pinjaman_ki_bri,snapshot_istantoro_2022_mar_2026,2025-11,monthly,2025,11.0,NR054_PINJAMAN_KI_BANK,PINJAMAN KI DARI BANK,kewajiban,0.0,0.0
nr_2025_11_nr055_kewajiban_imbalan_pasca_kerja,snapshot_istantoro_2022_mar_2026,2025-11,monthly,2025,11.0,NR055_KEWAJIBAN_IMBALAN_PASCA_KERJA,KEWAJIBAN IMBALAN PASCA KERJA,kewajiban,125816488927.0,186527455495.0
nr_2025_11_nr056_total_kewajiban_jangka_panjang,snapshot_istantoro_2022_mar_2026,2025-11,monthly,2025,11.0,NR056_TOTAL_KEWAJIBAN_JANGKA_PANJANG,TOTAL KEWAJIBAN JANGKA PANJANG,kewajiban,126823073886.0,177543243205.0
nr_2025_11_nr057_ekuitas,snapshot_istantoro_2022_mar_2026,2025-11,monthly,2025,11.0,NR057_EKUITAS,EKUITAS,ekuitas,679050635815.0,791105196002.0
nr_2025_11_nr058_cadangan_risiko_umum,snapshot_istantoro_2022_mar_2026,2025-11,monthly,2025,11.0,NR058_CADANGAN_RISIKO_UMUM,CADANGAN RISIKO UMUM,ekuitas,20371115148.0,29840265919.0
nr_2025_11_nr059_modal_saham,snapshot_istantoro_2022_mar_2026,2025-11,monthly,2025,11.0,NR059_MODAL_SAHAM,MODAL SAHAM,ekuitas,8951207053.0,9344882094.0
nr_2025_11_nr060_laba_ditahan,snapshot_istantoro_2022_mar_2026,2025-11,monthly,2025,11.0,NR060_LABA_DITAHAN,LABA DITAHAN,ekuitas,445973520810.0,461202849566.0
nr_2025_11_nr061_laba_setelah_pajak,snapshot_istantoro_2022_mar_2026,2025-11,monthly,2025,11.0,NR061_LABA_SETELAH_PAJAK,LABA SETELAH PAJAK,ekuitas,0.0,0.0
nr_2025_11_nr062_total_ekuitas_sebelum_rl,snapshot_istantoro_2022_mar_2026,2025-11,monthly,2025,11.0,NR062_TOTAL_EKUITAS_SEBELUM_RL,TOTAL EKUITAS SBLM R/L BERJALAN,ekuitas,462434274835.0,506268776105.0
nr_2025_11_nr063_rugi_laba_tahun_lalu,snapshot_istantoro_2022_mar_2026,2025-11,monthly,2025,11.0,NR063_RUGI_LABA_TAHUN_LALU,RUGI/LABA TAHUN LALU,ekuitas,0.0,0.0
nr_2025_11_nr064_bagian_laba_perusahaan_anak,snapshot_istantoro_2022_mar_2026,2025-11,monthly,2025,11.0,NR064_BAGIAN_LABA_PERUSAHAAN_ANAK,BAGIAN LABA PERUSAHAAN ANAK,ekuitas,44666490031.0,45656209867.0
nr_2025_11_nr065_rugi_laba_tahun_berjalan,snapshot_istantoro_2022_mar_2026,2025-11,monthly,2025,11.0,NR065_RUGI_LABA_TAHUN_BERJALAN,RUGI/LABA TAHUN BERJALAN,ekuitas,176385166150.0,260941008954.0
nr_2025_11_nr066_total_pasiva,snapshot_istantoro_2022_mar_2026,2025-11,monthly,2025,11.0,NR066_TOTAL_PASIVA,TOTAL PASIVA,pasiva,1012858754516.0,1209038093335.0
nr_2025_11_nr028_kendaraan_gross,snapshot_istantoro_2022_mar_2026,2025-11,monthly,2025,11.0,NR028_KENDARAAN_GROSS,KENDARAAN UNTUK DISEWAKAN (GROSS),aset,6057317691.0,7683618839.0
nr_2025_11_1101,snapshot_istantoro_2022_mar_2026,2025-11,monthly,2025,11.0,1101,Kas dan Setara Kas,aset,360411661621.0,451569778515.0
nr_2025_11_1102,snapshot_istantoro_2022_mar_2026,2025-11,monthly,2025,11.0,1102,Piutang Bersih,aset,352495791712.0,345772904508.0
nr_2025_11_1103,snapshot_istantoro_2022_mar_2026,2025-11,monthly,2025,11.0,1103,Aset Lancar Lainnya,aset,52401994823.0,101784762045.0
nr_2025_11_1104,snapshot_istantoro_2022_mar_2026,2025-11,monthly,2025,11.0,1104,Aset Tidak Lancar,aset,240504492147.0,286050847036.0
nr_2025_11_1105,snapshot_istantoro_2022_mar_2026,2025-11,monthly,2025,11.0,1105,Jumlah Piutang,aset,388582076031.0,359581904059.0
nr_2025_11_1106,snapshot_istantoro_2022_mar_2026,2025-11,monthly,2025,11.0,1106,Total Aset Lancar,aset,782808838627.0,895504715623.0
nr_2025_11_2101,snapshot_istantoro_2022_mar_2026,2025-11,monthly,2025,11.0,2101,Kewajiban Lancar,kewajiban,198308803245.0,205101259767.0
nr_2025_11_2102,snapshot_istantoro_2022_mar_2026,2025-11,monthly,2025,11.0,2102,Kewajiban Jangka Panjang,kewajiban,122427353638.0,183883824545.0
nr_2025_11_3101,snapshot_istantoro_2022_mar_2026,2025-11,monthly,2025,11.0,3101,Ekuitas,ekuitas,714544827434.0,801608903860.0
nr_2025_12_nr005_total_aset,snapshot_istantoro_2022_mar_2026,2025-12,monthly,2025,12.0,NR005_TOTAL_ASET,TOTAL ASET,aset,921358038046.0,1171935184961.0
nr_2025_12_nr006_aset_lancar,snapshot_istantoro_2022_mar_2026,2025-12,monthly,2025,12.0,NR006_ASET_LANCAR,ASET LANCAR,aset,687337871926.0,918658423042.0
nr_2025_12_nr007_kas,snapshot_istantoro_2022_mar_2026,2025-12,monthly,2025,12.0,NR007_KAS,KAS,aset,251642190.0,1207142700.0
nr_2025_12_nr008_bank,snapshot_istantoro_2022_mar_2026,2025-12,monthly,2025,12.0,NR008_BANK,BANK,aset,90227765757.0,74006434957.0
nr_2025_12_nr009_deposito,snapshot_istantoro_2022_mar_2026,2025-12,monthly,2025,12.0,NR009_DEPOSITO,DEPOSITO,aset,34390519335.0,201510065206.0
nr_2025_12_nr010_deposito_dijaminkan,snapshot_istantoro_2022_mar_2026,2025-12,monthly,2025,12.0,NR010_DEPOSITO_DIJAMINKAN,DEPOSITO YANG DI JAMINKAN,aset,228147249853.0,179724830474.0
nr_2025_12_nr011_persediaan_meterai,snapshot_istantoro_2022_mar_2026,2025-12,monthly,2025,12.0,NR011_PERSEDIAAN_METERAI,PERSEDIAAN METERAI,aset,6034263.0,2702743.0
nr_2025_12_nr012_surat_surat_berharga,snapshot_istantoro_2022_mar_2026,2025-12,monthly,2025,12.0,NR012_SURAT_SURAT_BERHARGA,SURAT SURAT BERHARGA,aset,0.0,0.0
nr_2025_12_nr013_piutang_captive,snapshot_istantoro_2022_mar_2026,2025-12,monthly,2025,12.0,NR013_PIUTANG_CAPTIVE,PIUTANG CAPTIVE,aset,16929162818.0,20374325806.0
nr_2025_12_nr014_piutang_non_captive,snapshot_istantoro_2022_mar_2026,2025-12,monthly,2025,12.0,NR014_PIUTANG_NON_CAPTIVE,PIUTANG NON CAPTIVE,aset,276963217748.0,339118511746.0
nr_2025_12_nr015_piutang_jasa_pendidikan,snapshot_istantoro_2022_mar_2026,2025-12,monthly,2025,12.0,NR015_PIUTANG_JASA_PENDIDIKAN,PIUTANG JASA PENDIDIKAN,aset,2162542592.0,2707189649.0
nr_2025_12_nr016_jumlah_piutang,snapshot_istantoro_2022_mar_2026,2025-12,monthly,2025,12.0,NR016_JUMLAH_PIUTANG,JUMLAH PIUTANG,aset,310567179424.0,348807674276.0
nr_2025_12_nr017_penyisihan_piutang,snapshot_istantoro_2022_mar_2026,2025-12,monthly,2025,12.0,NR017_PENYISIHAN_PIUTANG,PENYISIHAN PENGHAPUSAN PIUTANG,aset,-31007635220.0,-13403028044.0
nr_2025_12_nr018_piutang_bersih,snapshot_istantoro_2022_mar_2026,2025-12,monthly,2025,12.0,NR018_PIUTANG_BERSIH,PIUTANG BERSIH,aset,270833195334.0,354878967744.0
nr_2025_12_nr019_piutang_lainnya,snapshot_istantoro_2022_mar_2026,2025-12,monthly,2025,12.0,NR019_PIUTANG_LAINNYA,PIUTANG LAINNYA,aset,180107566.0,26059430326.0
nr_2025_12_nr020_piutang_inter_company,snapshot_istantoro_2022_mar_2026,2025-12,monthly,2025,12.0,NR020_PIUTANG_INTER_COMPANY,PIUTANG INTER COMPANY,aset,83494862.0,0.0
nr_2025_12_nr021_uang_muka,snapshot_istantoro_2022_mar_2026,2025-12,monthly,2025,12.0,NR021_UANG_MUKA,UANG MUKA,aset,2089772548.0,2343107046.0
nr_2025_12_nr022_pajak_dibayar_dimuka,snapshot_istantoro_2022_mar_2026,2025-12,monthly,2025,12.0,NR022_PAJAK_DIBAYAR_DIMUKA,PAJAK DIBAYAR DIMUKA,aset,54628558757.0,68942510437.0
nr_2025_12_nr023_biaya_dibayar_dimuka,snapshot_istantoro_2022_mar_2026,2025-12,monthly,2025,12.0,NR023_BIAYA_DIBAYAR_DIMUKA,BIAYA DIBAYAR DIMUKA,aset,1988134656.0,4665141788.0
nr_2025_12_nr024_total_aktiva_lancar,snapshot_istantoro_2022_mar_2026,2025-12,monthly,2025,12.0,NR024_TOTAL_AKTIVA_LANCAR,TOTAL AKTIVA LANCAR,aset,661184901103.0,931695402612.0
nr_2025_12_nr025_aktiva_tidak_lancar,snapshot_istantoro_2022_mar_2026,2025-12,monthly,2025,12.0,NR025_AKTIVA_TIDAK_LANCAR,AKTIVA TIDAK LANCAR,aset,232443351845.0,279349175954.0
nr_2025_12_nr026_aset_lain_lain,snapshot_istantoro_2022_mar_2026,2025-12,monthly,2025,12.0,NR026_ASET_LAIN_LAIN,ASET LAIN-LAIN,aset,26710970545.0,25304539323.0
nr_2025_12_nr027_investasi_asosiasi,snapshot_istantoro_2022_mar_2026,2025-12,monthly,2025,12.0,NR027_INVESTASI_ASOSIASI,INVESTASI DALAM ENTITAS ASOSIASI,aset,22828091137.0,28346112049.0
nr_2025_12_nr028_kendaraan_disewakan,snapshot_istantoro_2022_mar_2026,2025-12,monthly,2025,12.0,NR028_KENDARAAN_DISEWAKAN,KENDARAAN UNTUK DISEWAKAN,aset,0.0,1236353735.0
nr_2025_12_nr029_akumulasi_penyusutan_kendaraan,snapshot_istantoro_2022_mar_2026,2025-12,monthly,2025,12.0,NR029_AKUMULASI_PENYUSUTAN_KENDARAAN,AKUMULASI PENYUSUTAN,aset,-5883848876.0,-6569573556.0
nr_2025_12_nr030_nilai_buku_kendaraan,snapshot_istantoro_2022_mar_2026,2025-12,monthly,2025,12.0,NR030_NILAI_BUKU_KENDARAAN,NILAI BUKU,aset,0.0,1247008209.0
nr_2025_12_nr031_aset_tetap,snapshot_istantoro_2022_mar_2026,2025-12,monthly,2025,12.0,NR031_ASET_TETAP,ASET TETAP,aset,177474935350.0,215821614314.0
nr_2025_12_nr032_harga_perolehan_aset_tetap,snapshot_istantoro_2022_mar_2026,2025-12,monthly,2025,12.0,NR032_HARGA_PEROLEHAN_ASET_TETAP,HARGA PEROLEHAN AKTIVA TETAP,aset,244195073227.0,283130548940.0
nr_2025_12_nr033_akumulasi_penyusutan_aset_tetap,snapshot_istantoro_2022_mar_2026,2025-12,monthly,2025,12.0,NR033_AKUMULASI_PENYUSUTAN_ASET_TETAP,AKUMULASI PENYUSUTAN,aset,-68502277286.0,-71996478674.0
nr_2025_12_nr034_nilai_buku_aset_tetap,snapshot_istantoro_2022_mar_2026,2025-12,monthly,2025,12.0,NR034_NILAI_BUKU_ASET_TETAP,NILAI BUKU,aset,189454093830.0,220503800766.0
nr_2025_12_nr035_aktiva_lain_lain,snapshot_istantoro_2022_mar_2026,2025-12,monthly,2025,12.0,NR035_AKTIVA_LAIN_LAIN,AKTIVA LAIN-LAIN,aset,5861077956.0,7438827585.0
nr_2025_12_nr036_aset_piutang_lain,snapshot_istantoro_2022_mar_2026,2025-12,monthly,2025,12.0,NR036_ASET_PIUTANG_LAIN,ASET PIUTANG LAIN,aset,0.0,0.0
nr_2025_12_nr037_aset_dalam_penyelesaian,snapshot_istantoro_2022_mar_2026,2025-12,monthly,2025,12.0,NR037_ASET_DALAM_PENYELESAIAN,ASET DALAM PENYELESAIAN,aset,5874147035.0,7566477360.0
nr_2025_12_nr038_renovasi_bangunan,snapshot_istantoro_2022_mar_2026,2025-12,monthly,2025,12.0,NR038_RENOVASI_BANGUNAN,RENOVASI BANGUNAN YANG DISEWA,aset,0.0,0.0
nr_2025_12_nr039_uang_jaminan_proyek,snapshot_istantoro_2022_mar_2026,2025-12,monthly,2025,12.0,NR039_UANG_JAMINAN_PROYEK,UANG JAMINAN PROYEK,aset,110869889.0,104204515.0
nr_2025_12_nr040_jaminan_bank_garansi,snapshot_istantoro_2022_mar_2026,2025-12,monthly,2025,12.0,NR040_JAMINAN_BANK_GARANSI,JAMINAN BANK GARANSI,aset,20937860.0,20844632.0
nr_2025_12_nr041_total_aktiva,snapshot_istantoro_2022_mar_2026,2025-12,monthly,2025,12.0,NR041_TOTAL_AKTIVA,TOTAL AKTIVA,aset,903461902410.0,1217581387261.0
nr_2025_12_nr042_total_pasiva_section,snapshot_istantoro_2022_mar_2026,2025-12,monthly,2025,12.0,NR042_TOTAL_PASIVA_SECTION,TOTAL PASIVA,pasiva,927609046560.0,1174819020137.0
nr_2025_12_nr043_kewajiban_lancar,snapshot_istantoro_2022_mar_2026,2025-12,monthly,2025,12.0,NR043_KEWAJIBAN_LANCAR,KEWAJIBAN LANCAR,kewajiban,103481436127.0,196467950368.0
nr_2025_12_nr044_hutang_pajak,snapshot_istantoro_2022_mar_2026,2025-12,monthly,2025,12.0,NR044_HUTANG_PAJAK,HUTANG PAJAK,kewajiban,4280017923.0,45808024879.0
nr_2025_12_nr045_bpjs_dplk,snapshot_istantoro_2022_mar_2026,2025-12,monthly,2025,12.0,NR045_BPJS_DPLK,BY YMH DIBAYAR BPJS DAN DPLK,kewajiban,1567925875.0,16313203998.0
nr_2025_12_nr046_hutang_dividen,snapshot_istantoro_2022_mar_2026,2025-12,monthly,2025,12.0,NR046_HUTANG_DIVIDEN,HUTANG DIVIDEN,kewajiban,0.0,0.0
nr_2025_12_nr047_biaya_masih_harus_dibayar,snapshot_istantoro_2022_mar_2026,2025-12,monthly,2025,12.0,NR047_BIAYA_MASIH_HARUS_DIBAYAR,BIAYA YANG MASIH HARUS DIBAYAR,kewajiban,54739084230.0,68137522520.0
nr_2025_12_nr048_pinjaman_modal_kerja,snapshot_istantoro_2022_mar_2026,2025-12,monthly,2025,12.0,NR048_PINJAMAN_MODAL_KERJA,PINJAMAN MODAL KERJA,kewajiban,0.0,0.0
nr_2025_12_nr049_pinjaman_pemegang_saham,snapshot_istantoro_2022_mar_2026,2025-12,monthly,2025,12.0,NR049_PINJAMAN_PEMEGANG_SAHAM,PINJAMAN KE PEMEGANG SAHAM,kewajiban,0.0,0.0
nr_2025_12_nr050_kewajiban_lancar_lainnya,snapshot_istantoro_2022_mar_2026,2025-12,monthly,2025,12.0,NR050_KEWAJIBAN_LANCAR_LAINNYA,KEWAJIBAN LANCAR LAINNYA,kewajiban,40731653727.0,69721778004.0
nr_2025_12_nr051_total_kewajiban_lancar,snapshot_istantoro_2022_mar_2026,2025-12,monthly,2025,12.0,NR051_TOTAL_KEWAJIBAN_LANCAR,TOTAL KEWAJIBAN LANCAR,kewajiban,103476461621.0,202963307271.0
nr_2025_12_nr053_kewajiban_jangka_panjang,snapshot_istantoro_2022_mar_2026,2025-12,monthly,2025,12.0,NR053_KEWAJIBAN_JANGKA_PANJANG,KEWAJIBAN JANGKA PANJANG,kewajiban,95965586970.0,178616295754.0
nr_2025_12_nr054_pinjaman_ki_bri,snapshot_istantoro_2022_mar_2026,2025-12,monthly,2025,12.0,NR054_PINJAMAN_KI_BANK,PINJAMAN KI DARI BANK,kewajiban,0.0,0.0
nr_2025_12_nr055_kewajiban_imbalan_pasca_kerja,snapshot_istantoro_2022_mar_2026,2025-12,monthly,2025,12.0,NR055_KEWAJIBAN_IMBALAN_PASCA_KERJA,KEWAJIBAN IMBALAN PASCA KERJA,kewajiban,99223590562.0,184415320534.0
nr_2025_12_nr056_total_kewajiban_jangka_panjang,snapshot_istantoro_2022_mar_2026,2025-12,monthly,2025,12.0,NR056_TOTAL_KEWAJIBAN_JANGKA_PANJANG,TOTAL KEWAJIBAN JANGKA PANJANG,kewajiban,101958102037.0,180842001450.0
nr_2025_12_nr057_ekuitas,snapshot_istantoro_2022_mar_2026,2025-12,monthly,2025,12.0,NR057_EKUITAS,EKUITAS,ekuitas,721942133590.0,801321491370.0
nr_2025_12_nr058_cadangan_risiko_umum,snapshot_istantoro_2022_mar_2026,2025-12,monthly,2025,12.0,NR058_CADANGAN_RISIKO_UMUM,CADANGAN RISIKO UMUM,ekuitas,20128447909.0,30455734122.0
nr_2025_12_nr059_modal_saham,snapshot_istantoro_2022_mar_2026,2025-12,monthly,2025,12.0,NR059_MODAL_SAHAM,MODAL SAHAM,ekuitas,8978105216.0,9555767282.0
nr_2025_12_nr060_laba_ditahan,snapshot_istantoro_2022_mar_2026,2025-12,monthly,2025,12.0,NR060_LABA_DITAHAN,LABA DITAHAN,ekuitas,438143468240.0,442476208984.0
nr_2025_12_nr061_laba_setelah_pajak,snapshot_istantoro_2022_mar_2026,2025-12,monthly,2025,12.0,NR061_LABA_SETELAH_PAJAK,LABA SETELAH PAJAK,ekuitas,0.0,0.0
nr_2025_12_nr062_total_ekuitas_sebelum_rl,snapshot_istantoro_2022_mar_2026,2025-12,monthly,2025,12.0,NR062_TOTAL_EKUITAS_SEBELUM_RL,TOTAL EKUITAS SBLM R/L BERJALAN,ekuitas,468839472627.0,489517071686.0
nr_2025_12_nr063_rugi_laba_tahun_lalu,snapshot_istantoro_2022_mar_2026,2025-12,monthly,2025,12.0,NR063_RUGI_LABA_TAHUN_LALU,RUGI/LABA TAHUN LALU,ekuitas,0.0,0.0
nr_2025_12_nr064_bagian_laba_perusahaan_anak,snapshot_istantoro_2022_mar_2026,2025-12,monthly,2025,12.0,NR064_BAGIAN_LABA_PERUSAHAAN_ANAK,BAGIAN LABA PERUSAHAAN ANAK,ekuitas,47460957138.0,45910172649.0
nr_2025_12_nr065_rugi_laba_tahun_berjalan,snapshot_istantoro_2022_mar_2026,2025-12,monthly,2025,12.0,NR065_RUGI_LABA_TAHUN_BERJALAN,RUGI/LABA TAHUN BERJALAN,ekuitas,202253247019.0,266234093056.0
nr_2025_12_nr066_total_pasiva,snapshot_istantoro_2022_mar_2026,2025-12,monthly,2025,12.0,NR066_TOTAL_PASIVA,TOTAL PASIVA,pasiva,923440573995.0,1177829793502.0
nr_2025_12_nr028_kendaraan_gross,snapshot_istantoro_2022_mar_2026,2025-12,monthly,2025,12.0,NR028_KENDARAAN_GROSS,KENDARAAN UNTUK DISEWAKAN (GROSS),aset,6080414167.0,7430669905.0
nr_2025_12_1101,snapshot_istantoro_2022_mar_2026,2025-12,monthly,2025,12.0,1101,Kas dan Setara Kas,aset,344498790037.0,465007588028.0
nr_2025_12_1102,snapshot_istantoro_2022_mar_2026,2025-12,monthly,2025,12.0,1102,Piutang Bersih,aset,273676365791.0,344556498265.0
nr_2025_12_1103,snapshot_istantoro_2022_mar_2026,2025-12,monthly,2025,12.0,1103,Aset Lancar Lainnya,aset,61315701907.0,98488948753.0
nr_2025_12_1104,snapshot_istantoro_2022_mar_2026,2025-12,monthly,2025,12.0,1104,Aset Tidak Lancar,aset,245120656101.0,286821353610.0
nr_2025_12_1105,snapshot_istantoro_2022_mar_2026,2025-12,monthly,2025,12.0,1105,Jumlah Piutang,aset,309024778346.0,366118008628.0
nr_2025_12_1106,snapshot_istantoro_2022_mar_2026,2025-12,monthly,2025,12.0,1106,Total Aset Lancar,aset,697516148027.0,905354528383.0
nr_2025_12_2101,snapshot_istantoro_2022_mar_2026,2025-12,monthly,2025,12.0,2101,Kewajiban Lancar,kewajiban,97213905569.0,197020751205.0
nr_2025_12_2102,snapshot_istantoro_2022_mar_2026,2025-12,monthly,2025,12.0,2102,Kewajiban Jangka Panjang,kewajiban,102483064120.0,183607727395.0
nr_2025_12_3101,snapshot_istantoro_2022_mar_2026,2025-12,monthly,2025,12.0,3101,Ekuitas,ekuitas,705801742685.0,795801237546.0
nr_2026_01_nr005_total_aset,snapshot_istantoro_2022_mar_2026,2026-01,monthly,2026,1.0,NR005_TOTAL_ASET,TOTAL ASET,aset,953913933135.0,935018028198.0
nr_2026_01_nr006_aset_lancar,snapshot_istantoro_2022_mar_2026,2026-01,monthly,2026,1.0,NR006_ASET_LANCAR,ASET LANCAR,aset,682704225904.0,562721304741.0
nr_2026_01_nr007_kas,snapshot_istantoro_2022_mar_2026,2026-01,monthly,2026,1.0,NR007_KAS,KAS,aset,250920220.0,1192292686.0
nr_2026_01_nr008_bank,snapshot_istantoro_2022_mar_2026,2026-01,monthly,2026,1.0,NR008_BANK,BANK,aset,37389160704.0,20096473782.0
nr_2026_01_nr009_deposito,snapshot_istantoro_2022_mar_2026,2026-01,monthly,2026,1.0,NR009_DEPOSITO,DEPOSITO,aset,64762845729.0,47281154412.0
nr_2026_01_nr010_deposito_dijaminkan,snapshot_istantoro_2022_mar_2026,2026-01,monthly,2026,1.0,NR010_DEPOSITO_DIJAMINKAN,DEPOSITO YANG DI JAMINKAN,aset,220923717928.0,221297042974.0
nr_2026_01_nr011_persediaan_meterai,snapshot_istantoro_2022_mar_2026,2026-01,monthly,2026,1.0,NR011_PERSEDIAAN_METERAI,PERSEDIAAN METERAI,aset,5396513.0,2612642.0
nr_2026_01_nr012_surat_surat_berharga,snapshot_istantoro_2022_mar_2026,2026-01,monthly,2026,1.0,NR012_SURAT_SURAT_BERHARGA,SURAT SURAT BERHARGA,aset,0.0,0.0
nr_2026_01_nr013_piutang_captive,snapshot_istantoro_2022_mar_2026,2026-01,monthly,2026,1.0,NR013_PIUTANG_CAPTIVE,PIUTANG CAPTIVE,aset,15686968614.0,13336417157.0
nr_2026_01_nr014_piutang_non_captive,snapshot_istantoro_2022_mar_2026,2026-01,monthly,2026,1.0,NR014_PIUTANG_NON_CAPTIVE,PIUTANG NON CAPTIVE,aset,325200081798.0,221904262086.0
nr_2026_01_nr015_piutang_jasa_pendidikan,snapshot_istantoro_2022_mar_2026,2026-01,monthly,2026,1.0,NR015_PIUTANG_JASA_PENDIDIKAN,PIUTANG JASA PENDIDIKAN,aset,2350271741.0,1289108929.0
nr_2026_01_nr016_jumlah_piutang,snapshot_istantoro_2022_mar_2026,2026-01,monthly,2026,1.0,NR016_JUMLAH_PIUTANG,JUMLAH PIUTANG,aset,348731809021.0,235305725179.0
nr_2026_01_nr017_penyisihan_piutang,snapshot_istantoro_2022_mar_2026,2026-01,monthly,2026,1.0,NR017_PENYISIHAN_PIUTANG,PENYISIHAN PENGHAPUSAN PIUTANG,aset,-32958842123.0,-18395603842.0
nr_2026_01_nr018_piutang_bersih,snapshot_istantoro_2022_mar_2026,2026-01,monthly,2026,1.0,NR018_PIUTANG_BERSIH,PIUTANG BERSIH,aset,298740301320.0,221361078588.0
nr_2026_01_nr019_piutang_lainnya,snapshot_istantoro_2022_mar_2026,2026-01,monthly,2026,1.0,NR019_PIUTANG_LAINNYA,PIUTANG LAINNYA,aset,211236500.0,13949180906.0
nr_2026_01_nr020_piutang_inter_company,snapshot_istantoro_2022_mar_2026,2026-01,monthly,2026,1.0,NR020_PIUTANG_INTER_COMPANY,PIUTANG INTER COMPANY,aset,84011463.0,0.0
nr_2026_01_nr021_uang_muka,snapshot_istantoro_2022_mar_2026,2026-01,monthly,2026,1.0,NR021_UANG_MUKA,UANG MUKA,aset,2640856788.0,1186365402.0
nr_2026_01_nr022_pajak_dibayar_dimuka,snapshot_istantoro_2022_mar_2026,2026-01,monthly,2026,1.0,NR022_PAJAK_DIBAYAR_DIMUKA,PAJAK DIBAYAR DIMUKA,aset,59250652089.0,19138544009.0
nr_2026_01_nr023_biaya_dibayar_dimuka,snapshot_istantoro_2022_mar_2026,2026-01,monthly,2026,1.0,NR023_BIAYA_DIBAYAR_DIMUKA,BIAYA DIBAYAR DIMUKA,aset,1926290297.0,2886278959.0
nr_2026_01_nr024_total_aktiva_lancar,snapshot_istantoro_2022_mar_2026,2026-01,monthly,2026,1.0,NR024_TOTAL_AKTIVA_LANCAR,TOTAL AKTIVA LANCAR,aset,708591867007.0,545296276145.0
nr_2026_01_nr025_aktiva_tidak_lancar,snapshot_istantoro_2022_mar_2026,2026-01,monthly,2026,1.0,NR025_AKTIVA_TIDAK_LANCAR,AKTIVA TIDAK LANCAR,aset,235915031435.0,392125704706.0
nr_2026_01_nr026_aset_lain_lain,snapshot_istantoro_2022_mar_2026,2026-01,monthly,2026,1.0,NR026_ASET_LAIN_LAIN,ASET LAIN-LAIN,aset,25976986337.0,24756674568.0
nr_2026_01_nr027_investasi_asosiasi,snapshot_istantoro_2022_mar_2026,2026-01,monthly,2026,1.0,NR027_INVESTASI_ASOSIASI,INVESTASI DALAM ENTITAS ASOSIASI,aset,22983575428.0,24118615119.0
nr_2026_01_nr028_kendaraan_disewakan,snapshot_istantoro_2022_mar_2026,2026-01,monthly,2026,1.0,NR028_KENDARAAN_DISEWAKAN,KENDARAAN UNTUK DISEWAKAN,aset,0.0,0.0
nr_2026_01_nr029_akumulasi_penyusutan_kendaraan,snapshot_istantoro_2022_mar_2026,2026-01,monthly,2026,1.0,NR029_AKUMULASI_PENYUSUTAN_KENDARAAN,AKUMULASI PENYUSUTAN,aset,-6099520822.0,-6762916134.0
nr_2026_01_nr030_nilai_buku_kendaraan,snapshot_istantoro_2022_mar_2026,2026-01,monthly,2026,1.0,NR030_NILAI_BUKU_KENDARAAN,NILAI BUKU,aset,0.0,0.0
nr_2026_01_nr031_aset_tetap,snapshot_istantoro_2022_mar_2026,2026-01,monthly,2026,1.0,NR031_ASET_TETAP,ASET TETAP,aset,176682188783.0,194415750855.0
nr_2026_01_nr032_harga_perolehan_aset_tetap,snapshot_istantoro_2022_mar_2026,2026-01,monthly,2026,1.0,NR032_HARGA_PEROLEHAN_ASET_TETAP,HARGA PEROLEHAN AKTIVA TETAP,aset,261177264592.0,266548984770.0
nr_2026_01_nr033_akumulasi_penyusutan_aset_tetap,snapshot_istantoro_2022_mar_2026,2026-01,monthly,2026,1.0,NR033_AKUMULASI_PENYUSUTAN_ASET_TETAP,AKUMULASI PENYUSUTAN,aset,-70384671317.0,-78673203117.0
nr_2026_01_nr034_nilai_buku_aset_tetap,snapshot_istantoro_2022_mar_2026,2026-01,monthly,2026,1.0,NR034_NILAI_BUKU_ASET_TETAP,NILAI BUKU,aset,179767391929.0,192444239646.0
nr_2026_01_nr035_aktiva_lain_lain,snapshot_istantoro_2022_mar_2026,2026-01,monthly,2026,1.0,NR035_AKTIVA_LAIN_LAIN,AKTIVA LAIN-LAIN,aset,5899206163.0,156606837410.0
nr_2026_01_nr036_aset_piutang_lain,snapshot_istantoro_2022_mar_2026,2026-01,monthly,2026,1.0,NR036_ASET_PIUTANG_LAIN,ASET PIUTANG LAIN,aset,0.0,148692373650.0
nr_2026_01_nr037_aset_dalam_penyelesaian,snapshot_istantoro_2022_mar_2026,2026-01,monthly,2026,1.0,NR037_ASET_DALAM_PENYELESAIAN,ASET DALAM PENYELESAIAN,aset,5887263780.0,2708402808.0
nr_2026_01_nr038_renovasi_bangunan,snapshot_istantoro_2022_mar_2026,2026-01,monthly,2026,1.0,NR038_RENOVASI_BANGUNAN,RENOVASI BANGUNAN YANG DISEWA,aset,0.0,0.0
nr_2026_01_nr039_uang_jaminan_proyek,snapshot_istantoro_2022_mar_2026,2026-01,monthly,2026,1.0,NR039_UANG_JAMINAN_PROYEK,UANG JAMINAN PROYEK,aset,110599943.0,105703545.0
nr_2026_01_nr040_jaminan_bank_garansi,snapshot_istantoro_2022_mar_2026,2026-01,monthly,2026,1.0,NR040_JAMINAN_BANK_GARANSI,JAMINAN BANK GARANSI,aset,20887754.0,20621016.0
nr_2026_01_nr041_total_aktiva,snapshot_istantoro_2022_mar_2026,2026-01,monthly,2026,1.0,NR041_TOTAL_AKTIVA,TOTAL AKTIVA,aset,952051069590.0,924901452862.0
nr_2026_01_nr042_total_pasiva_section,snapshot_istantoro_2022_mar_2026,2026-01,monthly,2026,1.0,NR042_TOTAL_PASIVA_SECTION,TOTAL PASIVA,pasiva,903297015183.0,938974423063.0
nr_2026_01_nr043_kewajiban_lancar,snapshot_istantoro_2022_mar_2026,2026-01,monthly,2026,1.0,NR043_KEWAJIBAN_LANCAR,KEWAJIBAN LANCAR,kewajiban,113233723902.0,156026893064.0
nr_2026_01_nr044_hutang_pajak,snapshot_istantoro_2022_mar_2026,2026-01,monthly,2026,1.0,NR044_HUTANG_PAJAK,HUTANG PAJAK,kewajiban,7841483199.0,8485710949.0
nr_2026_01_nr045_bpjs_dplk,snapshot_istantoro_2022_mar_2026,2026-01,monthly,2026,1.0,NR045_BPJS_DPLK,BY YMH DIBAYAR BPJS DAN DPLK,kewajiban,14272691374.0,15927621482.0
nr_2026_01_nr046_hutang_dividen,snapshot_istantoro_2022_mar_2026,2026-01,monthly,2026,1.0,NR046_HUTANG_DIVIDEN,HUTANG DIVIDEN,kewajiban,0.0,0.0
nr_2026_01_nr047_biaya_masih_harus_dibayar,snapshot_istantoro_2022_mar_2026,2026-01,monthly,2026,1.0,NR047_BIAYA_MASIH_HARUS_DIBAYAR,BIAYA YANG MASIH HARUS DIBAYAR,kewajiban,46520791299.0,66416439345.0
nr_2026_01_nr048_pinjaman_modal_kerja,snapshot_istantoro_2022_mar_2026,2026-01,monthly,2026,1.0,NR048_PINJAMAN_MODAL_KERJA,PINJAMAN MODAL KERJA,kewajiban,0.0,0.0
nr_2026_01_nr049_pinjaman_pemegang_saham,snapshot_istantoro_2022_mar_2026,2026-01,monthly,2026,1.0,NR049_PINJAMAN_PEMEGANG_SAHAM,PINJAMAN KE PEMEGANG SAHAM,kewajiban,0.0,0.0
nr_2026_01_nr050_kewajiban_lancar_lainnya,snapshot_istantoro_2022_mar_2026,2026-01,monthly,2026,1.0,NR050_KEWAJIBAN_LANCAR_LAINNYA,KEWAJIBAN LANCAR LAINNYA,kewajiban,44317344646.0,66789008526.0
nr_2026_01_nr051_total_kewajiban_lancar,snapshot_istantoro_2022_mar_2026,2026-01,monthly,2026,1.0,NR051_TOTAL_KEWAJIBAN_LANCAR,TOTAL KEWAJIBAN LANCAR,kewajiban,111033391550.0,158146846837.0
nr_2026_01_nr053_kewajiban_jangka_panjang,snapshot_istantoro_2022_mar_2026,2026-01,monthly,2026,1.0,NR053_KEWAJIBAN_JANGKA_PANJANG,KEWAJIBAN JANGKA PANJANG,kewajiban,83219796195.0,115077711149.0
nr_2026_01_nr054_pinjaman_ki_bri,snapshot_istantoro_2022_mar_2026,2026-01,monthly,2026,1.0,NR054_PINJAMAN_KI_BANK,PINJAMAN KI DARI BANK,kewajiban,0.0,0.0
nr_2026_01_nr055_kewajiban_imbalan_pasca_kerja,snapshot_istantoro_2022_mar_2026,2026-01,monthly,2026,1.0,NR055_KEWAJIBAN_IMBALAN_PASCA_KERJA,KEWAJIBAN IMBALAN PASCA KERJA,kewajiban,85704562317.0,115466154544.0
nr_2026_01_nr056_total_kewajiban_jangka_panjang,snapshot_istantoro_2022_mar_2026,2026-01,monthly,2026,1.0,NR056_TOTAL_KEWAJIBAN_JANGKA_PANJANG,TOTAL KEWAJIBAN JANGKA PANJANG,kewajiban,85645151551.0,113744376497.0
nr_2026_01_nr057_ekuitas,snapshot_istantoro_2022_mar_2026,2026-01,monthly,2026,1.0,NR057_EKUITAS,EKUITAS,ekuitas,720113960069.0,667428051773.0
nr_2026_01_nr058_cadangan_risiko_umum,snapshot_istantoro_2022_mar_2026,2026-01,monthly,2026,1.0,NR058_CADANGAN_RISIKO_UMUM,CADANGAN RISIKO UMUM,ekuitas,20661375820.0,21177282280.0
nr_2026_01_nr059_modal_saham,snapshot_istantoro_2022_mar_2026,2026-01,monthly,2026,1.0,NR059_MODAL_SAHAM,MODAL SAHAM,ekuitas,9366452955.0,9504719095.0
nr_2026_01_nr060_laba_ditahan,snapshot_istantoro_2022_mar_2026,2026-01,monthly,2026,1.0,NR060_LABA_DITAHAN,LABA DITAHAN,ekuitas,441775493449.0,492910620402.0
nr_2026_01_nr061_laba_setelah_pajak,snapshot_istantoro_2022_mar_2026,2026-01,monthly,2026,1.0,NR061_LABA_SETELAH_PAJAK,LABA SETELAH PAJAK,ekuitas,0.0,0.0
nr_2026_01_nr062_total_ekuitas_sebelum_rl,snapshot_istantoro_2022_mar_2026,2026-01,monthly,2026,1.0,NR062_TOTAL_EKUITAS_SEBELUM_RL,TOTAL EKUITAS SBLM R/L BERJALAN,ekuitas,475417861072.0,519503070503.0
nr_2026_01_nr063_rugi_laba_tahun_lalu,snapshot_istantoro_2022_mar_2026,2026-01,monthly,2026,1.0,NR063_RUGI_LABA_TAHUN_LALU,RUGI/LABA TAHUN LALU,ekuitas,207562129225.0,0.0
nr_2026_01_nr064_bagian_laba_perusahaan_anak,snapshot_istantoro_2022_mar_2026,2026-01,monthly,2026,1.0,NR064_BAGIAN_LABA_PERUSAHAAN_ANAK,BAGIAN LABA PERUSAHAAN ANAK,ekuitas,46048573781.0,50448315627.0
nr_2026_01_nr065_rugi_laba_tahun_berjalan,snapshot_istantoro_2022_mar_2026,2026-01,monthly,2026,1.0,NR065_RUGI_LABA_TAHUN_BERJALAN,RUGI/LABA TAHUN BERJALAN,ekuitas,9111014969.0,93259662321.0
nr_2026_01_nr066_total_pasiva,snapshot_istantoro_2022_mar_2026,2026-01,monthly,2026,1.0,NR066_TOTAL_PASIVA,TOTAL PASIVA,pasiva,933771822840.0,952991928011.0
nr_2026_01_nr028_kendaraan_gross,snapshot_istantoro_2022_mar_2026,2026-01,monthly,2026,1.0,NR028_KENDARAAN_GROSS,KENDARAAN UNTUK DISEWAKAN (GROSS),aset,5842936529.0,6791667314.0
nr_2026_01_1101,snapshot_istantoro_2022_mar_2026,2026-01,monthly,2026,1.0,1101,Kas dan Setara Kas,aset,334629958639.0,289891493374.0
nr_2026_01_1102,snapshot_istantoro_2022_mar_2026,2026-01,monthly,2026,1.0,1102,Piutang Bersih,aset,305348232728.0,222278680279.0
nr_2026_01_1103,snapshot_istantoro_2022_mar_2026,2026-01,monthly,2026,1.0,1103,Aset Lancar Lainnya,aset,63083140441.0,37457745752.0
nr_2026_01_1104,snapshot_istantoro_2022_mar_2026,2026-01,monthly,2026,1.0,1104,Aset Tidak Lancar,aset,242667362477.0,387982635733.0
nr_2026_01_1105,snapshot_istantoro_2022_mar_2026,2026-01,monthly,2026,1.0,1105,Jumlah Piutang,aset,347926823041.0,238329895910.0
nr_2026_01_1106,snapshot_istantoro_2022_mar_2026,2026-01,monthly,2026,1.0,1106,Total Aset Lancar,aset,720694130452.0,564933696223.0
nr_2026_01_2101,snapshot_istantoro_2022_mar_2026,2026-01,monthly,2026,1.0,2101,Kewajiban Lancar,kewajiban,112262229347.0,160163234330.0
nr_2026_01_2102,snapshot_istantoro_2022_mar_2026,2026-01,monthly,2026,1.0,2102,Kewajiban Jangka Panjang,kewajiban,81382028491.0,112250446840.0
nr_2026_01_3101,snapshot_istantoro_2022_mar_2026,2026-01,monthly,2026,1.0,3101,Ekuitas,ekuitas,737209709625.0,677682169765.0
nr_2026_02_nr005_total_aset,snapshot_istantoro_2022_mar_2026,2026-02,monthly,2026,2.0,NR005_TOTAL_ASET,TOTAL ASET,aset,1102808179161.0,961623525168.0
nr_2026_02_nr006_aset_lancar,snapshot_istantoro_2022_mar_2026,2026-02,monthly,2026,2.0,NR006_ASET_LANCAR,ASET LANCAR,aset,932492902694.0,564792356407.0
nr_2026_02_nr007_kas,snapshot_istantoro_2022_mar_2026,2026-02,monthly,2026,2.0,NR007_KAS,KAS,aset,261117233.0,1235608114.0
nr_2026_02_nr008_bank,snapshot_istantoro_2022_mar_2026,2026-02,monthly,2026,2.0,NR008_BANK,BANK,aset,249613056522.0,20168015974.0
nr_2026_02_nr009_deposito,snapshot_istantoro_2022_mar_2026,2026-02,monthly,2026,2.0,NR009_DEPOSITO,DEPOSITO,aset,18633775532.0,49337416324.0
nr_2026_02_nr010_deposito_dijaminkan,snapshot_istantoro_2022_mar_2026,2026-02,monthly,2026,2.0,NR010_DEPOSITO_DIJAMINKAN,DEPOSITO YANG DI JAMINKAN,aset,223890783682.0,228407989482.0
nr_2026_02_nr011_persediaan_meterai,snapshot_istantoro_2022_mar_2026,2026-02,monthly,2026,2.0,NR011_PERSEDIAAN_METERAI,PERSEDIAAN METERAI,aset,10746632.0,2605471.0
nr_2026_02_nr012_surat_surat_berharga,snapshot_istantoro_2022_mar_2026,2026-02,monthly,2026,2.0,NR012_SURAT_SURAT_BERHARGA,SURAT SURAT BERHARGA,aset,0.0,0.0
nr_2026_02_nr013_piutang_captive,snapshot_istantoro_2022_mar_2026,2026-02,monthly,2026,2.0,NR013_PIUTANG_CAPTIVE,PIUTANG CAPTIVE,aset,7059695222.0,12882566543.0
nr_2026_02_nr014_piutang_non_captive,snapshot_istantoro_2022_mar_2026,2026-02,monthly,2026,2.0,NR014_PIUTANG_NON_CAPTIVE,PIUTANG NON CAPTIVE,aset,341802017350.0,222499499514.0
nr_2026_02_nr015_piutang_jasa_pendidikan,snapshot_istantoro_2022_mar_2026,2026-02,monthly,2026,2.0,NR015_PIUTANG_JASA_PENDIDIKAN,PIUTANG JASA PENDIDIKAN,aset,2661353442.0,1330205093.0
nr_2026_02_nr016_jumlah_piutang,snapshot_istantoro_2022_mar_2026,2026-02,monthly,2026,2.0,NR016_JUMLAH_PIUTANG,JUMLAH PIUTANG,aset,361107503689.0,234949196329.0
nr_2026_02_nr017_penyisihan_piutang,snapshot_istantoro_2022_mar_2026,2026-02,monthly,2026,2.0,NR017_PENYISIHAN_PIUTANG,PENYISIHAN PENGHAPUSAN PIUTANG,aset,-31059671211.0,-18024252237.0
nr_2026_02_nr018_piutang_bersih,snapshot_istantoro_2022_mar_2026,2026-02,monthly,2026,2.0,NR018_PIUTANG_BERSIH,PIUTANG BERSIH,aset,331821065062.0,226575073391.0
nr_2026_02_nr019_piutang_lainnya,snapshot_istantoro_2022_mar_2026,2026-02,monthly,2026,2.0,NR019_PIUTANG_LAINNYA,PIUTANG LAINNYA,aset,271540188.0,14314530788.0
nr_2026_02_nr020_piutang_inter_company,snapshot_istantoro_2022_mar_2026,2026-02,monthly,2026,2.0,NR020_PIUTANG_INTER_COMPANY,PIUTANG INTER COMPANY,aset,116906744.0,0.0
nr_2026_02_nr021_uang_muka,snapshot_istantoro_2022_mar_2026,2026-02,monthly,2026,2.0,NR021_UANG_MUKA,UANG MUKA,aset,2392760058.0,1189711880.0
nr_2026_02_nr022_pajak_dibayar_dimuka,snapshot_istantoro_2022_mar_2026,2026-02,monthly,2026,2.0,NR022_PAJAK_DIBAYAR_DIMUKA,PAJAK DIBAYAR DIMUKA,aset,70340295753.0,19812850987.0
nr_2026_02_nr023_biaya_dibayar_dimuka,snapshot_istantoro_2022_mar_2026,2026-02,monthly,2026,2.0,NR023_BIAYA_DIBAYAR_DIMUKA,BIAYA DIBAYAR DIMUKA,aset,1889090932.0,2829549494.0
nr_2026_02_nr024_total_aktiva_lancar,snapshot_istantoro_2022_mar_2026,2026-02,monthly,2026,2.0,NR024_TOTAL_AKTIVA_LANCAR,TOTAL AKTIVA LANCAR,aset,882798940518.0,559132163183.0
nr_2026_02_nr025_aktiva_tidak_lancar,snapshot_istantoro_2022_mar_2026,2026-02,monthly,2026,2.0,NR025_AKTIVA_TIDAK_LANCAR,AKTIVA TIDAK LANCAR,aset,229892839698.0,392956260135.0
nr_2026_02_nr026_aset_lain_lain,snapshot_istantoro_2022_mar_2026,2026-02,monthly,2026,2.0,NR026_ASET_LAIN_LAIN,ASET LAIN-LAIN,aset,25172520914.0,25572472656.0
nr_2026_02_nr027_investasi_asosiasi,snapshot_istantoro_2022_mar_2026,2026-02,monthly,2026,2.0,NR027_INVESTASI_ASOSIASI,INVESTASI DALAM ENTITAS ASOSIASI,aset,23337889581.0,23509363781.0
nr_2026_02_nr028_kendaraan_disewakan,snapshot_istantoro_2022_mar_2026,2026-02,monthly,2026,2.0,NR028_KENDARAAN_DISEWAKAN,KENDARAAN UNTUK DISEWAKAN,aset,0.0,0.0
nr_2026_02_nr029_akumulasi_penyusutan_kendaraan,snapshot_istantoro_2022_mar_2026,2026-02,monthly,2026,2.0,NR029_AKUMULASI_PENYUSUTAN_KENDARAAN,AKUMULASI PENYUSUTAN,aset,0.0,-7047075453.0
nr_2026_02_nr030_nilai_buku_kendaraan,snapshot_istantoro_2022_mar_2026,2026-02,monthly,2026,2.0,NR030_NILAI_BUKU_KENDARAAN,NILAI BUKU,aset,0.0,0.0
nr_2026_02_nr031_aset_tetap,snapshot_istantoro_2022_mar_2026,2026-02,monthly,2026,2.0,NR031_ASET_TETAP,ASET TETAP,aset,189407829248.0,194839653760.0
nr_2026_02_nr032_harga_perolehan_aset_tetap,snapshot_istantoro_2022_mar_2026,2026-02,monthly,2026,2.0,NR032_HARGA_PEROLEHAN_ASET_TETAP,HARGA PEROLEHAN AKTIVA TETAP,aset,264341030828.0,278497384357.0
nr_2026_02_nr033_akumulasi_penyusutan_aset_tetap,snapshot_istantoro_2022_mar_2026,2026-02,monthly,2026,2.0,NR033_AKUMULASI_PENYUSUTAN_ASET_TETAP,AKUMULASI PENYUSUTAN,aset,-72116940736.0,-78164891457.0
nr_2026_02_nr034_nilai_buku_aset_tetap,snapshot_istantoro_2022_mar_2026,2026-02,monthly,2026,2.0,NR034_NILAI_BUKU_ASET_TETAP,NILAI BUKU,aset,189048267204.0,189843950186.0
nr_2026_02_nr035_aktiva_lain_lain,snapshot_istantoro_2022_mar_2026,2026-02,monthly,2026,2.0,NR035_AKTIVA_LAIN_LAIN,AKTIVA LAIN-LAIN,aset,6121680565.0,154972010080.0
nr_2026_02_nr036_aset_piutang_lain,snapshot_istantoro_2022_mar_2026,2026-02,monthly,2026,2.0,NR036_ASET_PIUTANG_LAIN,ASET PIUTANG LAIN,aset,0.0,145499341444.0
nr_2026_02_nr037_aset_dalam_penyelesaian,snapshot_istantoro_2022_mar_2026,2026-02,monthly,2026,2.0,NR037_ASET_DALAM_PENYELESAIAN,ASET DALAM PENYELESAIAN,aset,5794322450.0,2732992005.0
nr_2026_02_nr038_renovasi_bangunan,snapshot_istantoro_2022_mar_2026,2026-02,monthly,2026,2.0,NR038_RENOVASI_BANGUNAN,RENOVASI BANGUNAN YANG DISEWA,aset,0.0,0.0
nr_2026_02_nr039_uang_jaminan_proyek,snapshot_istantoro_2022_mar_2026,2026-02,monthly,2026,2.0,NR039_UANG_JAMINAN_PROYEK,UANG JAMINAN PROYEK,aset,106785600.0,104151387.0
nr_2026_02_nr040_jaminan_bank_garansi,snapshot_istantoro_2022_mar_2026,2026-02,monthly,2026,2.0,NR040_JAMINAN_BANK_GARANSI,JAMINAN BANK GARANSI,aset,20327054.0,21291883.0
nr_2026_02_nr041_total_aktiva,snapshot_istantoro_2022_mar_2026,2026-02,monthly,2026,2.0,NR041_TOTAL_AKTIVA,TOTAL AKTIVA,aset,1142073595203.0,942376445695.0
nr_2026_02_nr042_total_pasiva_section,snapshot_istantoro_2022_mar_2026,2026-02,monthly,2026,2.0,NR042_TOTAL_PASIVA_SECTION,TOTAL PASIVA,pasiva,1123379615641.0,956422283932.0
nr_2026_02_nr043_kewajiban_lancar,snapshot_istantoro_2022_mar_2026,2026-02,monthly,2026,2.0,NR043_KEWAJIBAN_LANCAR,KEWAJIBAN LANCAR,kewajiban,305614787025.0,161172603155.0
nr_2026_02_nr044_hutang_pajak,snapshot_istantoro_2022_mar_2026,2026-02,monthly,2026,2.0,NR044_HUTANG_PAJAK,HUTANG PAJAK,kewajiban,7580903424.0,8573194677.0
nr_2026_02_nr045_bpjs_dplk,snapshot_istantoro_2022_mar_2026,2026-02,monthly,2026,2.0,NR045_BPJS_DPLK,BY YMH DIBAYAR BPJS DAN DPLK,kewajiban,15189575092.0,15313381532.0
nr_2026_02_nr046_hutang_dividen,snapshot_istantoro_2022_mar_2026,2026-02,monthly,2026,2.0,NR046_HUTANG_DIVIDEN,HUTANG DIVIDEN,kewajiban,0.0,0.0
nr_2026_02_nr047_biaya_masih_harus_dibayar,snapshot_istantoro_2022_mar_2026,2026-02,monthly,2026,2.0,NR047_BIAYA_MASIH_HARUS_DIBAYAR,BIAYA YANG MASIH HARUS DIBAYAR,kewajiban,52806524659.0,66637277981.0
nr_2026_02_nr048_pinjaman_modal_kerja,snapshot_istantoro_2022_mar_2026,2026-02,monthly,2026,2.0,NR048_PINJAMAN_MODAL_KERJA,PINJAMAN MODAL KERJA,kewajiban,182303050890.0,0.0
nr_2026_02_nr049_pinjaman_pemegang_saham,snapshot_istantoro_2022_mar_2026,2026-02,monthly,2026,2.0,NR049_PINJAMAN_PEMEGANG_SAHAM,PINJAMAN KE PEMEGANG SAHAM,kewajiban,0.0,0.0
nr_2026_02_nr050_kewajiban_lancar_lainnya,snapshot_istantoro_2022_mar_2026,2026-02,monthly,2026,2.0,NR050_KEWAJIBAN_LANCAR_LAINNYA,KEWAJIBAN LANCAR LAINNYA,kewajiban,49839065670.0,66913309442.0
nr_2026_02_nr051_total_kewajiban_lancar,snapshot_istantoro_2022_mar_2026,2026-02,monthly,2026,2.0,NR051_TOTAL_KEWAJIBAN_LANCAR,TOTAL KEWAJIBAN LANCAR,kewajiban,316202935070.0,159496369914.0
nr_2026_02_nr053_kewajiban_jangka_panjang,snapshot_istantoro_2022_mar_2026,2026-02,monthly,2026,2.0,NR053_KEWAJIBAN_JANGKA_PANJANG,KEWAJIBAN JANGKA PANJANG,kewajiban,76870572076.0,116704162680.0
nr_2026_02_nr054_pinjaman_ki_bri,snapshot_istantoro_2022_mar_2026,2026-02,monthly,2026,2.0,NR054_PINJAMAN_KI_BANK,PINJAMAN KI DARI BANK,kewajiban,0.0,0.0
nr_2026_02_nr055_kewajiban_imbalan_pasca_kerja,snapshot_istantoro_2022_mar_2026,2026-02,monthly,2026,2.0,NR055_KEWAJIBAN_IMBALAN_PASCA_KERJA,KEWAJIBAN IMBALAN PASCA KERJA,kewajiban,79484813220.0,115099697381.0
nr_2026_02_nr056_total_kewajiban_jangka_panjang,snapshot_istantoro_2022_mar_2026,2026-02,monthly,2026,2.0,NR056_TOTAL_KEWAJIBAN_JANGKA_PANJANG,TOTAL KEWAJIBAN JANGKA PANJANG,kewajiban,77915525113.0,114497228081.0
nr_2026_02_nr057_ekuitas,snapshot_istantoro_2022_mar_2026,2026-02,monthly,2026,2.0,NR057_EKUITAS,EKUITAS,ekuitas,725262703468.0,671603216115.0
nr_2026_02_nr058_cadangan_risiko_umum,snapshot_istantoro_2022_mar_2026,2026-02,monthly,2026,2.0,NR058_CADANGAN_RISIKO_UMUM,CADANGAN RISIKO UMUM,ekuitas,20253597090.0,20291405134.0
nr_2026_02_nr059_modal_saham,snapshot_istantoro_2022_mar_2026,2026-02,monthly,2026,2.0,NR059_MODAL_SAHAM,MODAL SAHAM,ekuitas,9567431806.0,9205864598.0
nr_2026_02_nr060_laba_ditahan,snapshot_istantoro_2022_mar_2026,2026-02,monthly,2026,2.0,NR060_LABA_DITAHAN,LABA DITAHAN,ekuitas,434031113249.0,516515932967.0
nr_2026_02_nr061_laba_setelah_pajak,snapshot_istantoro_2022_mar_2026,2026-02,monthly,2026,2.0,NR061_LABA_SETELAH_PAJAK,LABA SETELAH PAJAK,ekuitas,0.0,0.0
nr_2026_02_nr062_total_ekuitas_sebelum_rl,snapshot_istantoro_2022_mar_2026,2026-02,monthly,2026,2.0,NR062_TOTAL_EKUITAS_SEBELUM_RL,TOTAL EKUITAS SBLM R/L BERJALAN,ekuitas,487222379475.0,544287532143.0
nr_2026_02_nr063_rugi_laba_tahun_lalu,snapshot_istantoro_2022_mar_2026,2026-02,monthly,2026,2.0,NR063_RUGI_LABA_TAHUN_LALU,RUGI/LABA TAHUN LALU,ekuitas,211651178528.0,0.0
nr_2026_02_nr064_bagian_laba_perusahaan_anak,snapshot_istantoro_2022_mar_2026,2026-02,monthly,2026,2.0,NR064_BAGIAN_LABA_PERUSAHAAN_ANAK,BAGIAN LABA PERUSAHAAN ANAK,ekuitas,47348100463.0,48767880772.0
nr_2026_02_nr065_rugi_laba_tahun_berjalan,snapshot_istantoro_2022_mar_2026,2026-02,monthly,2026,2.0,NR065_RUGI_LABA_TAHUN_BERJALAN,RUGI/LABA TAHUN BERJALAN,ekuitas,25048321739.0,94602948413.0
nr_2026_02_nr066_total_pasiva,snapshot_istantoro_2022_mar_2026,2026-02,monthly,2026,2.0,NR066_TOTAL_PASIVA,TOTAL PASIVA,pasiva,1174857102574.0,969863934533.0
nr_2026_02_nr028_kendaraan_gross,snapshot_istantoro_2022_mar_2026,2026-02,monthly,2026,2.0,NR028_KENDARAAN_GROSS,KENDARAAN UNTUK DISEWAKAN (GROSS),aset,0.0,6825255842.0
nr_2026_02_1101,snapshot_istantoro_2022_mar_2026,2026-02,monthly,2026,2.0,1101,Kas dan Setara Kas,aset,492525692142.0,287972619371.0
nr_2026_02_1102,snapshot_istantoro_2022_mar_2026,2026-02,monthly,2026,2.0,1102,Piutang Bersih,aset,330260377841.0,215449258896.0
nr_2026_02_1103,snapshot_istantoro_2022_mar_2026,2026-02,monthly,2026,2.0,1103,Aset Lancar Lainnya,aset,70014290524.0,37424649773.0
nr_2026_02_1104,snapshot_istantoro_2022_mar_2026,2026-02,monthly,2026,2.0,1104,Aset Tidak Lancar,aset,228231226095.0,406148417058.0
nr_2026_02_1105,snapshot_istantoro_2022_mar_2026,2026-02,monthly,2026,2.0,1105,Jumlah Piutang,aset,367206058128.0,241791010455.0
nr_2026_02_1106,snapshot_istantoro_2022_mar_2026,2026-02,monthly,2026,2.0,1106,Total Aset Lancar,aset,897201217358.0,540754912807.0
nr_2026_02_2101,snapshot_istantoro_2022_mar_2026,2026-02,monthly,2026,2.0,2101,Kewajiban Lancar,kewajiban,300294522235.0,156329878219.0
nr_2026_02_2102,snapshot_istantoro_2022_mar_2026,2026-02,monthly,2026,2.0,2102,Kewajiban Jangka Panjang,kewajiban,77318697885.0,116905162199.0
nr_2026_02_3101,snapshot_istantoro_2022_mar_2026,2026-02,monthly,2026,2.0,3101,Ekuitas,ekuitas,762762350972.0,689578552335.0
nr_2026_03_nr005_total_aset,snapshot_istantoro_2022_mar_2026,2026-03,monthly,2026,3.0,NR005_TOTAL_ASET,TOTAL ASET,aset,1107611588725.0,956775693525.0
nr_2026_03_nr006_aset_lancar,snapshot_istantoro_2022_mar_2026,2026-03,monthly,2026,3.0,NR006_ASET_LANCAR,ASET LANCAR,aset,939928769849.0,559854228185.0
nr_2026_03_nr007_kas,snapshot_istantoro_2022_mar_2026,2026-03,monthly,2026,3.0,NR007_KAS,KAS,aset,336437713.0,1191410785.0
nr_2026_03_nr008_bank,snapshot_istantoro_2022_mar_2026,2026-03,monthly,2026,3.0,NR008_BANK,BANK,aset,247779592093.0,21003283324.0
nr_2026_03_nr009_deposito,snapshot_istantoro_2022_mar_2026,2026-03,monthly,2026,3.0,NR009_DEPOSITO,DEPOSITO,aset,885863627.0,49565737978.0
nr_2026_03_nr010_deposito_dijaminkan,snapshot_istantoro_2022_mar_2026,2026-03,monthly,2026,3.0,NR010_DEPOSITO_DIJAMINKAN,DEPOSITO YANG DI JAMINKAN,aset,225729442138.0,222735670289.0
nr_2026_03_nr011_persediaan_meterai,snapshot_istantoro_2022_mar_2026,2026-03,monthly,2026,3.0,NR011_PERSEDIAAN_METERAI,PERSEDIAAN METERAI,aset,10766139.0,2715580.0
nr_2026_03_nr012_surat_surat_berharga,snapshot_istantoro_2022_mar_2026,2026-03,monthly,2026,3.0,NR012_SURAT_SURAT_BERHARGA,SURAT SURAT BERHARGA,aset,0.0,0.0
nr_2026_03_nr013_piutang_captive,snapshot_istantoro_2022_mar_2026,2026-03,monthly,2026,3.0,NR013_PIUTANG_CAPTIVE,PIUTANG CAPTIVE,aset,7231442593.0,12729567111.0
nr_2026_03_nr014_piutang_non_captive,snapshot_istantoro_2022_mar_2026,2026-03,monthly,2026,3.0,NR014_PIUTANG_NON_CAPTIVE,PIUTANG NON CAPTIVE,aset,390725018907.0,218553479252.0
nr_2026_03_nr015_piutang_jasa_pendidikan,snapshot_istantoro_2022_mar_2026,2026-03,monthly,2026,3.0,NR015_PIUTANG_JASA_PENDIDIKAN,PIUTANG JASA PENDIDIKAN,aset,2849094716.0,1293207020.0
nr_2026_03_nr016_jumlah_piutang,snapshot_istantoro_2022_mar_2026,2026-03,monthly,2026,3.0,NR016_JUMLAH_PIUTANG,JUMLAH PIUTANG,aset,372146135597.0,234411301522.0
nr_2026_03_nr017_penyisihan_piutang,snapshot_istantoro_2022_mar_2026,2026-03,monthly,2026,3.0,NR017_PENYISIHAN_PIUTANG,PENYISIHAN PENGHAPUSAN PIUTANG,aset,-31782559492.0,-17751994502.0
nr_2026_03_nr018_piutang_bersih,snapshot_istantoro_2022_mar_2026,2026-03,monthly,2026,3.0,NR018_PIUTANG_BERSIH,PIUTANG BERSIH,aset,365583937311.0,220011822907.0
nr_2026_03_nr019_piutang_lainnya,snapshot_istantoro_2022_mar_2026,2026-03,monthly,2026,3.0,NR019_PIUTANG_LAINNYA,PIUTANG LAINNYA,aset,264472323.0,14070451766.0
nr_2026_03_nr020_piutang_inter_company,snapshot_istantoro_2022_mar_2026,2026-03,monthly,2026,3.0,NR020_PIUTANG_INTER_COMPANY,PIUTANG INTER COMPANY,aset,149619512.0,0.0
nr_2026_03_nr021_uang_muka,snapshot_istantoro_2022_mar_2026,2026-03,monthly,2026,3.0,NR021_UANG_MUKA,UANG MUKA,aset,7873252436.0,1158750643.0
nr_2026_03_nr022_pajak_dibayar_dimuka,snapshot_istantoro_2022_mar_2026,2026-03,monthly,2026,3.0,NR022_PAJAK_DIBAYAR_DIMUKA,PAJAK DIBAYAR DIMUKA,aset,72078524332.0,18994885629.0
nr_2026_03_nr023_biaya_dibayar_dimuka,snapshot_istantoro_2022_mar_2026,2026-03,monthly,2026,3.0,NR023_BIAYA_DIBAYAR_DIMUKA,BIAYA DIBAYAR DIMUKA,aset,1634906259.0,2832785391.0
nr_2026_03_nr024_total_aktiva_lancar,snapshot_istantoro_2022_mar_2026,2026-03,monthly,2026,3.0,NR024_TOTAL_AKTIVA_LANCAR,TOTAL AKTIVA LANCAR,aset,884710266413.0,558544715549.0
nr_2026_03_nr025_aktiva_tidak_lancar,snapshot_istantoro_2022_mar_2026,2026-03,monthly,2026,3.0,NR025_AKTIVA_TIDAK_LANCAR,AKTIVA TIDAK LANCAR,aset,229452073643.0,392551096226.0
nr_2026_03_nr026_aset_lain_lain,snapshot_istantoro_2022_mar_2026,2026-03,monthly,2026,3.0,NR026_ASET_LAIN_LAIN,ASET LAIN-LAIN,aset,25597105885.0,24729621687.0
nr_2026_03_nr027_investasi_asosiasi,snapshot_istantoro_2022_mar_2026,2026-03,monthly,2026,3.0,NR027_INVESTASI_ASOSIASI,INVESTASI DALAM ENTITAS ASOSIASI,aset,22094064601.0,24390153459.0
nr_2026_03_nr028_kendaraan_disewakan,snapshot_istantoro_2022_mar_2026,2026-03,monthly,2026,3.0,NR028_KENDARAAN_DISEWAKAN,KENDARAAN UNTUK DISEWAKAN,aset,0.0,0.0
nr_2026_03_nr029_akumulasi_penyusutan_kendaraan,snapshot_istantoro_2022_mar_2026,2026-03,monthly,2026,3.0,NR029_AKUMULASI_PENYUSUTAN_KENDARAAN,AKUMULASI PENYUSUTAN,aset,0.0,-6950792408.0
nr_2026_03_nr030_nilai_buku_kendaraan,snapshot_istantoro_2022_mar_2026,2026-03,monthly,2026,3.0,NR030_NILAI_BUKU_KENDARAAN,NILAI BUKU,aset,0.0,0.0
nr_2026_03_nr031_aset_tetap,snapshot_istantoro_2022_mar_2026,2026-03,monthly,2026,3.0,NR031_ASET_TETAP,ASET TETAP,aset,183853905531.0,197673445924.0
nr_2026_03_nr032_harga_perolehan_aset_tetap,snapshot_istantoro_2022_mar_2026,2026-03,monthly,2026,3.0,NR032_HARGA_PEROLEHAN_ASET_TETAP,HARGA PEROLEHAN AKTIVA TETAP,aset,259877439090.0,273594926996.0
nr_2026_03_nr033_akumulasi_penyusutan_aset_tetap,snapshot_istantoro_2022_mar_2026,2026-03,monthly,2026,3.0,NR033_AKUMULASI_PENYUSUTAN_ASET_TETAP,AKUMULASI PENYUSUTAN,aset,-73851999983.0,-78382913197.0
nr_2026_03_nr034_nilai_buku_aset_tetap,snapshot_istantoro_2022_mar_2026,2026-03,monthly,2026,3.0,NR034_NILAI_BUKU_ASET_TETAP,NILAI BUKU,aset,190387491444.0,195797731014.0
nr_2026_03_nr035_aktiva_lain_lain,snapshot_istantoro_2022_mar_2026,2026-03,monthly,2026,3.0,NR035_AKTIVA_LAIN_LAIN,AKTIVA LAIN-LAIN,aset,4603806717.0,149914679620.0
nr_2026_03_nr036_aset_piutang_lain,snapshot_istantoro_2022_mar_2026,2026-03,monthly,2026,3.0,NR036_ASET_PIUTANG_LAIN,ASET PIUTANG LAIN,aset,0.0,149267388180.0
nr_2026_03_nr037_aset_dalam_penyelesaian,snapshot_istantoro_2022_mar_2026,2026-03,monthly,2026,3.0,NR037_ASET_DALAM_PENYELESAIAN,ASET DALAM PENYELESAIAN,aset,4430099486.0,2611999927.0
nr_2026_03_nr038_renovasi_bangunan,snapshot_istantoro_2022_mar_2026,2026-03,monthly,2026,3.0,NR038_RENOVASI_BANGUNAN,RENOVASI BANGUNAN YANG DISEWA,aset,0.0,0.0
nr_2026_03_nr039_uang_jaminan_proyek,snapshot_istantoro_2022_mar_2026,2026-03,monthly,2026,3.0,NR039_UANG_JAMINAN_PROYEK,UANG JAMINAN PROYEK,aset,103658175.0,109373945.0
nr_2026_03_nr040_jaminan_bank_garansi,snapshot_istantoro_2022_mar_2026,2026-03,monthly,2026,3.0,NR040_JAMINAN_BANK_GARANSI,JAMINAN BANK GARANSI,aset,20428403.0,20619633.0
nr_2026_03_nr041_total_aktiva,snapshot_istantoro_2022_mar_2026,2026-03,monthly,2026,3.0,NR041_TOTAL_AKTIVA,TOTAL AKTIVA,aset,1153057199239.0,973044801025.0
nr_2026_03_nr042_total_pasiva_section,snapshot_istantoro_2022_mar_2026,2026-03,monthly,2026,3.0,NR042_TOTAL_PASIVA_SECTION,TOTAL PASIVA,pasiva,1122408028041.0,970829232067.0
nr_2026_03_nr043_kewajiban_lancar,snapshot_istantoro_2022_mar_2026,2026-03,monthly,2026,3.0,NR043_KEWAJIBAN_LANCAR,KEWAJIBAN LANCAR,kewajiban,321719080244.0,158960431647.0
nr_2026_03_nr044_hutang_pajak,snapshot_istantoro_2022_mar_2026,2026-03,monthly,2026,3.0,NR044_HUTANG_PAJAK,HUTANG PAJAK,kewajiban,16301912988.0,8781897638.0
nr_2026_03_nr045_bpjs_dplk,snapshot_istantoro_2022_mar_2026,2026-03,monthly,2026,3.0,NR045_BPJS_DPLK,BY YMH DIBAYAR BPJS DAN DPLK,kewajiban,13833836034.0,15794653857.0
nr_2026_03_nr046_hutang_dividen,snapshot_istantoro_2022_mar_2026,2026-03,monthly,2026,3.0,NR046_HUTANG_DIVIDEN,HUTANG DIVIDEN,kewajiban,0.0,0.0
nr_2026_03_nr047_biaya_masih_harus_dibayar,snapshot_istantoro_2022_mar_2026,2026-03,monthly,2026,3.0,NR047_BIAYA_MASIH_HARUS_DIBAYAR,BIAYA YANG MASIH HARUS DIBAYAR,kewajiban,47591885005.0,69647429681.0
nr_2026_03_nr048_pinjaman_modal_kerja,snapshot_istantoro_2022_mar_2026,2026-03,monthly,2026,3.0,NR048_PINJAMAN_MODAL_KERJA,PINJAMAN MODAL KERJA,kewajiban,216952540047.0,0.0
nr_2026_03_nr049_pinjaman_pemegang_saham,snapshot_istantoro_2022_mar_2026,2026-03,monthly,2026,3.0,NR049_PINJAMAN_PEMEGANG_SAHAM,PINJAMAN KE PEMEGANG SAHAM,kewajiban,0.0,0.0
nr_2026_03_nr050_kewajiban_lancar_lainnya,snapshot_istantoro_2022_mar_2026,2026-03,monthly,2026,3.0,NR050_KEWAJIBAN_LANCAR_LAINNYA,KEWAJIBAN LANCAR LAINNYA,kewajiban,16088861007.0,66285808887.0
nr_2026_03_nr051_total_kewajiban_lancar,snapshot_istantoro_2022_mar_2026,2026-03,monthly,2026,3.0,NR051_TOTAL_KEWAJIBAN_LANCAR,TOTAL KEWAJIBAN LANCAR,kewajiban,308135935392.0,162030686789.0
nr_2026_03_nr053_kewajiban_jangka_panjang,snapshot_istantoro_2022_mar_2026,2026-03,monthly,2026,3.0,NR053_KEWAJIBAN_JANGKA_PANJANG,KEWAJIBAN JANGKA PANJANG,kewajiban,71932551723.0,114773382197.0
nr_2026_03_nr054_pinjaman_ki_bri,snapshot_istantoro_2022_mar_2026,2026-03,monthly,2026,3.0,NR054_PINJAMAN_KI_BANK,PINJAMAN KI DARI BANK,kewajiban,0.0,0.0
nr_2026_03_nr055_kewajiban_imbalan_pasca_kerja,snapshot_istantoro_2022_mar_2026,2026-03,monthly,2026,3.0,NR055_KEWAJIBAN_IMBALAN_PASCA_KERJA,KEWAJIBAN IMBALAN PASCA KERJA,kewajiban,75525143021.0,118076027285.0
nr_2026_03_nr056_total_kewajiban_jangka_panjang,snapshot_istantoro_2022_mar_2026,2026-03,monthly,2026,3.0,NR056_TOTAL_KEWAJIBAN_JANGKA_PANJANG,TOTAL KEWAJIBAN JANGKA PANJANG,kewajiban,70560559475.0,114938444295.0
nr_2026_03_nr057_ekuitas,snapshot_istantoro_2022_mar_2026,2026-03,monthly,2026,3.0,NR057_EKUITAS,EKUITAS,ekuitas,796113022814.0,674219612476.0
nr_2026_03_nr058_cadangan_risiko_umum,snapshot_istantoro_2022_mar_2026,2026-03,monthly,2026,3.0,NR058_CADANGAN_RISIKO_UMUM,CADANGAN RISIKO UMUM,ekuitas,20513861908.0,21242029380.0
nr_2026_03_nr059_modal_saham,snapshot_istantoro_2022_mar_2026,2026-03,monthly,2026,3.0,NR059_MODAL_SAHAM,MODAL SAHAM,ekuitas,9147031479.0,9476994045.0
nr_2026_03_nr060_laba_ditahan,snapshot_istantoro_2022_mar_2026,2026-03,monthly,2026,3.0,NR060_LABA_DITAHAN,LABA DITAHAN,ekuitas,456383662536.0,503815035944.0
nr_2026_03_nr061_laba_setelah_pajak,snapshot_istantoro_2022_mar_2026,2026-03,monthly,2026,3.0,NR061_LABA_SETELAH_PAJAK,LABA SETELAH PAJAK,ekuitas,0.0,0.0
nr_2026_03_nr062_total_ekuitas_sebelum_rl,snapshot_istantoro_2022_mar_2026,2026-03,monthly,2026,3.0,NR062_TOTAL_EKUITAS_SEBELUM_RL,TOTAL EKUITAS SBLM R/L BERJALAN,ekuitas,457512918823.0,522127979574.0
nr_2026_03_nr063_rugi_laba_tahun_lalu,snapshot_istantoro_2022_mar_2026,2026-03,monthly,2026,3.0,NR063_RUGI_LABA_TAHUN_LALU,RUGI/LABA TAHUN LALU,ekuitas,213519635778.0,0.0
nr_2026_03_nr064_bagian_laba_perusahaan_anak,snapshot_istantoro_2022_mar_2026,2026-03,monthly,2026,3.0,NR064_BAGIAN_LABA_PERUSAHAAN_ANAK,BAGIAN LABA PERUSAHAAN ANAK,ekuitas,45926501507.0,49176979283.0
nr_2026_03_nr065_rugi_laba_tahun_berjalan,snapshot_istantoro_2022_mar_2026,2026-03,monthly,2026,3.0,NR065_RUGI_LABA_TAHUN_BERJALAN,RUGI/LABA TAHUN BERJALAN,ekuitas,42920544940.0,96750157587.0
nr_2026_03_nr066_total_pasiva,snapshot_istantoro_2022_mar_2026,2026-03,monthly,2026,3.0,NR066_TOTAL_PASIVA,TOTAL PASIVA,pasiva,1141040187915.0,964487855997.0
nr_2026_03_nr028_kendaraan_gross,snapshot_istantoro_2022_mar_2026,2026-03,monthly,2026,3.0,NR028_KENDARAAN_GROSS,KENDARAAN UNTUK DISEWAKAN (GROSS),aset,0.0,6977266381.0
nr_2026_03_1101,snapshot_istantoro_2022_mar_2026,2026-03,monthly,2026,3.0,1101,Kas dan Setara Kas,aset,464600149124.0,288237158830.0
nr_2026_03_1102,snapshot_istantoro_2022_mar_2026,2026-03,monthly,2026,3.0,1102,Piutang Bersih,aset,368830627551.0,220667276657.0
nr_2026_03_1103,snapshot_istantoro_2022_mar_2026,2026-03,monthly,2026,3.0,1103,Aset Lancar Lainnya,aset,78251729653.0,37730357182.0
nr_2026_03_1104,snapshot_istantoro_2022_mar_2026,2026-03,monthly,2026,3.0,1104,Aset Tidak Lancar,aset,239174244718.0,402844293755.0
nr_2026_03_1105,snapshot_istantoro_2022_mar_2026,2026-03,monthly,2026,3.0,1105,Jumlah Piutang,aset,385124290952.0,232556191216.0
nr_2026_03_1106,snapshot_istantoro_2022_mar_2026,2026-03,monthly,2026,3.0,1106,Total Aset Lancar,aset,950426544395.0,566781707561.0
nr_2026_03_2101,snapshot_istantoro_2022_mar_2026,2026-03,monthly,2026,3.0,2101,Kewajiban Lancar,kewajiban,303566896839.0,159761560444.0
nr_2026_03_2102,snapshot_istantoro_2022_mar_2026,2026-03,monthly,2026,3.0,2102,Kewajiban Jangka Panjang,kewajiban,73440867316.0,112943379474.0
nr_2026_03_3101,snapshot_istantoro_2022_mar_2026,2026-03,monthly,2026,3.0,3101,Ekuitas,ekuitas,769519593601.0,668325956096.0
