id,snapshot_id,sheet_name,row_index,payload_json
wr_masterfile_neraca_1,snapshot_istantoro_2022_mar_2026,MASTERFILE NERACA,1,"[""ISTANTORO HUMAN SOLUTIONS"", null, null, null, null, null, null, null, null, null, null, null, null, null, null, null, null, null, null, null, null, null, null, null, null, null, null, null, null]"
wr_masterfile_neraca_2,snapshot_istantoro_2022_mar_2026,MASTERFILE NERACA,2,"[""LAPORAN POSISI KEUANGAN"", null, null, null, null, null, null, null, null, null, null, null, null, null, null, null, null, null, null, null, null, null, null, null, null, null, null, null, null]"
wr_masterfile_neraca_3,snapshot_istantoro_2022_mar_2026,MASTERFILE NERACA,3,"[""28 FEBRUARI 2026"", null, null, null, null, null, null, null, null, null, null, null, null, null, null, null, null, null, null, null, null, null, null, null, null, null, null, null, null]"
wr_masterfile_neraca_4,snapshot_istantoro_2022_mar_2026,MASTERFILE NERACA,4,"[""KETERANGAN"", ""RKAP 2026"", ""2022"", ""2023"", ""2024"", ""Jan-25"", ""Feb-25"", ""Mar-25"", ""Apr-25"", ""May-25"", ""Jun-25"", ""Jul-25"", ""Aug-25"", ""Sep-25"", ""Oct-25"", ""Nov-25"", ""Dec-25"", ""Jan-26"", ""Feb-26"", ""Mar-26"", ""Apr-26"", ""May-26"", ""Jun-26"", ""Jul-26"", ""Aug-26"", ""Sep-26"", ""Oct-26"", ""Nov-26"", ""Dec-26""]"
wr_masterfile_neraca_5,snapshot_istantoro_2022_mar_2026,MASTERFILE NERACA,5,"[""TOTAL ASET"", null, null, null, null, null, null, null, null, null, null, null, null, null, null, null, null, null, null, null, null, null, null, null, null, null, null, null, null]"
wr_masterfile_neraca_6,snapshot_istantoro_2022_mar_2026,MASTERFILE NERACA,6,"[""ASET LANCAR"", null, null, null, null, null, null, null, null, null, null, null, null, null, null, null, null, null, null, null, null, null, null, null, null, null, null, null, null]"
wr_masterfile_neraca_7,snapshot_istantoro_2022_mar_2026,MASTERFILE NERACA,7,"[""KAS"", "" 1,371,487 "", "" 363,794 "", "" 1,233,448 "", "" 541,750 "", "" 735,097 "", "" 465,007 "", "" 432,764 "", "" 1,263,324 "", "" 951,853 "", "" 1,118,023 "", "" 675,316 "", "" 556,395 "", "" 423,277 "", "" 769,537 "", "" 469,601 "", "" 278,183 "", "" 271,262 "", "" 299,663 "", "" 389,437 "", null, null, null, null, null, null, null, null, null]"
wr_masterfile_neraca_8,snapshot_istantoro_2022_mar_2026,MASTERFILE NERACA,8,"[""BANK"", "" 23,039,456 "", "" 137,464,882 "", "" 103,444,809 "", "" 50,477,552 "", "" 42,410,228 "", "" 45,071,025 "", "" 60,763,887 "", "" 46,440,812 "", "" 59,406,178 "", "" 45,801,041 "", "" 48,326,901 "", "" 48,984,161 "", "" 189,297,193 "", "" 239,307,531 "", "" 153,084,560 "", "" 104,970,568 "", "" 41,099,116 "", "" 284,843,070 "", "" 284,171,981 "", null, null, null, null, null, null, null, null, null]"
wr_masterfile_neraca_9,snapshot_istantoro_2022_mar_2026,MASTERFILE NERACA,9,"[""DEPOSITO"", "" 54,500,000 "", "" 303,800,000 "", "" 173,000,000 "", "" 187,300,000 "", "" 114,300,000 "", "" 109,300,000 "", "" 77,900,000 "", "" 1,000,000 "", "" -   "", "" 26,200,000 "", "" 1,000,000 "", "" 1,000,000 "", "" 26,000,000 "", "" 4,500,000 "", "" 11,000,000 "", "" 38,000,000 "", "" 71,000,000 "", "" 21,000,000 "", "" 1,000,000 "", null, null, null, null, null, null, null, null, null]"
wr_masterfile_neraca_10,snapshot_istantoro_2022_mar_2026,MASTERFILE NERACA,10,"[""DEPOSITO YANG DI JAMINKAN"", "" 252,800,000 "", null, "" 203,600,000 "", "" 203,600,000 "", "" 203,600,000 "", "" 203,600,000 "", "" 203,600,000 "", "" 228,600,000 "", "" 228,600,000 "", "" 227,600,000 "", "" 252,800,000 "", "" 252,800,000 "", "" 252,800,000 "", "" 252,800,000 "", "" 252,800,000 "", "" 252,800,000 "", "" 252,800,000 "", "" 252,800,000 "", "" 252,800,000 "", null, null, null, null, null, null, null, null, null]"
wr_masterfile_neraca_11,snapshot_istantoro_2022_mar_2026,MASTERFILE NERACA,11,"[""PERSEDIAAN METERAI"", "" 3,000 "", "" 88,123 "", "" 84,673 "", "" 5,564 "", "" 8,554 "", "" 8,864 "", "" 6,164 "", "" 6,064 "", "" 11,794 "", "" 3,984 "", "" 8,564 "", "" 6,934 "", "" 3,684 "", "" 7,844 "", "" 7,184 "", "" 6,854 "", "" 6,064 "", "" 11,744 "", "" 12,184 "", null, null, null, null, null, null, null, null, null]"
wr_masterfile_neraca_12,snapshot_istantoro_2022_mar_2026,MASTERFILE NERACA,12,"[""SURAT SURAT BERHARGA"", "" -   "", "" -   "", "" -   "", "" -   "", "" -   "", "" -   "", "" -   "", "" -   "", "" -   "", "" -   "", "" -   "", "" -   "", "" -   "", "" -   "", "" -   "", "" -   "", "" -   "", "" -   "", "" -   "", null, null, null, null, null, null, null, null, null]"
wr_masterfile_neraca_13,snapshot_istantoro_2022_mar_2026,MASTERFILE NERACA,13,"[""PIUTANG CAPTIVE"", "" 14,486,739 "", "" 76,035,088 "", "" 144,578,481 "", "" 12,629,514 "", "" 22,007,253 "", "" 19,129,198 "", "" 13,317,685 "", "" 24,072,847 "", "" 12,880,376 "", "" 1,922,917 "", "" 2,632,265 "", "" 14,202,942 "", "" 13,360,933 "", "" 12,855,946 "", "" 3,370,748 "", "" 19,585,415 "", "" 17,383,108 "", "" 7,924,444 "", "" 8,206,569 "", null, null, null, null, null, null, null, null, null]"
wr_masterfile_neraca_14,snapshot_istantoro_2022_mar_2026,MASTERFILE NERACA,14,"[""PIUTANG NON CAPTIVE"", "" 251,400,657 "", "" 172,755,268 "", "" 175,548,244 "", "" 368,529,289 "", "" 449,234,421 "", "" 487,442,734 "", "" 480,829,523 "", "" 490,338,919 "", "" 466,797,564 "", "" 465,728,799 "", "" 439,189,917 "", "" 453,364,921 "", "" 423,139,530 "", "" 427,551,716 "", "" 424,770,786 "", "" 320,283,590 "", "" 356,068,160 "", "" 392,671,266 "", "" 421,412,590 "", null, null, null, null, null, null, null, null, null]"
wr_masterfile_neraca_15,snapshot_istantoro_2022_mar_2026,MASTERFILE NERACA,15,"[""PIUTANG JASA PENDIDIKAN"", "" 1,472,953 "", "" 10,800,492 "", "" 2,150,528 "", "" 730,777 "", "" 2,758,920 "", "" 3,378,510 "", "" 1,406,644 "", "" 1,337,331 "", "" 1,382,601 "", "" 1,410,302 "", "" 919,293 "", "" 1,242,350 "", "" 1,358,486 "", "" 1,895,402 "", "" 1,788,086 "", "" 2,339,733 "", "" 2,714,958 "", "" 3,033,397 "", "" 3,151,215 "", null, null, null, null, null, null, null, null, null]"
wr_masterfile_neraca_16,snapshot_istantoro_2022_mar_2026,MASTERFILE NERACA,16,"[""JUMLAH PIUTANG"", "" 267,360,349 "", "" 259,590,848 "", "" 322,277,254 "", "" 381,889,580 "", "" 474,000,594 "", "" 509,950,442 "", "" 495,553,851 "", "" 515,749,096 "", "" 481,060,541 "", "" 469,062,017 "", "" 442,741,475 "", "" 468,810,213 "", "" 437,858,948 "", "" 442,303,064 "", "" 429,929,621 "", "" 342,208,738 "", "" 376,166,226 "", "" 403,629,108 "", "" 432,770,373 "", null, null, null, null, null, null, null, null, null]"
wr_masterfile_neraca_17,snapshot_istantoro_2022_mar_2026,MASTERFILE NERACA,17,"[""PENYISIHAN PENGHAPUSAN PIUTANG"", "" (20,052,026)"", "" (9,523,022)"", "" (20,785,078)"", "" (26,232,942)"", "" (14,199,487)"", "" (14,199,487)"", "" (26,232,942)"", "" (26,232,942)"", "" (26,232,942)"", "" (26,232,942)"", "" (26,765,994)"", "" (33,015,442)"", "" (33,455,442)"", "" (33,755,442)"", "" (35,755,442)"", "" (35,750,662)"", "" (35,750,662)"", "" (35,750,662)"", "" (35,750,662)"", null, null, null, null, null, null, null, null, null]"
wr_masterfile_neraca_18,snapshot_istantoro_2022_mar_2026,MASTERFILE NERACA,18,"[""PIUTANG BERSIH"", "" 247,308,323 "", "" 250,067,826 "", "" 301,492,176 "", "" 355,656,638 "", "" 459,801,108 "", "" 495,750,955 "", "" 469,320,910 "", "" 489,516,154 "", "" 454,827,599 "", "" 442,829,076 "", "" 415,975,481 "", "" 435,794,771 "", "" 404,403,506 "", "" 408,547,623 "", "" 394,174,179 "", "" 306,458,076 "", "" 340,415,564 "", "" 367,878,445 "", "" 397,019,711 "", null, null, null, null, null, null, null, null, null]"
wr_masterfile_neraca_19,snapshot_istantoro_2022_mar_2026,MASTERFILE NERACA,19,"[""PIUTANG LAINNYA"", "" 15,730,701 "", "" 48,480,449 "", "" 3,437,543 "", "" 44,333,169 "", "" 11,208,761 "", "" 11,469,799 "", "" 35,432,339 "", "" 194,033 "", "" 173,538 "", "" 2,237,498 "", "" 194,380 "", "" 194,079 "", "" 193,029 "", "" 192,729 "", "" 193,564 "", "" 199,983 "", "" 230,335 "", "" 302,147 "", "" 300,605 "", null, null, null, null, null, null, null, null, null]"
wr_masterfile_neraca_20,snapshot_istantoro_2022_mar_2026,MASTERFILE NERACA,20,"[""PIUTANG INTER COMPANY"", "" -   "", "" 684,107 "", "" -   "", "" 27,685 "", "" 58,715 "", "" 27,685 "", "" 27,685 "", "" 27,685 "", "" 27,685 "", "" 29,726 "", "" 39,469 "", "" 66,782 "", "" 87,538 "", "" 108,294 "", "" 87,559 "", "" 90,953 "", "" 93,835 "", "" 128,560 "", "" 172,970 "", null, null, null, null, null, null, null, null, null]"
wr_masterfile_neraca_21,snapshot_istantoro_2022_mar_2026,MASTERFILE NERACA,21,"[""UANG MUKA"", "" 1,297,952 "", "" 4,973,155 "", "" 8,579,464 "", "" 2,930,883 "", "" 10,090,429 "", "" 4,391,726 "", "" 2,276,205 "", "" 3,855,982 "", "" 6,830,176 "", "" 8,658,969 "", "" 11,024,436 "", "" 8,940,723 "", "" 5,366,265 "", "" 7,579,436 "", "" 4,908,854 "", "" 2,426,124 "", "" 2,963,032 "", "" 2,585,916 "", "" 8,628,414 "", null, null, null, null, null, null, null, null, null]"
wr_masterfile_neraca_22,snapshot_istantoro_2022_mar_2026,MASTERFILE NERACA,22,"[""PAJAK DIBAYAR DIMUKA"", "" 21,543,504 "", "" 176,162 "", "" 22,677,373 "", "" 988,570 "", "" 65,657,690 "", "" 70,162,361 "", "" 15,559,820 "", "" 20,158,316 "", "" 24,908,777 "", "" 28,909,660 "", "" 34,454,973 "", "" 38,129,177 "", "" 38,736,559 "", "" 39,548,561 "", "" 52,755,029 "", "" 62,420,939 "", "" 67,274,607 "", "" 76,168,360 "", "" 79,946,711 "", null, null, null, null, null, null, null, null, null]"
wr_masterfile_neraca_23,snapshot_istantoro_2022_mar_2026,MASTERFILE NERACA,23,"[""BIAYA DIBAYAR DIMUKA"", "" 3,260,780 "", "" 1,069,946 "", "" 1,492,495 "", "" 1,544,798 "", "" 1,424,818 "", "" 1,413,496 "", "" 1,467,200 "", "" 1,615,982 "", "" 1,503,272 "", "" 1,469,271 "", "" 2,170,847 "", "" 2,116,287 "", "" 2,426,430 "", "" 2,307,320 "", "" 2,190,027 "", "" 2,156,621 "", "" 2,140,820 "", "" 2,040,268 "", "" 1,818,525 "", null, null, null, null, null, null, null, null, null]"
wr_masterfile_neraca_24,snapshot_istantoro_2022_mar_2026,MASTERFILE NERACA,24,"[""TOTAL AKTIVA LANCAR"", "" 620,855,202 "", "" 747,168,445 "", "" 819,041,979 "", "" 847,406,611 "", "" 909,295,401 "", "" 941,660,919 "", "" 866,786,974 "", "" 792,678,354 "", "" 777,240,873 "", "" 784,857,248 "", "" 766,670,367 "", "" 788,589,309 "", "" 919,737,481 "", "" 955,668,875 "", "" 871,670,556 "", "" 769,808,301 "", "" 778,294,635 "", "" 1,008,058,173 "", "" 1,026,260,540 "", null, null, null, null, null, null, null, null, null]"
wr_masterfile_neraca_25,snapshot_istantoro_2022_mar_2026,MASTERFILE NERACA,25,"[""AKTIVA TIDAK LANCAR"", null, "" -   "", null, null, null, null, null, null, null, null, null, null, null, null, null, null, null, null, null, null, null, null, null, null, null, null, null, null]"
wr_masterfile_neraca_26,snapshot_istantoro_2022_mar_2026,MASTERFILE NERACA,26,"[""ASET LAIN-LAIN "", "" 28,000,000 "", "" 34,000,000 "", "" 31,500,000 "", "" 30,800,000 "", "" 30,850,000 "", "" 30,850,000 "", "" 30,200,000 "", "" 30,150,000 "", "" 30,150,000 "", "" 29,968,493 "", "" 29,696,233 "", "" 29,514,727 "", "" 29,464,727 "", "" 29,464,727 "", "" 29,414,727 "", "" 28,819,727 "", "" 28,759,727 "", "" 28,609,727 "", "" 28,354,127 "", null, null, null, null, null, null, null, null, null]"
wr_masterfile_neraca_27,snapshot_istantoro_2022_mar_2026,MASTERFILE NERACA,27,"[""INVESTASI DALAM ENTITAS ASOSIASI"", "" 26,694,336 "", "" 19,075,171 "", "" 28,012,457 "", "" 35,933,457 "", "" 16,511,528 "", "" 16,511,528 "", "" 37,433,457 "", "" 37,433,457 "", "" 37,433,457 "", "" 37,433,457 "", "" 37,403,139 "", "" 34,335,524 "", "" 31,305,205 "", "" 28,305,205 "", "" 25,305,205 "", "" 25,305,205 "", "" 25,305,205 "", "" 25,305,205 "", "" 25,305,205 "", null, null, null, null, null, null, null, null, null]"
wr_masterfile_neraca_28,snapshot_istantoro_2022_mar_2026,MASTERFILE NERACA,28,"[""KENDARAAN UNTUK DISEWAKAN"", "" 7,661,510 "", "" 8,541,160 "", "" 8,541,160 "", "" 8,541,160 "", "" 8,541,160 "", "" 7,661,510 "", "" 7,661,510 "", "" 7,661,510 "", "" 7,661,510 "", "" 7,661,510 "", "" 7,661,510 "", "" 7,661,510 "", "" 7,661,510 "", "" 6,709,410 "", "" 6,709,410 "", "" 6,709,410 "", "" 6,709,410 "", "" -   "", "" -   "", null, null, null, null, null, null, null, null, null]"
wr_masterfile_neraca_29,snapshot_istantoro_2022_mar_2026,MASTERFILE NERACA,29,"[""AKUMULASI PENYUSUTAN"", "" (7,661,510)"", "" (5,938,107)"", "" (6,481,387)"", "" (8,541,160)"", "" (8,541,160)"", "" (7,661,510)"", "" (7,661,510)"", "" (7,661,510)"", "" (7,661,510)"", "" (7,661,510)"", "" (7,661,510)"", "" (7,661,510)"", "" (7,661,510)"", "" (6,709,410)"", "" (6,709,410)"", "" (6,709,410)"", "" (6,709,410)"", "" -   "", "" -   "", null, null, null, null, null, null, null, null, null]"
wr_masterfile_neraca_30,snapshot_istantoro_2022_mar_2026,MASTERFILE NERACA,30,"[""NILAI BUKU"", "" -   "", "" 2,603,053 "", "" 2,059,773 "", "" -   "", "" -   "", "" -   "", "" -   "", "" -   "", "" -   "", "" -   "", "" -   "", "" -   "", "" -   "", "" -   "", "" -   "", "" -   "", "" -   "", "" -   "", "" -   "", null, null, null, null, null, null, null, null, null]"
wr_masterfile_neraca_31,snapshot_istantoro_2022_mar_2026,MASTERFILE NERACA,31,"[""ASET TETAP"", null, "" -   "", null, null, null, null, null, null, null, null, null, null, null, null, null, null, null, null, null, null, null, null, null, null, null, null, null, null]"
wr_masterfile_neraca_32,snapshot_istantoro_2022_mar_2026,MASTERFILE NERACA,32,"[""HARGA PEROLEHAN AKTIVA TETAP"", "" 306,126,748 "", "" 264,504,609 "", "" 265,411,988 "", "" 280,915,196 "", "" 281,436,355 "", "" 282,775,704 "", "" 283,902,475 "", "" 284,109,014 "", "" 284,385,790 "", "" 284,498,777 "", "" 283,796,888 "", "" 283,588,172 "", "" 283,475,113 "", "" 283,610,740 "", "" 283,690,539 "", "" 283,863,180 "", "" 283,971,929 "", "" 287,421,269 "", "" 289,650,647 "", null, null, null, null, null, null, null, null, null]"
wr_masterfile_neraca_33,snapshot_istantoro_2022_mar_2026,MASTERFILE NERACA,33,"[""AKUMULASI PENYUSUTAN"", "" (89,662,126)"", "" (56,068,246)"", "" (63,016,041)"", "" (71,268,188)"", "" (71,653,302)"", "" (73,286,521)"", "" (74,410,624)"", "" (75,184,515)"", "" (76,050,598)"", "" (77,304,208)"", "" (77,292,415)"", "" (76,087,111)"", "" (76,664,594)"", "" (76,665,484)"", "" (77,445,588)"", "" (78,221,791)"", "" (78,993,876)"", "" (83,265,484)"", "" (84,064,449)"", null, null, null, null, null, null, null, null, null]"
wr_masterfile_neraca_34,snapshot_istantoro_2022_mar_2026,MASTERFILE NERACA,34,"[""NILAI BUKU"", "" 216,464,622 "", "" 208,436,363 "", "" 202,395,947 "", "" 209,647,008 "", "" 209,783,053 "", "" 209,489,183 "", "" 209,491,851 "", "" 208,924,498 "", "" 208,335,192 "", "" 207,194,569 "", "" 206,504,473 "", "" 207,501,060 "", "" 206,810,520 "", "" 206,945,256 "", "" 206,244,951 "", "" 205,641,389 "", "" 204,978,053 "", "" 204,155,785 "", "" 205,586,198 "", null, null, null, null, null, null, null, null, null]"
wr_masterfile_neraca_35,snapshot_istantoro_2022_mar_2026,MASTERFILE NERACA,35,"[""AKTIVA LAIN-LAIN"", null, "" -   "", null, null, null, null, null, null, null, null, null, null, null, null, null, null, null, null, null, null, null, null, null, null, null, null, null, null]"
wr_masterfile_neraca_36,snapshot_istantoro_2022_mar_2026,MASTERFILE NERACA,36,"[""ASET PIUTANG LAIN"", "" 167,556,600 "", null, null, null, null, null, null, null, null, null, "" -   "", null, null, null, null, "" -   "", "" -   "", "" -   "", "" -   "", null, null, null, null, null, null, null, null, null]"
wr_masterfile_neraca_37,snapshot_istantoro_2022_mar_2026,MASTERFILE NERACA,37,"[""ASET DALAM PENYELESAIAN"", "" 3,000,000 "", null, "" 3,636,447 "", "" 4,152,116 "", "" 4,577,542 "", "" 5,741,891 "", "" 6,103,994 "", "" 6,275,081 "", "" 7,017,770 "", "" 7,092,125 "", "" 8,591,574 "", "" 7,108,467 "", "" 7,530,088 "", "" 6,298,045 "", "" 6,329,506 "", "" 6,456,822 "", "" 6,594,267 "", "" 6,746,167 "", "" 4,868,754 "", null, null, null, null, null, null, null, null, null]"
wr_masterfile_neraca_38,snapshot_istantoro_2022_mar_2026,MASTERFILE NERACA,38,"[""RENOVASI BANGUNAN YANG DISEWA"", "" - "", "" 219,688 "", "" 80,938 "", "" -   "", "" -   "", "" -   "", "" - "", "" - "", "" - "", "" - "", "" - "", "" - "", "" - "", "" - "", "" - "", "" - "", "" - "", "" - "", "" - "", null, null, null, null, null, null, null, null, null]"
wr_masterfile_neraca_39,snapshot_istantoro_2022_mar_2026,MASTERFILE NERACA,39,"[""UANG JAMINAN PROYEK"", "" 120,000 "", "" 120,000 "", "" 120,000 "", "" 120,000 "", "" 120,000 "", "" 120,000 "", "" 120,000 "", "" 120,000 "", "" 120,000 "", "" 120,000 "", "" 120,000 "", "" 120,000 "", "" 120,000 "", "" 120,000 "", "" 120,000 "", "" 120,000 "", "" 120,000 "", "" 120,000 "", "" 120,000 "", null, null, null, null, null, null, null, null, null]"
wr_masterfile_neraca_40,snapshot_istantoro_2022_mar_2026,MASTERFILE NERACA,40,"[""JAMINAN BANK GARANSI"", "" 23,594 "", "" 23,594 "", "" 244,774 "", "" 23,594 "", "" 23,594 "", "" 23,594 "", "" 23,594 "", "" 23,594 "", "" 23,594 "", "" 23,594 "", "" 23,594 "", "" 23,594 "", "" 23,594 "", "" 23,594 "", "" 23,594 "", "" 23,594 "", "" 23,594 "", "" 23,594 "", "" 23,594 "", null, null, null, null, null, null, null, null, null]"
wr_masterfile_neraca_41,snapshot_istantoro_2022_mar_2026,MASTERFILE NERACA,41,"[""TOTAL AKTIVA"", "" 1,062,714,353 "", "" 1,011,646,314 "", "" 1,087,092,314 "", "" 1,128,082,786 "", "" 1,171,161,117 "", "" 1,204,397,115 "", "" 1,150,159,871 "", "" 1,075,604,985 "", "" 1,060,320,887 "", "" 1,066,689,487 "", "" 1,049,009,380 "", "" 1,067,192,682 "", "" 1,194,991,615 "", "" 1,226,825,702 "", "" 1,139,108,539 "", "" 1,036,175,038 "", "" 1,044,075,480 "", "" 1,273,018,650 "", "" 1,290,518,418 "", null, null, null, null, null, null, null, null, null]"
wr_masterfile_neraca_42,snapshot_istantoro_2022_mar_2026,MASTERFILE NERACA,42,"[""TOTAL PASIVA"", null, "" -   "", null, null, null, null, null, null, null, null, null, null, null, null, null, null, null, null, null, null, null, null, null, null, null, null, null, null]"
wr_masterfile_neraca_43,snapshot_istantoro_2022_mar_2026,MASTERFILE NERACA,43,"[""KEWAJIBAN LANCAR"", null, "" -   "", null, null, null, null, null, null, null, null, null, null, null, null, null, null, null, null, null, null, null, null, null, null, null, null, null, null]"
wr_masterfile_neraca_44,snapshot_istantoro_2022_mar_2026,MASTERFILE NERACA,44,"[""HUTANG PAJAK"", "" 9,681,205 "", "" 51,615,820 "", "" 40,460,979 "", "" 45,664,944 "", "" 6,241,819 "", "" 6,086,065 "", "" 67,335,512 "", "" 6,442,572 "", "" 4,938,380 "", "" 7,732,661 "", "" 5,188,624 "", "" 5,325,221 "", "" 7,484,373 "", "" 6,708,934 "", "" 8,822,396 "", "" 4,673,688 "", "" 8,439,276 "", "" 8,403,674 "", "" 18,746,938 "", null, null, null, null, null, null, null, null, null]"
wr_masterfile_neraca_45,snapshot_istantoro_2022_mar_2026,MASTERFILE NERACA,45,"[""BY YMH DIBAYAR BPJS DAN DPLK"", "" 17,541,682 "", "" 13,767,257 "", "" 59,911,163 "", "" 3,617,824 "", "" 3,745,447 "", "" 12,231,492 "", "" 3,716,543 "", "" 9,529,915 "", "" 645,540 "", "" 8,986,880 "", "" 3,831,212 "", "" 668,097 "", "" 13,598,631 "", "" 5,394,162 "", "" 5,046,504 "", "" 1,816,941 "", "" 15,626,891 "", "" 16,503,651 "", "" 15,489,619 "", null, null, null, null, null, null, null, null, null]"
wr_masterfile_neraca_46,snapshot_istantoro_2022_mar_2026,MASTERFILE NERACA,46,"[""HUTANG DIVIDEN"", "" -   "", "" -   "", "" -   "", "" -   "", "" -   "", "" - "", "" -   "", "" 80,124,101 "", "" (0)"", "" -   "", "" -   "", "" -   "", "" -   "", "" -   "", "" -   "", "" -   "", "" -   "", "" -   "", "" -   "", null, null, null, null, null, null, null, null, null]"
wr_masterfile_neraca_47,snapshot_istantoro_2022_mar_2026,MASTERFILE NERACA,47,"[""BIAYA YANG MASIH HARUS DIBAYAR"", "" 76,514,030 "", "" 77,182,059 "", "" 96,996,525 "", "" 77,507,769 "", "" 77,412,751 "", "" 79,373,354 "", "" 49,575,274 "", "" 49,985,804 "", "" 49,328,322 "", "" 45,971,052 "", "" 49,511,079 "", "" 44,392,111 "", "" 39,647,273 "", "" 41,200,125 "", "" 65,980,607 "", "" 60,300,423 "", "" 53,270,298 "", "" 58,312,431 "", "" 53,819,809 "", null, null, null, null, null, null, null, null, null]"
wr_masterfile_neraca_48,snapshot_istantoro_2022_mar_2026,MASTERFILE NERACA,48,"[""PINJAMAN MODAL KERJA"", "" -   "", "" -   "", "" -   "", "" -   "", "" -   "", "" -   "", "" -   "", "" 50,000,000 "", "" 104,500,000 "", "" 80,000,000 "", "" 54,000,000 "", "" 65,000,000 "", "" 171,356,365 "", "" 199,871,941 "", "" 85,000,000 "", "" -   "", "" -   "", "" 205,000,000 "", "" 240,000,000 "", null, null, null, null, null, null, null, null, null]"
wr_masterfile_neraca_49,snapshot_istantoro_2022_mar_2026,MASTERFILE NERACA,49,"[""PINJAMAN KE PEMEGANG SAHAM"", "" -   "", "" -   "", null, "" -   "", "" -   "", "" -   "", "" -   "", "" -   "", "" -   "", "" -   "", "" -   "", "" -   "", "" -   "", "" -   "", "" -   "", "" -   "", "" -   "", "" -   "", "" -   "", null, null, null, null, null, null, null, null, null]"
wr_masterfile_neraca_50,snapshot_istantoro_2022_mar_2026,MASTERFILE NERACA,50,"[""KEWAJIBAN LANCAR LAINNYA"", "" 74,449,826 "", "" 57,732,228 "", "" 2,084,337 "", "" 48,542,063 "", "" 48,639,148 "", "" 53,022,877 "", "" 19,239,407 "", "" 17,634,553 "", "" 23,222,554 "", "" 30,402,722 "", "" 33,778,293 "", "" 37,448,797 "", "" 39,660,063 "", "" 46,627,442 "", "" 52,822,794 "", "" 45,300,574 "", "" 49,566,258 "", "" 54,359,286 "", "" 18,546,907 "", null, null, null, null, null, null, null, null, null]"
wr_masterfile_neraca_51,snapshot_istantoro_2022_mar_2026,MASTERFILE NERACA,51,"[""TOTAL KEWAJIBAN LANCAR"", "" 178,186,742 "", "" 200,297,364 "", "" 199,453,003 "", "" 175,332,601 "", "" 136,039,165 "", "" 150,713,788 "", "" 139,866,736 "", "" 213,716,945 "", "" 182,634,796 "", "" 173,093,315 "", "" 146,309,207 "", "" 152,834,226 "", "" 271,746,704 "", "" 299,802,604 "", "" 217,672,301 "", "" 112,091,626 "", "" 126,902,724 "", "" 342,579,043 "", "" 346,603,273 "", null, null, null, null, null, null, null, null, null]"
wr_masterfile_neraca_52,snapshot_istantoro_2022_mar_2026,MASTERFILE NERACA,52,"[""TOTAL KEWAJIBAN TIDAK LANCAR"", null, "" -   "", null, null, null, null, null, null, null, null, null, null, null, null, null, null, null, null, null, null, null, null, null, null, null, null, null, null]"
wr_masterfile_neraca_53,snapshot_istantoro_2022_mar_2026,MASTERFILE NERACA,53,"[""KEWAJIBAN JANGKA PANJANG"", null, "" -   "", null, null, null, null, null, null, null, null, null, null, null, null, null, null, null, null, null, null, null, null, null, null, null, null, null, null]"
wr_masterfile_neraca_54,snapshot_istantoro_2022_mar_2026,MASTERFILE NERACA,54,"[""PINJAMAN KI DARI Klien"", "" -   "", "" -   "", "" -   "", "" -   "", "" -   "", "" -   "", "" -   "", "" -   "", "" -   "", "" -   "", "" -   "", "" -   "", "" -   "", "" -   "", "" -   "", "" -   "", "" -   "", "" -   "", "" -   "", null, null, null, null, null, null, null, null, null]"
wr_masterfile_neraca_55,snapshot_istantoro_2022_mar_2026,MASTERFILE NERACA,55,"[""KEWAJIBAN IMBALAN PASCA KERJA"", "" 128,671,704 "", "" 202,441,777 "", "" 202,909,961 "", "" 202,675,982 "", "" 201,907,780 "", "" 201,907,780 "", "" 202,660,432 "", "" 202,660,432 "", "" 202,660,432 "", "" 202,660,432 "", "" 195,799,476 "", "" 188,802,755 "", "" 182,671,704 "", "" 165,911,038 "", "" 138,768,327 "", "" 110,686,968 "", "" 93,765,425 "", "" 88,682,635 "", "" 81,938,290 "", null, null, null, null, null, null, null, null, null]"
wr_masterfile_neraca_56,snapshot_istantoro_2022_mar_2026,MASTERFILE NERACA,56,"[""TOTAL KEWAJIBAN JANGKA PANJANG"", "" 128,671,704 "", "" 202,441,777 "", "" 202,909,961 "", "" 202,675,982 "", "" 201,907,780 "", "" 201,907,780 "", "" 202,660,432 "", "" 202,660,432 "", "" 202,660,432 "", "" 202,660,432 "", "" 195,799,476 "", "" 188,802,755 "", "" 182,671,704 "", "" 165,911,038 "", "" 138,768,327 "", "" 110,686,968 "", "" 93,765,425 "", "" 88,682,635 "", "" 81,938,290 "", null, null, null, null, null, null, null, null, null]"
wr_masterfile_neraca_57,snapshot_istantoro_2022_mar_2026,MASTERFILE NERACA,57,"[""EKUITAS"", null, "" -   "", null, null, null, null, null, null, null, null, null, null, null, null, null, null, null, null, null, null, null, null, null, null, null, null, null, null]"
wr_masterfile_neraca_58,snapshot_istantoro_2022_mar_2026,MASTERFILE NERACA,58,"[""CADANGAN RISIKO UMUM"", "" 23,361,084 "", "" 29,128,930 "", "" 29,673,171 "", "" 29,214,177 "", "" 29,284,786 "", "" 29,284,786 "", "" 28,917,585 "", "" 28,615,685 "", "" 28,615,685 "", "" 28,610,685 "", "" 28,562,293 "", "" 28,155,113 "", "" 23,057,606 "", "" 22,758,006 "", "" 22,603,920 "", "" 22,547,520 "", "" 22,356,020 "", "" 22,353,620 "", "" 22,350,741 "", null, null, null, null, null, null, null, null, null]"
wr_masterfile_neraca_59,snapshot_istantoro_2022_mar_2026,MASTERFILE NERACA,59,"[""MODAL SAHAM"", "" 10,400,000 "", "" 10,400,000 "", "" 10,400,000 "", "" 10,400,000 "", "" 10,400,000 "", "" 10,400,000 "", "" 10,400,000 "", "" 10,400,000 "", "" 10,400,000 "", "" 10,400,000 "", "" 10,400,000 "", "" 10,400,000 "", "" 10,400,000 "", "" 10,400,000 "", "" 10,400,000 "", "" 10,400,000 "", "" 10,400,000 "", "" 10,400,000 "", "" 10,400,000 "", null, null, null, null, null, null, null, null, null]"
wr_masterfile_neraca_60,snapshot_istantoro_2022_mar_2026,MASTERFILE NERACA,60,"[""LABA DITAHAN"", "" 561,715,053 "", "" 421,779,976 "", "" 612,815,249 "", "" 470,669,870 "", "" 470,669,870 "", "" 470,669,870 "", "" 659,197,168 "", "" 498,948,965 "", "" 498,948,965 "", "" 498,948,965 "", "" 498,948,965 "", "" 498,948,965 "", "" 498,948,965 "", "" 498,948,965 "", "" 498,948,965 "", "" 498,948,965 "", "" 498,948,965 "", "" 498,948,965 "", "" 498,948,965 "", null, null, null, null, null, null, null, null, null]"
wr_masterfile_neraca_61,snapshot_istantoro_2022_mar_2026,MASTERFILE NERACA,61,"[""LABA SETELAH PAJAK"", "" -   "", "" -   "", "" -   "", "" -   "", "" -   "", "" -   "", "" -   "", "" -   "", "" -   "", "" -   "", "" -   "", "" -   "", "" -   "", "" -   "", "" -   "", "" -   "", "" -   "", "" -   "", "" -   "", null, null, null, null, null, null, null, null, null]"
wr_masterfile_neraca_62,snapshot_istantoro_2022_mar_2026,MASTERFILE NERACA,62,"[""TOTAL EKUITAS SBLM R/L BERJALAN"", "" 595,476,137 "", "" 461,308,906 "", "" 652,888,420 "", "" 510,284,047 "", "" 510,354,656 "", "" 510,354,656 "", "" 698,514,753 "", "" 537,964,650 "", "" 537,964,650 "", "" 537,959,650 "", "" 537,911,257 "", "" 537,504,078 "", "" 532,406,571 "", "" 532,106,971 "", "" 531,952,884 "", "" 531,896,484 "", "" 531,704,984 "", "" 531,702,584 "", "" 531,699,706 "", null, null, null, null, null, null, null, null, null]"
wr_masterfile_neraca_63,snapshot_istantoro_2022_mar_2026,MASTERFILE NERACA,63,"[""RUGI/LABA TAHUN LALU"", "" - "", "" 135,440,937 "", null, "" - "", "" 271,217,796 "", "" 271,217,796 "", "" - "", "" - "", "" - "", "" - "", "" - "", "" - "", "" - "", "" - "", "" - "", null, "" 230,237,100 "", "" 230,237,100 "", "" 230,237,100 "", null, null, null, null, null, null, null, null, null]"
wr_masterfile_neraca_64,snapshot_istantoro_2022_mar_2026,MASTERFILE NERACA,64,"[""BAGIAN LABA PERUSAHAAN ANAK"", "" 55,114,426 "", "" 12,157,329 "", "" 31,840,929 "", "" 51,262,859 "", "" 31,840,929 "", "" 31,840,929 "", "" 51,262,859 "", "" 51,262,859 "", "" 51,262,859 "", "" 51,262,859 "", "" 51,262,859 "", "" 51,262,859 "", "" 51,262,859 "", "" 51,262,859 "", "" 51,262,859 "", "" 51,262,859 "", "" 51,262,859 "", "" 51,262,859 "", "" 51,262,859 "", null, null, null, null, null, null, null, null, null]"
wr_masterfile_neraca_65,snapshot_istantoro_2022_mar_2026,MASTERFILE NERACA,65,"[""RUGI/LABA TAHUN BERJALAN"", "" 105,265,344 "", "" - "", "" - "", "" 188,527,297 "", "" 19,800,791 "", "" 38,362,166 "", "" 57,855,092 "", "" 70,000,100 "", "" 85,798,151 "", "" 101,713,232 "", "" 117,726,581 "", "" 136,788,763 "", "" 156,903,777 "", "" 177,742,231 "", "" 199,452,168 "", "" 230,237,100 "", "" 10,202,388 "", "" 28,554,429 "", "" 48,777,190 "", null, null, null, null, null, null, null, null, null]"
wr_masterfile_neraca_66,snapshot_istantoro_2022_mar_2026,MASTERFILE NERACA,66,"[""TOTAL PASIVA"", "" 1,062,714,353 "", "" 1,011,646,314 "", "" 1,087,092,314 "", "" 1,128,082,786 "", "" 1,171,161,117 "", "" 1,204,397,115 "", "" 1,150,159,871 "", "" 1,075,604,985 "", "" 1,060,320,887 "", "" 1,066,689,487 "", "" 1,049,009,380 "", "" 1,067,192,682 "", "" 1,194,991,615 "", "" 1,226,825,702 "", "" 1,139,108,539 "", "" 1,036,175,038 "", "" 1,044,075,480 "", "" 1,273,018,650 "", "" 1,290,518,418 "", null, null, null, null, null, null, null, null, null]"
wr_masterfile_coa_pl_1,snapshot_istantoro_2022_mar_2026,MASTERFILE COA PL,1,"[""ISTANTORO HUMAN SOLUTIONS"", null, null, null, null, null, null, null, null, null, null, null, null, null, null, null, null, null, null, null, null, null, null, null, null, null, null, null, null, null, null, null, null]"
wr_masterfile_coa_pl_2,snapshot_istantoro_2022_mar_2026,MASTERFILE COA PL,2,"[""REKAPAN DETAIL LABA RUGI 2022-SEPT 2025"", null, null, null, null, null, null, null, null, null, null, null, null, null, null, null, null, null, null, null, null, null, null, null, null, null, null, null, null, null, null, null, null]"
wr_masterfile_coa_pl_4,snapshot_istantoro_2022_mar_2026,MASTERFILE COA PL,4,"[""COA"", ""AKUN"", ""KOMPONEN"", ""2022"", ""2023"", ""2024"", ""Jan-25"", ""Feb-25"", ""Mar-25"", ""Apr-25"", ""May-25"", ""Jun-25"", ""Jul-25"", ""Aug-25"", ""Sep-25"", ""Oct-25"", ""Nov-25"", ""Dec-25"", ""2025"", ""Jan-26"", ""Feb-26"", ""Mar-26"", ""Apr-26"", ""May-26"", ""Jun-26"", ""Jul-26"", ""Agt 26"", ""Sep-26"", ""Oct-26"", ""Nov-26"", ""Des 26"", ""2026"", null]"
wr_masterfile_coa_pl_5,snapshot_istantoro_2022_mar_2026,MASTERFILE COA PL,5,"[null, ""PENDAPATAN MAN POWER OUTSOURCING"", null, "" -   "", "" -   "", "" -   "", null, null, null, null, null, null, null, null, null, null, null, null, "" -   "", null, null, null, null, null, null, null, null, null, null, null, null, "" -   "", null]"
wr_masterfile_coa_pl_6,snapshot_istantoro_2022_mar_2026,MASTERFILE COA PL,6,"[""411000"", ""PENDAPATAN UPAH GAJI"", ""Upah, Gaji & Tunjangan"", "" 1,085,006,361,851 "", "" 1,035,606,435,806.84 "", "" 1,293,796,946,726.80 "", "" 113,336,942,156 "", "" 117,950,133,742 "", "" 117,484,076,407 "", "" 101,136,872,567 "", "" 102,707,486,296 "", "" 101,016,281,410 "", "" 103,634,945,911 "", "" 105,755,119,965 "", "" 106,107,476,607 "", "" 114,027,971,281 "", "" 100,135,334,945 "", "" 124,086,804,912 "", "" 1,307,379,446,197.81 "", "" 108,543,881,888 "", "" 112,267,648,986 "", "" 106,186,354,389 "", null, null, null, null, null, null, null, null, null, "" 326,997,885,263 "", null]"
wr_masterfile_coa_pl_7,snapshot_istantoro_2022_mar_2026,MASTERFILE COA PL,7,"[""411100"", ""PENDAPATAN TUNJ UANG MAKAN"", ""Upah, Gaji & Tunjangan"", "" 11,185,170,357 "", "" 13,452,018,158.03 "", "" 15,925,879,562.10 "", "" 1,495,433,632 "", "" 1,257,350,828 "", "" 1,632,795,237 "", "" 1,156,561,017 "", "" 1,100,807,055 "", "" 1,263,797,126 "", "" 1,076,876,408 "", "" 1,179,088,298 "", "" 1,215,161,646 "", "" 1,378,761,800 "", "" 1,249,157,130 "", "" 1,163,903,503 "", "" 15,169,693,678.86 "", "" 1,245,968,516 "", "" 1,198,414,089 "", "" 1,092,366,348 "", null, null, null, null, null, null, null, null, null, "" 3,536,748,953 "", null]"
wr_masterfile_coa_pl_8,snapshot_istantoro_2022_mar_2026,MASTERFILE COA PL,8,"[""411200"", ""PENDAPATAN INSENTIVE"", ""Insentif & Bonus"", "" 10,136,980,420 "", "" 11,863,450,749.45 "", "" 14,736,514,915.25 "", "" 999,714,174 "", "" 856,029,472 "", "" 3,734,213,727 "", "" 815,606,151 "", "" 828,057,638 "", "" 1,089,634,596 "", "" 680,660,304 "", "" 848,748,191 "", "" 749,474,799 "", "" 881,624,769 "", "" 717,532,484 "", "" 762,292,848 "", "" 12,963,589,151.98 "", "" 881,101,717 "", "" 801,828,943 "", "" 828,336,649 "", null, null, null, null, null, null, null, null, null, "" 2,511,267,309 "", null]"
wr_masterfile_coa_pl_9,snapshot_istantoro_2022_mar_2026,MASTERFILE COA PL,9,"[""411300"", ""PENDAPATAN TUNJ JABATAN"", ""Upah, Gaji & Tunjangan"", "" 6,774,966,969 "", "" 5,443,957,460.66 "", "" 7,407,952,206.71 "", "" 733,771,724 "", "" 784,817,188 "", "" 758,470,407 "", "" 715,222,596 "", "" 645,394,113 "", "" 324,353,800 "", "" 952,815,885 "", "" 692,916,944 "", "" 845,750,480 "", "" 904,829,090 "", "" 815,838,151 "", "" 786,020,296 "", "" 8,960,200,675.02 "", "" 856,987,734 "", "" 985,068,361 "", "" 837,924,779 "", null, null, null, null, null, null, null, null, null, "" 2,679,980,875 "", null]"
wr_masterfile_coa_pl_10,snapshot_istantoro_2022_mar_2026,MASTERFILE COA PL,10,"[""411310"", ""PENDAPATAN TUNJ KOORDINATOR"", ""Upah, Gaji & Tunjangan"", "" 691,683,768 "", "" 400,538,294.44 "", "" 278,186,533.70 "", "" 31,056,809 "", "" 25,026,220 "", "" 26,228,740 "", "" 26,053,740 "", "" 50,453,740 "", "" 25,628,740 "", "" 25,778,740 "", "" 25,628,740 "", "" 25,471,228 "", "" 24,771,228 "", "" 20,596,228 "", "" 23,796,228 "", "" 330,490,381.00 "", "" 23,763,716 "", "" 26,962,064 "", "" 28,304,296 "", null, null, null, null, null, null, null, null, null, "" 79,030,076 "", null]"
wr_masterfile_coa_pl_11,snapshot_istantoro_2022_mar_2026,MASTERFILE COA PL,11,"[""411320"", ""PENDAPATAN TUNJ DANRU"", ""Upah, Gaji & Tunjangan"", "" 200,000 "", "" 550,000.00 "", "" 1,950,000.00 "", "" 450,000 "", "" 150,000 "", "" 525,000 "", "" 150,000 "", "" 400,000 "", "" -   "", "" -   "", "" -   "", "" -   "", "" - "", "" - "", "" - "", "" 1,675,000.00 "", "" -   "", "" -   "", "" -   "", null, null, null, null, null, null, null, null, null, "" -   "", null]"
wr_masterfile_coa_pl_12,snapshot_istantoro_2022_mar_2026,MASTERFILE COA PL,12,"[""411330"", ""PENDAPATAN TUNJ KINERJA"", ""Upah, Gaji & Tunjangan"", "" 5,873,221,129 "", "" 111,750,944.97 "", "" 236,773,795.00 "", "" 6,317,000 "", "" 5,705,000 "", "" 5,411,500 "", "" 5,373,556 "", "" 7,171,362 "", "" 17,754,450 "", "" 17,593,131 "", "" 15,799,730 "", "" 15,793,817 "", "" 22,797,115 "", "" 15,502,218 "", "" 15,307,289 "", "" 150,526,168.00 "", "" 37,556,660 "", "" 40,523,906 "", "" 85,937,485 "", null, null, null, null, null, null, null, null, null, "" 164,018,051 "", null]"
wr_masterfile_coa_pl_13,snapshot_istantoro_2022_mar_2026,MASTERFILE COA PL,13,"[""411340"", ""PENDAPATAN BONUS"", ""Insentif & Bonus"", "" 7,284,104,231 "", "" 87,342,217,911.43 "", "" 94,472,071,684.64 "", "" -   "", "" -   "", "" 82,615,294,077 "", "" 4,182,491,923 "", "" 219,109,549 "", "" 752,033,461 "", "" 174,189,429 "", "" 97,529,167 "", "" 34,831,454 "", "" 33,028,000 "", "" 44,605,200,412 "", "" 580,662,905 "", "" 133,294,370,377.86 "", "" 127,156,746 "", "" 216,626,460 "", "" 1,593,160,397 "", null, null, null, null, null, null, null, null, null, "" 1,936,943,603 "", null]"
wr_masterfile_coa_pl_14,snapshot_istantoro_2022_mar_2026,MASTERFILE COA PL,14,"[""411400"", ""PENDAPATAN SERAGAM CAPTIVE"", ""Seragam & Reliver"", "" 24,144,408,333 "", "" 35,335,422,149.00 "", "" 28,520,735,838.00 "", "" 2,375,344,730 "", "" 2,399,355,636 "", "" 2,363,812,828 "", "" 2,414,278,092 "", "" 2,391,586,396 "", "" 2,386,188,852 "", "" 2,413,634,846 "", "" 2,423,380,694 "", "" 2,420,879,466 "", "" 2,422,261,776 "", "" 2,422,290,080 "", "" 2,426,726,542 "", "" 28,859,739,938.00 "", "" 2,425,051,454 "", "" 2,450,581,776 "", "" 2,465,301,776 "", null, null, null, null, null, null, null, null, null, "" 7,340,935,006 "", null]"
wr_masterfile_coa_pl_15,snapshot_istantoro_2022_mar_2026,MASTERFILE COA PL,15,"[""411500"", ""PENDAPATAN PENDIDIKAN & PELATIHAN"", ""Rekrutmen, Pendidikan, Pembinaan & Hubungan"", "" 100,921,796 "", "" 136,477,040.67 "", "" 322,252,239.66 "", "" 15,612,960 "", "" 16,372,960 "", "" 2,323,333 "", "" 2,533,333 "", "" 1,773,333 "", "" 1,595,333 "", "" 1,210,000 "", "" 14,253,333 "", "" 2,123,333 "", "" 1,463,333 "", "" 1,823,333 "", "" 2,063,333 "", "" 63,147,917.00 "", "" 2,181,667 "", ""-6,324,833 "", ""-46,533,333 "", null, null, null, null, null, null, null, null, null, ""-50,676,499 "", null]"
wr_masterfile_coa_pl_16,snapshot_istantoro_2022_mar_2026,MASTERFILE COA PL,16,"[""411600"", ""PENDAPATAN TUNJ KERAWANAN"", ""Upah, Gaji & Tunjangan"", "" 341,915,089 "", "" 362,011,608.88 "", "" 307,203,942.87 "", "" 22,912,500 "", "" 22,597,500 "", "" 22,432,500 "", "" 22,514,875 "", "" 22,663,427 "", "" 22,443,750 "", "" 22,473,750 "", "" 22,901,250 "", "" 23,206,250 "", "" 23,712,218 "", "" 24,262,500 "", "" 24,487,500 "", "" 276,608,020.16 "", "" 8,073,750 "", "" 7,916,250 "", "" 7,758,750 "", null, null, null, null, null, null, null, null, null, "" 23,748,750 "", null]"
wr_masterfile_coa_pl_17,snapshot_istantoro_2022_mar_2026,MASTERFILE COA PL,17,"[""411700"", ""PENDAPATAN TUNJ PREMIUM"", ""Upah, Gaji & Tunjangan"", "" 500,904,617,682 "", "" 502,544,323,484.04 "", "" 498,080,397,420.70 "", "" 41,667,762,923 "", "" 42,122,049,343 "", "" 41,353,170,906 "", "" 42,036,672,718 "", "" 41,585,947,866 "", "" 41,748,975,420 "", "" 42,197,721,018 "", "" 42,277,614,758 "", "" 42,587,728,808 "", "" 42,602,526,913 "", "" 42,518,139,146 "", "" 44,535,415,906 "", "" 507,233,725,726.24 "", "" 45,026,693,688 "", "" 45,736,805,954 "", "" 46,131,241,952 "", null, null, null, null, null, null, null, null, null, "" 136,894,741,594 "", null]"
wr_masterfile_coa_pl_18,snapshot_istantoro_2022_mar_2026,MASTERFILE COA PL,18,"[""411701"", ""PENDAPATAN TUNJ PULSA"", ""Upah, Gaji & Tunjangan"", "" 31,294,000 "", "" 48,479,347.83 "", "" 35,986,427.00 "", "" 5,266,000 "", "" 5,450,000 "", "" 12,930,286 "", "" 1,866,000 "", "" 6,200,000 "", "" 6,254,545 "", "" -   "", "" -   "", "" -   "", "" - "", "" - "", "" 4,831,250 "", "" 42,798,081.00 "", "" 900,000 "", "" -   "", "" 800,000 "", null, null, null, null, null, null, null, null, null, "" 1,700,000 "", null]"
wr_masterfile_coa_pl_19,snapshot_istantoro_2022_mar_2026,MASTERFILE COA PL,19,"[""411800"", ""PENDAPATAN TUNJ TELLER"", ""Upah, Gaji & Tunjangan"", "" -   "", "" 2,155,000.02 "", "" -   "", "" -   "", "" -   "", "" -   "", "" -   "", "" -   "", "" -   "", "" -   "", "" -   "", "" 17,943,589,933 "", "" - "", "" - "", "" - "", "" 17,943,589,933.00 "", "" -   "", "" -   "", "" -   "", null, null, null, null, null, null, null, null, null, "" -   "", null]"
wr_masterfile_coa_pl_20,snapshot_istantoro_2022_mar_2026,MASTERFILE COA PL,20,"[""411900"", ""PENDAPATAN UANG LEMBUR"", ""Upah, Gaji & Tunjangan"", "" 581,911,783,827 "", "" 505,606,015,483.91 "", "" 543,126,222,483.94 "", "" 46,795,930,350 "", "" 52,271,207,052 "", "" 34,774,163,532 "", "" 45,197,938,494 "", "" 50,775,559,156 "", "" 56,224,292,533 "", "" 44,566,888,786 "", "" 36,411,355,301 "", "" 43,618,268,347 "", "" 37,108,473,499 "", "" 36,153,189,909 "", "" 37,370,043,541 "", "" 521,267,310,499.39 "", "" 44,219,068,971 "", "" 45,644,883,213 "", "" 40,702,009,000 "", null, null, null, null, null, null, null, null, null, "" 130,565,961,183 "", null]"
wr_masterfile_coa_pl_21,snapshot_istantoro_2022_mar_2026,MASTERFILE COA PL,21,"[""411910"", ""PENDAPATAN TUNJ MAKAN LEMBUR"", ""Upah, Gaji & Tunjangan"", "" 4,346,494,629 "", "" 206,636,381.00 "", "" 286,577,977.10 "", "" 52,275,127 "", "" 29,932,748 "", "" 11,849,712 "", "" 19,653,569 "", "" 18,831,767 "", "" 24,918,500 "", "" 2,606,000 "", "" 33,883,000 "", "" 12,254,000 "", "" 54,909,000 "", "" 91,042,000 "", "" (41,872,000)"", "" 310,283,423.24 "", "" 12,265,000 "", "" 9,749,000 "", "" 30,946,500 "", null, null, null, null, null, null, null, null, null, "" 52,960,500 "", null]"
wr_masterfile_coa_pl_22,snapshot_istantoro_2022_mar_2026,MASTERFILE COA PL,22,"[""411920"", ""PENDAPATAN TUNJ TRANSPORT LEMBUR"", ""Upah, Gaji & Tunjangan"", "" 95,805,508 "", "" 57,155,089.00 "", "" 23,293,745.00 "", "" 9,970,000 "", "" 562,244 "", "" 250,472 "", "" 585,306 "", "" 672,377 "", "" 248,753 "", "" 614,922 "", "" 272,393 "", "" 183,886 "", "" 342,071 "", "" 2,444,553 "", "" 21,007,543 "", "" 37,154,520.00 "", "" 6,000,000 "", "" 9,236,828 "", "" 9,027,947 "", null, null, null, null, null, null, null, null, null, "" 24,264,775 "", null]"
wr_masterfile_coa_pl_23,snapshot_istantoro_2022_mar_2026,MASTERFILE COA PL,23,"[""411930"", ""PENDAPATAN TUNJ SHIFTING"", ""Upah, Gaji & Tunjangan"", "" 10,144,474,053 "", "" 13,194,092,367.33 "", "" 17,475,458,298.70 "", "" 1,538,626,415 "", "" 1,571,205,275 "", "" 1,491,646,280 "", "" 1,510,793,369 "", "" 1,642,771,035 "", "" 1,403,197,011 "", "" 1,398,810,081 "", "" 1,296,611,780 "", "" 1,324,747,873 "", "" 1,250,473,889 "", "" 1,292,410,382 "", "" 1,415,824,191 "", "" 17,137,117,580.90 "", "" 1,787,898,940 "", "" 1,886,953,132 "", "" 1,853,312,377 "", null, null, null, null, null, null, null, null, null, "" 5,528,164,449 "", null]"
wr_masterfile_coa_pl_24,snapshot_istantoro_2022_mar_2026,MASTERFILE COA PL,24,"[""412000"", ""PENDAPATAN TUNJ KESEHATAN (ASKES) NON BPJS"", ""Upah, Gaji & Tunjangan"", "" 274,447,643 "", "" 29,253,868.22 "", "" 356,374,693.92 "", "" 29,099,792 "", "" 29,763,855 "", "" 30,199,053 "", "" 30,240,720 "", "" -   "", "" -   "", "" -   "", "" -   "", "" -   "", "" - "", "" - "", "" - "", "" 119,303,420.39 "", "" -   "", "" 36,441,833 "", "" 35,871,417 "", null, null, null, null, null, null, null, null, null, "" 72,313,250 "", null]"
wr_masterfile_coa_pl_25,snapshot_istantoro_2022_mar_2026,MASTERFILE COA PL,25,"[""412100"", ""PENDAPATAN TUNJ TRANSPORT"", ""Upah, Gaji & Tunjangan"", "" 13,821,310,004 "", "" 35,423,708,405.89 "", "" 47,231,522,324.40 "", "" 3,904,535,461 "", "" 3,596,670,459 "", "" 3,437,790,081 "", "" 3,477,095,542 "", "" 3,544,679,619 "", "" 3,513,773,124 "", "" 3,562,020,985 "", "" 3,718,402,569 "", "" 3,451,755,184 "", "" 3,437,227,221 "", "" 3,788,573,589 "", "" 3,996,063,107 "", "" 43,428,586,941.22 "", "" 3,950,837,944 "", "" 4,149,450,196 "", "" 4,217,041,894 "", null, null, null, null, null, null, null, null, null, "" 12,317,330,033 "", null]"
wr_masterfile_coa_pl_26,snapshot_istantoro_2022_mar_2026,MASTERFILE COA PL,26,"[""412200"", ""PENDAPATAN TUNJ AIR TAWAR"", ""Upah, Gaji & Tunjangan"", "" 4,809,077,146 "", "" 4,882,559,061.90 "", "" 4,982,523,486.88 "", "" 405,620,696 "", "" 375,486,376 "", "" 402,546,876 "", "" 393,644,786 "", "" 396,975,765 "", "" 391,476,263 "", "" 396,460,752 "", "" 397,203,561 "", "" 393,335,959 "", "" 398,676,159 "", "" 404,611,790 "", "" 415,182,840 "", "" 4,771,221,821.28 "", "" 415,002,037 "", "" 396,789,550 "", "" 425,059,900 "", null, null, null, null, null, null, null, null, null, "" 1,236,851,487 "", null]"
wr_masterfile_coa_pl_27,snapshot_istantoro_2022_mar_2026,MASTERFILE COA PL,27,"[""412300"", ""PENDAPATAN TUNJ CUTI"", ""Upah, Gaji & Tunjangan"", "" 37,877,314,502 "", "" 32,582,674,256.53 "", "" 32,084,170,390.80 "", "" 2,501,406,266 "", "" 2,304,179,125 "", "" 2,351,758,150 "", "" 4,336,823,084 "", "" 2,605,131,866 "", "" 2,991,763,323 "", "" 2,403,346,091 "", "" 2,248,243,231 "", "" 2,301,592,432 "", "" 2,306,521,522 "", "" 2,917,935,401 "", "" 2,936,052,863 "", "" 32,204,753,353.91 "", "" 4,397,835,000 "", "" 2,378,643,973 "", "" 2,392,543,465 "", null, null, null, null, null, null, null, null, null, "" 9,169,022,438 "", null]"
wr_masterfile_coa_pl_28,snapshot_istantoro_2022_mar_2026,MASTERFILE COA PL,28,"[""412400"", ""PENDAPATAN TUNJ BPJS KETENAGAKERJAAN"", ""Upah, Gaji & Tunjangan"", "" 111,079,225,385 "", "" 112,639,935,315.43 "", "" 127,465,207,154.60 "", "" 10,914,103,050 "", "" 11,221,872,801 "", "" 11,012,701,237 "", "" 10,089,223,580 "", "" 10,214,887,678 "", "" 10,046,899,651 "", "" 10,257,985,364 "", "" 10,397,300,471 "", "" 10,600,191,177 "", "" 11,163,954,632 "", "" 10,511,037,468 "", "" 13,061,069,887 "", "" 129,491,226,994.32 "", "" 11,533,313,347 "", "" 11,799,005,165 "", "" 11,533,192,684 "", null, null, null, null, null, null, null, null, null, "" 34,865,511,196 "", null]"
wr_masterfile_coa_pl_29,snapshot_istantoro_2022_mar_2026,MASTERFILE COA PL,29,"[""412500"", ""PENDAPATAN TUNJ PAJAK PPH 21"", ""Upah, Gaji & Tunjangan"", "" 1,204,417,246 "", "" 1,632,555,193.90 "", "" 1,378,180,911.56 "", "" 124,289,861 "", "" 114,360,927 "", "" 320,597,579 "", "" 230,864,648 "", "" 105,890,258 "", "" 90,591,272 "", "" 91,619,719 "", "" 120,894,624 "", "" 169,789,421 "", "" 176,914,198 "", "" 699,233,285 "", "" 259,178,362 "", "" 2,504,224,153.76 "", "" 277,993,061 "", "" 419,360,225 "", "" 1,233,587,769 "", null, null, null, null, null, null, null, null, null, "" 1,930,941,055 "", null]"
wr_masterfile_coa_pl_30,snapshot_istantoro_2022_mar_2026,MASTERFILE COA PL,30,"[""412600"", ""PENDAPATAN TUNJ PERJALANAN"", ""Upah, Gaji & Tunjangan"", "" 475,790,479 "", "" 857,388,338.66 "", "" 2,739,353,009.68 "", "" 199,902,567 "", "" 63,036,002 "", "" 31,502,877 "", "" 20,947,392 "", "" 60,878,000 "", "" 57,341,359 "", "" 74,738,302 "", "" 97,971,981 "", "" 110,555,592 "", "" 110,964,642 "", "" 105,423,028 "", "" 89,468,193 "", "" 1,022,729,935.00 "", "" 66,935,880 "", "" 107,027,736 "", "" 82,028,360 "", null, null, null, null, null, null, null, null, null, "" 255,991,976 "", null]"
wr_masterfile_coa_pl_31,snapshot_istantoro_2022_mar_2026,MASTERFILE COA PL,31,"[""412700"", ""PENDAPATAN TUNJ PESANGON/DPLK/UANG PISAH/KOMPENSASI"", ""Pesangon, DPLK, Kompensasi"", "" 1,887,930,201 "", "" -   "", "" -   "", "" -   "", "" -   "", "" -   "", "" -   "", "" -   "", "" -   "", "" -   "", "" -   "", "" -   "", "" - "", "" - "", "" - "", "" -   "", "" -   "", "" -   "", "" -   "", null, null, null, null, null, null, null, null, null, "" -   "", null]"
wr_masterfile_coa_pl_32,snapshot_istantoro_2022_mar_2026,MASTERFILE COA PL,32,"[""412701"", ""PENDAPATAN DPLK (TAD)"", ""Pesangon, DPLK, Kompensasi"", "" 907,039,525 "", "" 2,401,365,178.18 "", "" 4,419,069,450.00 "", "" 395,633,586 "", "" 271,034,636 "", "" 276,480,938 "", "" 276,177,245 "", "" 288,062,695 "", "" 287,462,076 "", "" 291,254,561 "", "" 291,190,748 "", "" 293,282,407 "", "" 312,326,283 "", "" 305,358,457 "", "" 307,525,149 "", "" 3,595,788,781.88 "", "" 302,203,037 "", "" 317,282,051 "", "" 317,894,948 "", null, null, null, null, null, null, null, null, null, "" 937,380,036 "", null]"
wr_masterfile_coa_pl_33,snapshot_istantoro_2022_mar_2026,MASTERFILE COA PL,33,"[""412702"", ""PENDAPATAN TUNJANGAN PESANGON/UANG PISAH/KOMPENSASI (TAD)"", ""Pesangon, DPLK, Kompensasi"", "" 124,954,445,178 "", "" 117,966,689,063.08 "", "" 127,114,402,469.64 "", "" 19,606,879,031 "", "" 10,188,518,098 "", "" 10,484,798,915 "", "" 9,272,878,130 "", "" 8,527,025,222 "", "" 11,555,168,919 "", "" 8,577,278,450 "", "" 8,591,130,902 "", "" 9,795,220,133 "", "" 9,666,432,630 "", "" 10,886,981,214 "", "" 18,395,735,597 "", "" 135,548,047,241.57 "", "" 16,730,639,264 "", "" 15,420,473,242 "", "" 10,582,480,291 "", null, null, null, null, null, null, null, null, null, "" 42,733,592,797 "", null]"
wr_masterfile_coa_pl_34,snapshot_istantoro_2022_mar_2026,MASTERFILE COA PL,34,"[""412800"", ""PENDAPATAN TUNJ HARI KEAGAMAAN"", ""THR & Hari Keagamaan"", "" 143,653,881,818 "", "" 154,140,679,136.12 "", "" 160,638,840,082.82 "", "" 3,573,235,887 "", "" 3,989,601,732 "", "" 119,455,643,816 "", "" 3,635,592,877 "", "" 3,411,038,848 "", "" 2,931,555,689 "", "" 2,889,573,279 "", "" 3,093,392,109 "", "" 2,907,292,072 "", "" 3,378,233,903 "", "" 2,408,314,107 "", "" 11,342,772,413 "", "" 163,016,246,731.30 "", "" 3,244,746,109 "", "" 3,509,673,867 "", "" 126,898,967,712 "", null, null, null, null, null, null, null, null, null, "" 133,653,387,688 "", null]"
wr_masterfile_coa_pl_35,snapshot_istantoro_2022_mar_2026,MASTERFILE COA PL,35,"[""412900"", ""PENDAPATAN PENGGANTI SEMENTARA"", ""Pengganti Sementara"", "" 260,081,407,259 "", "" 260,946,365,444.44 "", "" 284,591,103,692.56 "", "" 23,842,170,152 "", "" 23,340,394,438 "", "" 20,546,168,134 "", "" 23,049,025,039 "", "" 23,568,915,676 "", "" 26,451,140,961 "", "" 27,360,971,014 "", "" 25,158,197,778 "", "" 26,916,738,566 "", "" 24,509,724,915 "", "" 24,718,802,893 "", "" 26,547,066,274 "", "" 296,009,315,839.42 "", "" 23,889,037,477 "", "" 26,074,713,719 "", "" 22,678,490,254 "", null, null, null, null, null, null, null, null, null, "" 72,642,241,450 "", null]"
wr_masterfile_coa_pl_36,snapshot_istantoro_2022_mar_2026,MASTERFILE COA PL,36,"[""412950"", ""PENDAPATAN UPAH HARIAN PRA"", ""Upah, Gaji & Tunjangan"", "" -   "", "" -   "", "" -   "", "" -   "", "" -   "", "" -   "", "" -   "", "" -   "", "" -   "", "" -   "", "" -   "", "" -   "", "" - "", "" - "", "" - "", "" -   "", "" -   "", "" -   "", "" -   "", null, null, null, null, null, null, null, null, null, "" -   "", null]"
wr_masterfile_coa_pl_37,snapshot_istantoro_2022_mar_2026,MASTERFILE COA PL,37,"[""413000"", ""PENDAPATAN SERAGAM NON CAPTIVE"", ""Seragam & Reliver"", "" 11,966,961,694 "", "" 12,548,934,189.09 "", "" 23,822,815,130.96 "", "" 1,295,026,387 "", "" 1,460,452,781 "", "" 1,558,737,120 "", "" 1,228,207,898 "", "" 1,691,854,014 "", "" 1,322,391,312 "", "" 1,367,410,182 "", "" 1,263,031,871 "", "" 1,369,330,253 "", "" 1,507,762,653 "", "" 1,127,503,242 "", "" 1,965,282,558 "", "" 17,156,990,270.22 "", "" 1,165,914,212 "", "" 1,212,471,856 "", "" 1,305,577,264 "", null, null, null, null, null, null, null, null, null, "" 3,683,963,332 "", null]"
wr_masterfile_coa_pl_38,snapshot_istantoro_2022_mar_2026,MASTERFILE COA PL,38,"[""413001"", ""PENDAPATAN WLF (SERAGAM, RELIVER)"", ""Seragam & Reliver"", "" 3,608,688,607 "", "" 5,737,750.00 "", "" -   "", "" -   "", "" -   "", "" -   "", "" -   "", "" -   "", "" -   "", "" -   "", "" -   "", "" -   "", "" - "", "" - "", "" - "", "" -   "", "" -   "", "" -   "", "" -   "", null, null, null, null, null, null, null, null, null, "" -   "", null]"
wr_masterfile_coa_pl_39,snapshot_istantoro_2022_mar_2026,MASTERFILE COA PL,39,"[""413100"", ""PENDAPATAN TUNJ TETAP"", ""Upah, Gaji & Tunjangan"", "" 268,953,456,966 "", "" 291,371,143,515.40 "", "" 326,609,547,970.86 "", "" 26,272,940,390 "", "" 26,455,922,139 "", "" 26,162,475,051 "", "" 25,867,362,537 "", "" 25,659,486,637 "", "" 25,576,343,787 "", "" 25,980,833,072 "", "" 26,044,200,032 "", "" 28,970,954,678 "", "" 29,369,379,133 "", "" 30,405,951,325 "", "" 31,663,243,221 "", "" 328,429,092,001.28 "", "" 31,985,251,508 "", "" 32,292,073,724 "", "" 32,708,173,536 "", null, null, null, null, null, null, null, null, null, "" 96,985,498,769 "", null]"
wr_masterfile_coa_pl_40,snapshot_istantoro_2022_mar_2026,MASTERFILE COA PL,40,"[""413200"", ""PENDAPATAN TUNJ TIDAK TETAP"", ""Upah, Gaji & Tunjangan"", ""-549,712,028 "", ""-180,175,045.76 "", ""-211,031,856.44 "", ""-12,442,533 "", ""-10,734,220 "", ""-2,528,611 "", ""-7,517,928 "", "" 11,197,899 "", ""-4,381,782 "", ""-15,570,270 "", ""-23,048,968 "", ""-23,645,766 "", "" (27,687,197)"", "" (43,446,099)"", "" (25,453,572)"", ""-185,259,046.56 "", ""-25,458,924 "", ""-5,887,780 "", ""-16,010,502 "", null, null, null, null, null, null, null, null, null, ""-47,357,206 "", null]"
wr_masterfile_coa_pl_41,snapshot_istantoro_2022_mar_2026,MASTERFILE COA PL,41,"[""413300"", ""PENDAPATAN TUNJ PEMELIHARAAN KESEHATAN KERJA (JPK)"", ""Upah, Gaji & Tunjangan"", "" 3,812,354 "", "" 1,000,000.00 "", "" -   "", "" -   "", "" -   "", "" -   "", "" -   "", "" -   "", "" -   "", "" -   "", "" -   "", "" -   "", "" - "", "" - "", "" - "", "" -   "", "" -   "", "" -   "", "" -   "", null, null, null, null, null, null, null, null, null, "" -   "", null]"
wr_masterfile_coa_pl_42,snapshot_istantoro_2022_mar_2026,MASTERFILE COA PL,42,"[""413350"", ""PENDAPATAN TUNJ RAWAT JALAN"", ""Upah, Gaji & Tunjangan"", "" -   "", "" -   "", "" -   "", "" -   "", "" -   "", "" -   "", "" -   "", "" -   "", "" -   "", "" -   "", "" -   "", "" -   "", "" - "", "" - "", "" - "", "" -   "", "" -   "", "" -   "", "" -   "", null, null, null, null, null, null, null, null, null, "" -   "", null]"
wr_masterfile_coa_pl_43,snapshot_istantoro_2022_mar_2026,MASTERFILE COA PL,43,"[""413400"", ""PENDAPATAN TUNJANGAN PENGGANTI SHIFT"", ""Upah, Gaji & Tunjangan"", "" 11,683,456 "", "" 31,059,696.00 "", "" -   "", "" -   "", "" -   "", "" -   "", "" -   "", "" -   "", "" -   "", "" -   "", "" -   "", "" -   "", "" - "", "" - "", "" - "", "" -   "", "" -   "", "" -   "", "" -   "", null, null, null, null, null, null, null, null, null, "" -   "", null]"
wr_masterfile_coa_pl_44,snapshot_istantoro_2022_mar_2026,MASTERFILE COA PL,44,"[""413500"", ""PENDAPATAN RECRUITMENT"", ""Rekrutmen, Pendidikan, Pembinaan & Hubungan"", "" 75,000 "", "" 1,081,331.00 "", "" 140,750,000.00 "", "" -   "", "" -   "", "" -   "", "" -   "", "" -   "", "" -   "", "" 58,088,000 "", "" -   "", "" -   "", "" - "", "" - "", "" 5,900,000 "", "" 63,988,000.00 "", "" 250,000 "", "" 23,925,024 "", "" 3,600,000 "", null, null, null, null, null, null, null, null, null, "" 27,775,024 "", null]"
wr_masterfile_coa_pl_45,snapshot_istantoro_2022_mar_2026,MASTERFILE COA PL,45,"[""413601"", ""PENDAPATAN PEMBINAAN OUTSOURCING"", ""Rekrutmen, Pendidikan, Pembinaan & Hubungan"", "" -   "", "" 176,100,112.00 "", "" 115,971,000.00 "", "" 500,000 "", "" 500,000 "", ""-4,300,000 "", "" 450,000 "", "" 4,028,000 "", "" 500,000 "", "" 18,700,000 "", "" 500,000 "", "" 20,810,000 "", "" (1,600,000)"", "" 500,000 "", "" 2,720,000 "", "" 43,308,000.00 "", "" 1,580,000 "", "" 2,700,000 "", "" 1,610,000 "", null, null, null, null, null, null, null, null, null, "" 5,890,000 "", null]"
wr_masterfile_coa_pl_46,snapshot_istantoro_2022_mar_2026,MASTERFILE COA PL,46,"[""414600"", ""PENDAPATAN BIAYA TENDER"", ""Tender, Koreksi & Lainnya"", "" -   "", "" -   "", "" -   "", "" -   "", "" -   "", "" -   "", "" -   "", "" -   "", "" -   "", "" -   "", "" -   "", "" -   "", "" - "", "" - "", "" - "", "" -   "", "" -   "", "" -   "", "" -   "", null, null, null, null, null, null, null, null, null, "" -   "", null]"
wr_masterfile_coa_pl_47,snapshot_istantoro_2022_mar_2026,MASTERFILE COA PL,47,"[""415000"", ""PENDAPATAN MANAGEMEN FEE CAPTIVE"", ""Management Fee"", "" 191,673,457,498 "", "" 197,437,869,524.80 "", "" 207,088,041,257.71 "", "" 12,843,786,391 "", "" 13,205,941,523 "", "" 13,737,849,014 "", "" 12,811,690,870 "", "" 13,069,564,071 "", "" 13,628,439,458 "", "" 12,896,220,048 "", "" 12,353,894,128 "", "" 14,537,829,404 "", "" 12,608,027,815 "", "" 13,367,175,313 "", "" 13,734,396,811 "", "" 158,794,814,847.33 "", "" 13,811,051,813 "", "" 14,104,375,409 "", "" 15,037,654,265 "", null, null, null, null, null, null, null, null, null, "" 42,953,081,487 "", "" 57,270,775,316 ""]"
wr_masterfile_coa_pl_48,snapshot_istantoro_2022_mar_2026,MASTERFILE COA PL,48,"[""415001"", ""PENDAPATAN MANAGEMEN FEE NON CAPTIVE"", ""Management Fee"", "" 79,509,447,265 "", "" 80,451,696,557.03 "", "" 105,519,413,824.55 "", "" 9,521,902,115 "", "" 9,664,498,271 "", "" 9,817,119,521 "", "" 8,479,595,755 "", "" 8,079,646,088 "", "" 7,947,742,073 "", "" 8,282,029,193 "", "" 8,128,303,133 "", "" 8,371,799,639 "", "" 9,275,790,102 "", "" 7,341,477,707 "", "" 10,636,094,081 "", "" 105,545,997,677.58 "", "" 8,779,213,900 "", "" 8,512,791,355 "", "" 9,100,663,891 "", null, null, null, null, null, null, null, null, null, "" 26,392,669,146 "", "" 35,190,225,527 ""]"
wr_masterfile_coa_pl_49,snapshot_istantoro_2022_mar_2026,MASTERFILE COA PL,49,"[""415200"", ""PENDAPATAN OPERASIONAL TENAGA KERJA OS"", ""Operasional Tenaga Kerja"", "" 63,295,630 "", "" 315,778,172.00 "", "" 141,860,000.00 "", "" -   "", "" -   "", "" -   "", "" -   "", "" 3,642,000 "", "" -   "", "" -   "", "" -   "", "" -   "", "" - "", "" - "", "" - "", "" 3,642,000.00 "", "" 40,233 "", "" -   "", "" -   "", null, null, null, null, null, null, null, null, null, "" 40,233 "", null]"
wr_masterfile_coa_pl_50,snapshot_istantoro_2022_mar_2026,MASTERFILE COA PL,50,"[""415300"", ""PENDAPATAN PENGOBATAN"", ""Medical & Pengobatan"", "" 982,849,484 "", "" 814,420,133.96 "", "" 1,381,177,799.69 "", "" 124,579,856 "", "" 128,884,170 "", "" 140,778,779 "", "" 91,400,234 "", "" 89,925,079 "", "" 111,575,462 "", "" 104,336,262 "", "" 85,509,862 "", "" 62,116,424 "", "" 55,486,707 "", "" 55,626,707 "", "" 63,486,707 "", "" 1,113,706,249.90 "", "" 66,513,109 "", "" 59,694,870 "", "" 59,358,107 "", null, null, null, null, null, null, null, null, null, "" 185,566,086 "", null]"
wr_masterfile_coa_pl_51,snapshot_istantoro_2022_mar_2026,MASTERFILE COA PL,51,"[""415400"", ""PENDAPATAN KOREKSI"", ""Tender, Koreksi & Lainnya"", "" -   "", "" -   "", "" -   "", "" -   "", "" -   "", "" -   "", "" -   "", "" -   "", "" -   "", "" -   "", "" -   "", "" -   "", "" - "", "" - "", "" - "", "" -   "", "" -   "", "" -   "", "" -   "", null, null, null, null, null, null, null, null, null, "" -   "", null]"
wr_masterfile_coa_pl_52,snapshot_istantoro_2022_mar_2026,MASTERFILE COA PL,52,"[""415500"", ""PENDAPATAN INSENTIVE SALES PERSON"", ""Insentif & Bonus"", "" 1,307,627,880 "", "" 1,177,435,056.00 "", "" 186,982,403.00 "", "" -   "", "" -   "", "" -   "", "" -   "", "" -   "", "" -   "", "" -   "", "" -   "", "" -   "", "" - "", "" - "", "" - "", "" -   "", "" -   "", "" -   "", "" -   "", null, null, null, null, null, null, null, null, null, "" -   "", null]"
wr_masterfile_coa_pl_53,snapshot_istantoro_2022_mar_2026,MASTERFILE COA PL,53,"[""415900"", ""PENDAPATAN RAPEL"", ""Rapel"", "" 3,708,792,709 "", "" 6,573,592,891.88 "", "" 7,677,405,179.02 "", "" 574,119,858 "", "" 1,041,212,717 "", "" 1,470,112,219 "", "" 978,956,801 "", "" 783,607,778 "", "" 718,408,955 "", "" 169,086,275 "", "" 326,983,320 "", "" 540,674,509 "", "" 1,266,225,053 "", "" 852,766,372 "", "" 839,808,181 "", "" 9,561,962,039.31 "", "" 342,487,794 "", "" 1,049,701,347 "", "" 1,019,607,259 "", null, null, null, null, null, null, null, null, null, "" 2,411,796,401 "", null]"
wr_masterfile_coa_pl_54,snapshot_istantoro_2022_mar_2026,MASTERFILE COA PL,54,"[""416000"", ""PENDAPATAN MEDICAL CHECKUP"", ""Medical & Pengobatan"", "" 903,926,244 "", "" 913,892,174.37 "", "" 636,011,359.59 "", "" 14,848,162 "", "" 13,566,989 "", "" 38,258,879 "", "" 21,070,742 "", "" 19,988,262 "", "" 15,251,597 "", "" 23,685,241 "", "" 21,921,112 "", "" 29,729,209 "", "" 16,705,876 "", "" 89,953,791 "", "" 21,538,017 "", "" 326,517,878.52 "", "" 6,506,170 "", "" 6,802,337 "", "" 8,526,170 "", null, null, null, null, null, null, null, null, null, "" 21,834,677 "", null]"
wr_masterfile_coa_pl_55,snapshot_istantoro_2022_mar_2026,MASTERFILE COA PL,55,"[""416100"", ""PENDAPATAN BAHAN & ALAT"", ""Bahan & Alat"", "" 905,901,394 "", "" 6,877,748,314.55 "", "" 25,316,979,476.56 "", "" 2,205,326,159 "", "" 2,104,116,243 "", "" 1,634,347,575 "", "" 1,626,703,589 "", "" 1,633,529,232 "", "" 1,650,664,582 "", "" 1,614,365,946 "", "" 1,614,095,376 "", "" 1,614,345,662 "", "" 1,786,308,956 "", "" 1,517,284,777 "", "" 1,622,794,504 "", "" 20,623,882,602.47 "", "" 1,635,162,255 "", "" 1,664,807,003 "", "" 1,621,038,979 "", null, null, null, null, null, null, null, null, null, "" 4,921,008,237 "", null]"
wr_masterfile_coa_pl_56,snapshot_istantoro_2022_mar_2026,MASTERFILE COA PL,56,"[""416200"", ""PENDAPATAN PEMBINAAN PT TASPEN"", ""Rekrutmen, Pendidikan, Pembinaan & Hubungan"", "" -   "", "" -   "", "" -   "", "" -   "", "" -   "", "" -   "", "" -   "", "" -   "", "" -   "", "" -   "", "" -   "", "" -   "", "" - "", "" - "", "" - "", "" -   "", "" -   "", "" -   "", "" -   "", null, null, null, null, null, null, null, null, null, "" -   "", null]"
wr_masterfile_coa_pl_57,snapshot_istantoro_2022_mar_2026,MASTERFILE COA PL,57,"[""416300"", ""PENDAPATAN BANTUAN KESEHATAN"", ""Medical & Pengobatan"", "" 543,118 "", "" -   "", "" 250,000.00 "", "" -   "", "" -   "", "" -   "", "" -   "", "" -   "", "" -   "", "" -   "", "" -   "", "" -   "", "" - "", "" - "", "" - "", "" -   "", "" -   "", "" -   "", "" -   "", null, null, null, null, null, null, null, null, null, "" -   "", null]"
wr_masterfile_coa_pl_58,snapshot_istantoro_2022_mar_2026,MASTERFILE COA PL,58,"[""417000"", ""PENDAPATAN TUNJ BPJS KESEHATAN"", ""Upah, Gaji & Tunjangan"", "" 71,806,947,995 "", "" 72,291,173,768.76 "", "" 81,440,520,763.69 "", "" 6,972,240,525 "", "" 7,199,492,052 "", "" 6,971,726,689 "", "" 6,458,546,956 "", "" 6,540,017,671 "", "" 6,452,503,822 "", "" 6,562,973,214 "", "" 6,687,363,838 "", "" 6,816,017,637 "", "" 7,157,184,673 "", "" 6,706,224,752 "", "" 7,674,424,549 "", "" 82,198,716,380.22 "", "" 7,394,824,196 "", "" 7,585,794,948 "", "" 7,389,256,232 "", null, null, null, null, null, null, null, null, null, "" 22,369,875,376 "", null]"
wr_masterfile_coa_pl_59,snapshot_istantoro_2022_mar_2026,MASTERFILE COA PL,59,"[""417100"", ""PENDAPATAN ASURANSI BJS"", ""Upah, Gaji & Tunjangan"", "" -   "", "" 400,000.00 "", "" -   "", "" -   "", "" -   "", "" -   "", "" -   "", "" -   "", "" -   "", "" -   "", "" -   "", "" -   "", "" - "", "" - "", "" - "", "" -   "", "" -   "", "" -   "", "" -   "", null, null, null, null, null, null, null, null, null, "" -   "", null]"
wr_masterfile_coa_pl_60,snapshot_istantoro_2022_mar_2026,MASTERFILE COA PL,60,"[""417200"", ""PENDAPATAN OPERASIONAL TAD LAINNYA"", ""Operasional Tenaga Kerja"", "" 1,542,121,785 "", "" 25,570,445.00 "", "" 52,290,434.57 "", "" 178,620 "", "" 692,841 "", "" 1,390,223 "", "" 799,166 "", "" 1,011,966 "", "" 911,966 "", "" 32,662,950 "", "" 178,620 "", "" 150,178,620 "", "" 5,893,238 "", "" (711,407)"", "" 150,889,769 "", "" 344,076,569.69 "", "" 12,800 "", "" 10,090,576 "", "" 2,456,940 "", null, null, null, null, null, null, null, null, null, "" 12,560,316 "", null]"
wr_masterfile_coa_pl_61,snapshot_istantoro_2022_mar_2026,MASTERFILE COA PL,61,"[""423000"", ""PENDAPATAN KOMPENSASI"", ""Pesangon, DPLK, Kompensasi"", "" -   "", "" -   "", "" -   "", "" -   "", "" -   "", "" -   "", "" -   "", "" -   "", "" -   "", "" -   "", "" -   "", "" -   "", "" - "", "" - "", "" - "", "" -   "", "" -   "", "" -   "", "" -   "", null, null, null, null, null, null, null, null, null, "" -   "", null]"
wr_masterfile_coa_pl_62,snapshot_istantoro_2022_mar_2026,MASTERFILE COA PL,62,"[""427000"", ""PENDAPATAN JASA PENYEWAAN PROGRAM IT"", ""Tender, Koreksi & Lainnya"", "" 1,800,000 "", "" 1,800,000.00 "", "" 1,050,000.00 "", "" -   "", "" -   "", "" -   "", "" -   "", "" -   "", "" -   "", "" -   "", "" -   "", "" -   "", "" - "", "" - "", "" - "", "" -   "", "" -   "", "" -   "", "" -   "", null, null, null, null, null, null, null, null, null, "" -   "", null]"
wr_masterfile_coa_pl_63,snapshot_istantoro_2022_mar_2026,MASTERFILE COA PL,63,"[null, ""TOTAL PENDAPATAN MPO - TAD"", null, "" 3,586,402,367,080 "", "" 3,606,053,119,125.93 "", "" 4,087,955,186,207.79 "", "" 334,397,268,781 "", "" 336,077,409,162 "", "" 516,165,749,060 "", "" 311,614,946,968 "", "" 312,315,869,433 "", "" 322,045,122,148 "", "" 310,166,887,842 "", "" 301,711,963,843 "", "" 336,326,835,140 "", "" 319,218,399,096 "", "" 348,231,341,183 "", "" 358,882,555,298 "", "" 4,107,154,347,953.47 "", "" 335,176,442,655 "", "" 342,405,076,357 "", "" 450,444,920,143 "", null, null, null, null, null, null, null, null, null, "" 1,128,026,439,155 "", null]"
wr_masterfile_coa_pl_64,snapshot_istantoro_2022_mar_2026,MASTERFILE COA PL,64,"[null, null, null, "" -   "", "" -   "", "" -   "", "" -   "", "" -   "", "" -   "", "" -   "", "" -   "", "" -   "", "" -   "", "" -   "", "" -   "", "" - "", "" - "", "" - "", "" -   "", "" -   "", "" -   "", null, null, null, null, null, null, null, null, null, null, "" -   "", null]"
wr_masterfile_coa_pl_65,snapshot_istantoro_2022_mar_2026,MASTERFILE COA PL,65,"[""420001"", ""PENDAPATAN JASA REKRUT Klien GROUP"", ""Jasa Head Hunter Klien"", "" -   "", "" -   "", "" -   "", "" -   "", "" -   "", "" -   "", "" -   "", "" -   "", "" -   "", "" -   "", "" -   "", "" -   "", "" - "", "" - "", "" - "", "" -   "", "" -   "", "" -   "", "" -   "", null, null, null, null, null, null, null, null, null, "" -   "", null]"
wr_masterfile_coa_pl_66,snapshot_istantoro_2022_mar_2026,MASTERFILE COA PL,66,"[""420002"", ""PENDAPATAN JASA ASSESMENT Klien GROUP"", ""Jasa Assesment dan Psikotest Klien"", "" 26,965,000 "", "" 54,220,000.00 "", "" 141,285,000.00 "", "" -   "", "" -   "", "" -   "", "" -   "", "" 1,980,000 "", "" -   "", "" -   "", "" -   "", "" 8,500,000 "", "" - "", "" 1,450,000 "", "" - "", "" 11,930,000.00 "", "" -   "", "" -   "", "" -   "", null, null, null, null, null, null, null, null, null, "" -   "", null]"
wr_masterfile_coa_pl_67,snapshot_istantoro_2022_mar_2026,MASTERFILE COA PL,67,"[""420003"", ""PENDAPATAN JASA HEAD HUNTER Klien GROUP"", ""Jasa Head Hunter Klien"", "" 2,796,679,000 "", "" 11,940,075,667.00 "", "" 8,015,696,450.29 "", "" 497,218,018 "", "" 475,800,000 "", "" 319,679,279 "", "" 171,600,000 "", "" 327,600,000 "", "" 423,621,622 "", "" 986,378,378 "", "" 618,900,000 "", "" 1,118,587,387 "", "" 716,000,000 "", "" 892,350,000 "", "" 601,258,559 "", "" 7,148,993,242.89 "", "" 354,113,513 "", "" 870,872,883 "", "" 338,200,000 "", null, null, null, null, null, null, null, null, null, "" 1,563,186,396 "", null]"
wr_masterfile_coa_pl_68,snapshot_istantoro_2022_mar_2026,MASTERFILE COA PL,68,"[""420004"", ""PENDAPATAN JASA PSIKOTEST Klien GROUP"", ""Jasa Assesment dan Psikotest Klien"", "" 1,004,868,000 "", "" 1,871,320,259.42 "", "" 915,337,000.00 "", "" 58,775,000 "", "" 43,535,000 "", "" 32,200,000 "", "" 28,070,000 "", "" 39,660,000 "", "" 244,479,864 "", "" 181,321,982 "", "" 59,370,000 "", "" 119,790,000 "", "" 37,250,000 "", "" 102,305,406 "", "" 38,783,153 "", "" 985,540,405.15 "", "" 115,694,054 "", "" 52,489,054 "", "" 15,665,000 "", null, null, null, null, null, null, null, null, null, "" 183,848,108 "", null]"
wr_masterfile_coa_pl_69,snapshot_istantoro_2022_mar_2026,MASTERFILE COA PL,69,"[""420005"", ""PENDAPATAN TERKAIT JASA REKRUTMENT Klien GROUP"", ""Jasa Head Hunter Klien"", "" 81,007,500 "", "" 1,847,576,973.00 "", "" 2,179,142,206.00 "", "" -   "", "" -   "", "" -   "", "" -   "", "" 1,118,270,270 "", "" 1,095,767,568 "", "" 16,414,414 "", "" 154,585,586 "", "" 400,000 "", "" 167,045,045 "", "" 153,960,361 "", "" 28,372,973 "", "" 2,734,816,217.00 "", "" 78,312,613 "", "" 29,747,748 "", "" 20,117,117 "", null, null, null, null, null, null, null, null, null, "" 128,177,478 "", null]"
wr_masterfile_coa_pl_70,snapshot_istantoro_2022_mar_2026,MASTERFILE COA PL,70,"[""420006"", ""PENDAPATAN TERKAIT JASA BACKGROUND DAN SCREENING Klien GROUP"", ""Jasa Assesment dan Psikotest Klien"", "" 248,212,523 "", "" 306,601,993.00 "", "" 142,887,594.00 "", "" -   "", "" -   "", "" -   "", "" -   "", "" -   "", "" 225,000 "", "" -   "", "" -   "", "" 837,720 "", "" - "", "" - "", "" - "", "" 1,062,720.00 "", "" -   "", "" -   "", "" -   "", null, null, null, null, null, null, null, null, null, "" -   "", null]"
wr_masterfile_coa_pl_71,snapshot_istantoro_2022_mar_2026,MASTERFILE COA PL,71,"[""420007"", ""PENDAPATAN JASA REKRUT NON Klien"", ""Jasa Head Hunter Non Captive"", "" 550,000 "", "" 601,918,304.00 "", "" 493,273,787.00 "", "" 28,290,090 "", "" 42,959,980 "", "" 27,819,820 "", "" 16,135,136 "", "" 66,725,225 "", "" 221,076,575 "", "" 98,377,027 "", "" 35,246,847 "", "" 32,565,766 "", "" 13,000,000 "", "" 116,752,252 "", "" 30,755,856 "", "" 729,704,574.00 "", "" 19,476,577 "", "" 22,873,874 "", "" 5,261,260 "", null, null, null, null, null, null, null, null, null, "" 47,611,711 "", null]"
wr_masterfile_coa_pl_72,snapshot_istantoro_2022_mar_2026,MASTERFILE COA PL,72,"[""420008"", ""PENDAPATAN JASA ASSESMENT NON Klien"", ""Jasa Assesment dan Psikotest Non Captive"", "" 52,760,812 "", "" 418,369,334.00 "", "" 543,503,772.00 "", "" 104,250,000 "", "" 500,000 "", "" -   "", "" 9,385,000 "", "" 11,800,000 "", "" 20,800,000 "", "" 27,395,000 "", "" -   "", "" 29,675,000 "", "" 27,640,000 "", "" 1,650,000 "", "" 62,900,000 "", "" 295,995,000.00 "", "" 44,375,000 "", "" 40,750,000 "", "" 300,000 "", null, null, null, null, null, null, null, null, null, "" 85,425,000 "", null]"
wr_masterfile_coa_pl_73,snapshot_istantoro_2022_mar_2026,MASTERFILE COA PL,73,"[""420009"", ""PENDAPATAN JASA HEAD HUNTER NON Klien"", ""Jasa Head Hunter Non Captive"", "" 4,500,000 "", "" 229,300,000.00 "", "" 85,725,000.00 "", "" -   "", "" 5,450,000 "", "" 52,700,000 "", "" 550,000 "", "" 2,600,000 "", "" -   "", "" -   "", "" 118,600,000 "", "" 1,300,000 "", "" 88,450,000 "", "" - "", "" 18,200,000 "", "" 287,850,000.00 "", "" 126,000,000 "", "" 3,800,000 "", "" -   "", null, null, null, null, null, null, null, null, null, "" 129,800,000 "", null]"
wr_masterfile_coa_pl_74,snapshot_istantoro_2022_mar_2026,MASTERFILE COA PL,74,"[""420010"", ""PENDAPATAN JASA PSIKOTEST NON Klien"", ""Jasa Assesment dan Psikotest Non Captive"", "" 266,898,450 "", "" 1,404,929,092.00 "", "" 1,163,741,022.00 "", "" 97,450,000 "", "" 50,862,600 "", "" 165,181,081 "", "" 46,802,440 "", "" 141,586,220 "", "" 16,340,000 "", "" 68,500,750 "", ""-47,555,200 "", "" 126,534,454 "", "" 92,860,990 "", "" 30,580,000 "", "" 69,761,023 "", "" 858,904,358.00 "", "" 39,450,000 "", "" 8,878,211 "", "" 211,400,000 "", null, null, null, null, null, null, null, null, null, "" 259,728,211 "", null]"
wr_masterfile_coa_pl_75,snapshot_istantoro_2022_mar_2026,MASTERFILE COA PL,75,"[""420011"", ""PENDAPATAN TERKAIT JASA REKRUTMENT NON Klien"", ""Jasa Head Hunter Non Captive"", "" 9,250,000 "", "" 848,482,570.00 "", "" -   "", "" -   "", "" -   "", "" -   "", "" -   "", "" -   "", "" -   "", "" 98,211,000 "", "" -   "", "" -   "", "" - "", "" 70,025,000 "", "" - "", "" 168,236,000.00 "", "" -   "", "" -   "", "" -   "", null, null, null, null, null, null, null, null, null, "" -   "", null]"
wr_masterfile_coa_pl_76,snapshot_istantoro_2022_mar_2026,MASTERFILE COA PL,76,"[""420012"", ""PENDAPATAN TERKAIT JASA BACKGROUND DAN SCREENING NON Klien"", ""Jasa Assesment dan Psikotest Non Captive"", "" -   "", "" 84,025,210.00 "", "" 3,505,440.00 "", "" -   "", "" -   "", "" 10,722,600 "", "" 306,360 "", "" -   "", "" -   "", "" -   "", "" 5,514,480 "", "" -   "", "" - "", "" 1,594,080 "", "" 450,000 "", "" 18,587,520.00 "", "" -   "", "" 306,360 "", "" 612,720 "", null, null, null, null, null, null, null, null, null, "" 919,080 "", null]"
wr_masterfile_coa_pl_77,snapshot_istantoro_2022_mar_2026,MASTERFILE COA PL,77,"[""422000"", ""PENDAPATAN JASA RECRUTMENT"", ""Jasa Head Hunter Klien"", "" 859,361,369 "", "" -   "", "" -   "", "" -   "", "" -   "", "" -   "", "" -   "", "" -   "", "" -   "", "" 59,000,000 "", "" -   "", "" 15,000,000 "", "" 35,000,000 "", "" 5,000,000 "", "" 65,000,000 "", "" 179,000,000.00 "", "" 68,580,000 "", "" -   "", "" -   "", null, null, null, null, null, null, null, null, null, "" 68,580,000 "", null]"
wr_masterfile_coa_pl_78,snapshot_istantoro_2022_mar_2026,MASTERFILE COA PL,78,"[""424000"", ""PENDAPATAN JASA ASSESMENT"", ""Jasa Assesment dan Psikotest Non Captive"", "" 1,451,100,446 "", "" 189,411,498.00 "", "" 600,965,677.00 "", "" -   "", "" -   "", "" -   "", "" -   "", "" -   "", "" -   "", "" -   "", "" -   "", "" -   "", "" 2,500,000 "", "" - "", "" - "", "" 2,500,000.00 "", "" -   "", "" -   "", "" -   "", null, null, null, null, null, null, null, null, null, "" -   "", null]"
wr_masterfile_coa_pl_79,snapshot_istantoro_2022_mar_2026,MASTERFILE COA PL,79,"[""425000"", ""PENDAPATAN JASA HEAD HUNTER"", ""Jasa Head Hunter Klien"", "" 5,015,942,653 "", "" 262,608,000.00 "", "" 40,270,000.00 "", "" -   "", "" -   "", "" -   "", "" -   "", "" -   "", "" -   "", "" 3,000,000 "", "" 1,890,000 "", "" -   "", "" - "", "" - "", "" - "", "" 4,890,000.00 "", "" -   "", "" -   "", "" -   "", null, null, null, null, null, null, null, null, null, "" -   "", null]"
wr_masterfile_coa_pl_80,snapshot_istantoro_2022_mar_2026,MASTERFILE COA PL,80,"[""426000"", ""PENDAPATAN JASA PSIKOTEST"", ""Jasa Assesment dan Psikotest Non Captive"", "" 5,766,881,734 "", "" 1,721,902,340.00 "", "" 1,977,421,000.00 "", "" 99,725,000 "", "" 190,390,000 "", "" 54,720,000 "", "" 55,710,631 "", "" 84,975,000 "", "" 69,325,000 "", "" 116,446,500 "", "" 65,350,000 "", "" 124,679,464 "", "" 73,950,000 "", "" 51,924,250 "", "" 45,570,000 "", "" 1,032,765,845.00 "", "" 19,325,000 "", "" 9,425,000 "", "" 7,000,000 "", null, null, null, null, null, null, null, null, null, "" 35,750,000 "", null]"
wr_masterfile_coa_pl_81,snapshot_istantoro_2022_mar_2026,MASTERFILE COA PL,81,"[""426001"", ""PENDAPATAN BFLP"", ""BFLP - BBOP Klien"", "" 6,397,014,067 "", "" 7,393,204,210.00 "", "" 596,449,550.00 "", "" 3,074,303,039 "", "" -   "", "" -   "", "" -   "", "" -   "", "" -   "", "" -   "", "" -   "", "" -   "", "" - "", "" - "", "" - "", "" 3,074,303,038.86 "", "" -   "", "" -   "", "" -   "", null, null, null, null, null, null, null, null, null, "" -   "", null]"
wr_masterfile_coa_pl_82,snapshot_istantoro_2022_mar_2026,MASTERFILE COA PL,82,"[""426002"", ""PENDAPATAN BBOP"", ""BFLP - BBOP Klien"", "" 6,551,489,545 "", "" 12,917,779,904.68 "", "" 9,658,273,000.00 "", "" 861,650,000 "", "" 720,415,000 "", "" 939,370,000 "", "" 311,680,000 "", "" 578,030,000 "", "" 1,531,650,000 "", "" 1,172,100,000 "", "" 1,474,450,000 "", "" 1,615,350,000 "", "" 1,306,850,000 "", "" 950,040,000 "", "" 1,476,560,000 "", "" 12,938,145,000.00 "", "" 894,420,000 "", "" 680,000,000 "", "" 782,800,000 "", null, null, null, null, null, null, null, null, null, "" 2,357,220,000 "", null]"
wr_masterfile_coa_pl_83,snapshot_istantoro_2022_mar_2026,MASTERFILE COA PL,83,"[""426003"", ""PENDAPATAN JASA LAYANAN (MCU, ENGLISH TEST)"", ""Jasa Layananan dan Ops Rekrutmen"", "" 166,499,928 "", "" 104,878,513.00 "", "" 64,124,920.00 "", "" 2,000,000 "", "" 2,860,000 "", "" 8,000,000 "", "" -   "", "" 15,500,000 "", "" -   "", "" 4,750,000 "", "" 23,518,000 "", "" -   "", "" - "", "" - "", "" - "", "" 56,628,000.00 "", "" -   "", "" -   "", "" -   "", null, null, null, null, null, null, null, null, null, "" -   "", null]"
wr_masterfile_coa_pl_84,snapshot_istantoro_2022_mar_2026,MASTERFILE COA PL,84,"[null, ""TOTAL PENDAPATAN MPO - RAB"", null, "" 30,699,981,028 "", "" 42,196,603,868.10 "", "" 26,621,601,418.29 "", "" 4,823,661,147 "", "" 1,532,772,580 "", "" 1,610,392,780 "", "" 640,239,567 "", "" 2,388,726,715 "", "" 3,623,285,629 "", "" 2,831,895,051 "", "" 2,509,869,713 "", "" 3,193,219,791 "", "" 2,560,546,035 "", "" 2,377,631,349 "", "" 2,437,611,564 "", "" 30,529,851,920.90 "", "" 1,759,746,757 "", "" 1,719,143,130 "", "" 1,381,356,097 "", null, null, null, null, null, null, null, null, null, "" 4,860,245,984 "", null]"
wr_masterfile_coa_pl_85,snapshot_istantoro_2022_mar_2026,MASTERFILE COA PL,85,"[null, null, null, "" -   "", "" -   "", "" -   "", "" -   "", "" -   "", "" -   "", "" -   "", "" -   "", "" -   "", "" -   "", "" -   "", "" -   "", "" - "", "" - "", "" - "", "" -   "", "" -   "", "" -   "", null, null, null, null, null, null, null, null, null, null, "" -   "", null]"
wr_masterfile_coa_pl_86,snapshot_istantoro_2022_mar_2026,MASTERFILE COA PL,86,"[null, ""PENDAPATAN MPO ( MAN POWER OUTSOURCING )"", null, "" 3,617,102,348,108 "", "" 3,648,249,722,994.03 "", "" 4,114,576,787,626.08 "", "" 339,220,929,928 "", "" 337,610,181,742 "", "" 517,776,141,840 "", "" 312,255,186,535 "", "" 314,704,596,148 "", "" 325,668,407,776 "", "" 312,998,782,893 "", "" 304,221,833,556 "", "" 339,520,054,931 "", "" 321,778,945,131 "", "" 350,608,972,532 "", "" 361,320,166,861 "", "" 4,137,684,199,874.37 "", "" 336,936,189,413 "", "" 344,124,219,487 "", "" 451,873,951,240 "", null, null, null, null, null, null, null, null, null, "" 1,132,934,360,140 "", null]"
wr_masterfile_coa_pl_87,snapshot_istantoro_2022_mar_2026,MASTERFILE COA PL,87,"[null, null, null, "" -   "", "" -   "", "" -   "", "" -   "", "" -   "", "" -   "", "" -   "", "" -   "", "" -   "", "" -   "", "" -   "", "" -   "", "" - "", "" - "", "" - "", "" -   "", "" -   "", "" -   "", null, null, null, null, null, null, null, null, null, null, "" -   "", null]"
wr_masterfile_coa_pl_88,snapshot_istantoro_2022_mar_2026,MASTERFILE COA PL,88,"[null, ""PENDAPATAN BUSINESS PROCESS OUTSOURCING"", null, "" -   "", "" -   "", "" -   "", "" -   "", "" -   "", "" -   "", "" -   "", "" -   "", "" -   "", "" -   "", "" -   "", "" -   "", "" - "", "" - "", "" - "", "" -   "", "" -   "", "" -   "", null, null, null, null, null, null, null, null, null, null, "" -   "", null]"
wr_masterfile_coa_pl_89,snapshot_istantoro_2022_mar_2026,MASTERFILE COA PL,89,"[""418001"", ""PEND. DATA ENTRY"", ""Other Managed Services (QA, E-Arsip, EO)"", "" 1,395,545,764 "", "" 721,579,873.09 "", "" 438,986,619.30 "", "" 16,848,649 "", "" 5,122,360 "", "" -   "", "" -   "", "" 12,931,084 "", "" 54,841,084 "", "" 14,936,115 "", "" 12,456,100 "", "" 9,698,313 "", "" 43,558,728 "", "" 33,152,771 "", "" 31,620,558 "", "" 235,165,762.00 "", "" 28,167,787 "", "" 2,757,787 "", "" 2,757,787 "", null, null, null, null, null, null, null, null, null, "" 33,683,361 "", null]"
wr_masterfile_coa_pl_90,snapshot_istantoro_2022_mar_2026,MASTERFILE COA PL,90,"[""418002"", ""PEND. DATA SCANNING & UPLOADING"", ""Other Managed Services (QA, E-Arsip, EO)"", "" 432,670,408 "", "" 642,447,674.82 "", "" 170,628,422.00 "", "" 3,806,036 "", "" -   "", "" -   "", "" -   "", "" -   "", "" -   "", "" -   "", "" -   "", "" -   "", "" - "", "" - "", "" - "", "" 3,806,036.00 "", "" -   "", "" -   "", "" -   "", null, null, null, null, null, null, null, null, null, "" -   "", null]"
wr_masterfile_coa_pl_91,snapshot_istantoro_2022_mar_2026,MASTERFILE COA PL,91,"[""418003"", ""PEND. PHONE VERIFIKATOR"", ""Other Managed Services (QA, E-Arsip, EO)"", "" 13,272,204 "", "" -   "", "" -   "", "" -   "", "" -   "", "" -   "", "" -   "", "" -   "", "" -   "", "" -   "", "" -   "", "" -   "", "" - "", "" - "", "" - "", "" -   "", "" -   "", "" -   "", "" -   "", null, null, null, null, null, null, null, null, null, "" -   "", null]"
wr_masterfile_coa_pl_92,snapshot_istantoro_2022_mar_2026,MASTERFILE COA PL,92,"[""418004"", ""PEND. CARD PROVIDER"", ""Other Managed Services (QA, E-Arsip, EO)"", "" -   "", "" -   "", "" -   "", "" -   "", "" -   "", "" -   "", "" -   "", "" -   "", "" -   "", "" -   "", "" -   "", "" -   "", "" - "", "" - "", "" - "", "" -   "", "" -   "", "" -   "", "" -   "", null, null, null, null, null, null, null, null, null, "" -   "", null]"
wr_masterfile_coa_pl_93,snapshot_istantoro_2022_mar_2026,MASTERFILE COA PL,93,"[""418005"", ""PEND. COLLECTION"", ""Other Managed Services (QA, E-Arsip, EO)"", "" -   "", "" -   "", "" -   "", "" -   "", "" -   "", "" -   "", "" -   "", "" 5,119,633,436 "", "" 349,690,996 "", "" 215,724,409 "", "" 153,936,660 "", "" 144,946,549 "", "" 152,314,136 "", "" 66,555,817 "", "" 57,099,305 "", "" 6,259,901,305.91 "", "" 102,160,900 "", "" -   "", "" -   "", null, null, null, null, null, null, null, null, null, "" 102,160,900 "", null]"
wr_masterfile_coa_pl_94,snapshot_istantoro_2022_mar_2026,MASTERFILE COA PL,94,"[""418006"", ""PEND. FIELD SURVEYOR"", ""Other Managed Services (QA, E-Arsip, EO)"", "" -   "", "" -   "", "" -   "", "" -   "", "" -   "", "" -   "", "" -   "", "" -   "", "" -   "", "" -   "", "" -   "", "" -   "", "" - "", "" - "", "" - "", "" -   "", "" -   "", "" -   "", "" -   "", null, null, null, null, null, null, null, null, null, "" -   "", null]"
wr_masterfile_coa_pl_95,snapshot_istantoro_2022_mar_2026,MASTERFILE COA PL,95,"[""418007"", ""PEND. SKIP TRACER"", ""Other Managed Services (QA, E-Arsip, EO)"", "" -   "", "" -   "", "" -   "", "" -   "", "" -   "", "" -   "", "" -   "", "" -   "", "" -   "", "" -   "", "" -   "", "" -   "", "" - "", "" - "", "" - "", "" -   "", "" -   "", "" -   "", "" -   "", null, null, null, null, null, null, null, null, null, "" -   "", null]"
wr_masterfile_coa_pl_96,snapshot_istantoro_2022_mar_2026,MASTERFILE COA PL,96,"[""418008"", ""PEND. CALL CENTER"", ""Other Managed Services (QA, E-Arsip, EO)"", "" -   "", "" -   "", "" -   "", "" -   "", "" -   "", "" -   "", "" -   "", "" -   "", "" -   "", "" -   "", "" -   "", "" -   "", "" - "", "" - "", "" - "", "" -   "", "" -   "", "" -   "", "" -   "", null, null, null, null, null, null, null, null, null, "" -   "", null]"
wr_masterfile_coa_pl_97,snapshot_istantoro_2022_mar_2026,MASTERFILE COA PL,97,"[""418009"", ""FEE BISNIS PROSES OUTSOURCING"", ""Other Managed Services (QA, E-Arsip, EO)"", "" 256,166,228 "", "" 2,748,852,228.83 "", "" 587,557,798.03 "", "" 353,640 "", "" -   "", "" 4,218,640 "", "" 2,543,640 "", "" 2,323,640 "", "" 2,323,640 "", "" 183,600 "", "" 323,640 "", "" -   "", "" - "", "" - "", "" 323,640 "", "" 12,594,080.00 "", "" -   "", "" -   "", "" 323,640 "", null, null, null, null, null, null, null, null, null, "" 323,640 "", null]"
wr_masterfile_coa_pl_98,snapshot_istantoro_2022_mar_2026,MASTERFILE COA PL,98,"[""418010"", ""PENDAPATAN BISNIS PROSES LAIN-LAIN"", ""Other Managed Services (QA, E-Arsip, EO)"", "" 2,701,483,230 "", "" 610,183,498.14 "", "" 6,113,857,107.75 "", "" 2,831,611,083 "", "" 3,173,521,314 "", "" 4,439,979,641 "", "" 3,176,256,940 "", "" 3,289,017,061 "", "" 1,659,601,413 "", "" 2,080,088,246 "", "" 2,048,031,365 "", "" 2,084,569,694 "", "" 1,183,006,771 "", "" 1,567,668,237 "", "" 1,668,097,020 "", "" 29,201,448,783.17 "", "" 1,690,885,502 "", "" 1,400,713,405 "", "" 1,220,623,931 "", null, null, null, null, null, null, null, null, null, "" 4,312,222,838 "", null]"
wr_masterfile_coa_pl_99,snapshot_istantoro_2022_mar_2026,MASTERFILE COA PL,99,"[""418011"", ""PEND. COLLECTION CC Klien"", ""Managed Services Collection"", "" -   "", "" -   "", "" -   "", "" -   "", "" -   "", "" -   "", "" -   "", "" -   "", "" -   "", "" -   "", "" -   "", "" -   "", "" - "", "" - "", "" - "", "" -   "", "" -   "", "" -   "", "" -   "", null, null, null, null, null, null, null, null, null, "" -   "", null]"
wr_masterfile_coa_pl_100,snapshot_istantoro_2022_mar_2026,MASTERFILE COA PL,100,"[""418012"", ""PEND. COLLECTION BNI"", ""Managed Services Collection"", "" -   "", "" -   "", "" -   "", "" -   "", "" -   "", "" -   "", "" -   "", "" -   "", "" -   "", "" -   "", "" -   "", "" -   "", "" - "", "" - "", "" - "", "" -   "", "" -   "", "" -   "", "" -   "", null, null, null, null, null, null, null, null, null, "" -   "", null]"
wr_masterfile_coa_pl_101,snapshot_istantoro_2022_mar_2026,MASTERFILE COA PL,101,"[""418013"", ""PEND. COLLECTION MIKRO Klien"", ""Managed Services Collection"", "" 14,251,855,225 "", ""-140,000,000.00 "", "" 79,925,689.00 "", "" -   "", "" -   "", "" -   "", "" -   "", "" -   "", "" -   "", "" -   "", "" -   "", "" -   "", "" - "", "" - "", "" - "", "" -   "", "" -   "", "" -   "", "" -   "", null, null, null, null, null, null, null, null, null, "" -   "", null]"
wr_masterfile_coa_pl_102,snapshot_istantoro_2022_mar_2026,MASTERFILE COA PL,102,"[""418014"", ""PEND. COLLECTION"", ""Managed Services Collection"", "" -   "", "" -   "", "" -   "", "" -   "", "" -   "", "" -   "", "" -   "", "" -   "", "" -   "", "" -   "", "" -   "", "" -   "", "" - "", "" - "", "" - "", "" -   "", "" -   "", "" -   "", "" -   "", null, null, null, null, null, null, null, null, null, "" -   "", null]"
wr_masterfile_coa_pl_103,snapshot_istantoro_2022_mar_2026,MASTERFILE COA PL,103,"[""418015"", ""PEND. ARSIP"", ""Other Managed Services (QA, E-Arsip, EO)"", "" 2,923,780,650 "", "" 14,174,961.40 "", "" -   "", "" -   "", "" -   "", "" -   "", "" -   "", "" -   "", "" -   "", "" -   "", "" -   "", "" -   "", "" - "", "" - "", "" - "", "" -   "", "" -   "", "" -   "", "" -   "", null, null, null, null, null, null, null, null, null, "" -   "", null]"
wr_masterfile_coa_pl_104,snapshot_istantoro_2022_mar_2026,MASTERFILE COA PL,104,"[""418016"", ""PEND. SFT KPR"", ""Managed Services Sales - KPR"", "" 2,189,635,486 "", "" -   "", "" -   "", "" -   "", "" -   "", "" -   "", "" -   "", "" -   "", "" -   "", "" -   "", "" -   "", "" -   "", "" - "", "" - "", "" - "", "" -   "", "" -   "", "" -   "", "" -   "", null, null, null, null, null, null, null, null, null, "" -   "", null]"
wr_masterfile_coa_pl_105,snapshot_istantoro_2022_mar_2026,MASTERFILE COA PL,105,"[""427001"", ""PENDAPATAN MANAGED SERVICE COLLECTION"", ""Managed Services Collection"", "" 14,898,851,056 "", "" 35,839,474,083.51 "", "" 54,881,100,337.65 "", "" 2,916,314,744 "", "" 1,201,217,323 "", "" -   "", "" 125,734,928 "", "" 13,800,826 "", "" 76,356,039 "", "" 18,185,852 "", "" 192,038,397 "", "" 157,564,111 "", "" - "", "" - "", "" - "", "" 4,701,212,219.88 "", "" -   "", "" -   "", "" 92,608,711 "", null, null, null, null, null, null, null, null, null, "" 92,608,711 "", null]"
wr_masterfile_coa_pl_106,snapshot_istantoro_2022_mar_2026,MASTERFILE COA PL,106,"[""427002"", ""PENDAPATAN MANAGED SERVICES KPR"", ""Managed Services Sales - KPR"", "" 6,353,316,457 "", "" 34,166,022,475.85 "", "" 31,656,236,570.04 "", "" 2,296,217,445 "", "" 3,221,180,324 "", "" 2,384,959,408 "", "" 2,157,913,292 "", "" 1,873,286,633 "", "" 1,926,142,843 "", "" 1,865,289,946 "", "" 2,371,004,254 "", "" 2,037,544,081 "", "" 1,776,695,546 "", "" 1,843,948,927 "", "" 1,638,967,358 "", "" 25,393,150,057.00 "", "" 2,024,729,237 "", "" 1,236,320,716 "", "" 1,760,942,817 "", null, null, null, null, null, null, null, null, null, "" 5,021,992,770 "", null]"
wr_masterfile_coa_pl_107,snapshot_istantoro_2022_mar_2026,MASTERFILE COA PL,107,"[""427003"", ""PENDAPATAN MANAGED SERVICES BRIGUNA"", ""Managed Services Sales - BRIGUNA"", "" 6,344,088,177 "", "" 29,527,816,095.23 "", "" 43,589,204,803.52 "", "" 2,568,371,325 "", "" 1,399,185,781 "", "" 1,357,511,067 "", "" 909,649,820 "", "" 1,139,668,102 "", "" 1,413,587,226 "", "" 1,190,265,382 "", "" 1,434,792,254 "", "" 1,380,918,950 "", "" 1,655,810,906 "", "" 2,509,025,324 "", "" 2,574,162,377 "", "" 19,532,948,514.02 "", "" 2,783,566,676 "", "" 1,927,739,694 "", "" 1,726,107,176 "", null, null, null, null, null, null, null, null, null, "" 6,437,413,546 "", null]"
wr_masterfile_coa_pl_108,snapshot_istantoro_2022_mar_2026,MASTERFILE COA PL,108,"[""427004"", ""PENDAPATAN MANAGED SERVICES FUNDING & PAYMENT(CCBRITAMA DLL)"", ""Managed Services Sales - Funding"", "" 767,430,000 "", "" 21,195,424,776.15 "", "" 10,792,785,628.93 "", "" 15,264,000 "", "" -   "", "" -   "", "" -   "", "" -   "", "" -   "", "" -   "", "" -   "", "" -   "", "" - "", "" - "", "" - "", "" 15,264,000.00 "", "" -   "", "" -   "", "" -   "", null, null, null, null, null, null, null, null, null, "" -   "", null]"
wr_masterfile_coa_pl_109,snapshot_istantoro_2022_mar_2026,MASTERFILE COA PL,109,"[""427005"", ""PENDAPATAN MANAGED SERVICES SALES"", ""Managed Services Sales - Lainnya"", "" 13,608,962 "", "" 114,782,766.69 "", "" 13,400,694.00 "", "" 7,225,000 "", "" -   "", "" 4,500,000 "", "" -   "", "" -   "", "" -   "", "" -   "", "" -   "", "" -   "", "" - "", "" - "", "" - "", "" 11,725,000.00 "", "" -   "", "" -   "", "" -   "", null, null, null, null, null, null, null, null, null, "" -   "", null]"
wr_masterfile_coa_pl_110,snapshot_istantoro_2022_mar_2026,MASTERFILE COA PL,110,"[""427006"", ""PENDAPATAN MANAGED SERVICES QA (PREMISES DLL)"", ""Other Managed Services (QA, E-Arsip, EO)"", "" 5,625,662,458 "", "" 3,686,013,860.71 "", "" 2,475,415,943.53 "", "" 216,973,874 "", "" 216,973,874 "", "" 216,973,874 "", "" 216,973,874 "", "" -   "", "" -   "", "" -   "", "" -   "", "" -   "", "" - "", "" - "", "" - "", "" 867,895,496.00 "", "" -   "", "" -   "", "" -   "", null, null, null, null, null, null, null, null, null, "" -   "", null]"
wr_masterfile_coa_pl_111,snapshot_istantoro_2022_mar_2026,MASTERFILE COA PL,111,"[""427007"", ""PENDAPATAN MANAGED SERVICES E-ARSIP"", ""Managed Services Collection"", "" 1,043,475,400 "", "" 2,613,476,425.00 "", "" 2,238,229,649.00 "", "" -   "", "" 55,940,860 "", "" -   "", "" 55,940,860 "", "" -   "", "" -   "", "" -   "", "" -   "", "" -   "", "" - "", "" - "", "" - "", "" 111,881,720.00 "", "" -   "", "" -   "", "" -   "", null, null, null, null, null, null, null, null, null, "" -   "", null]"
wr_masterfile_coa_pl_112,snapshot_istantoro_2022_mar_2026,MASTERFILE COA PL,112,"[""427008"", ""PENDAPATAN MANAGED SERVICES LAINNYA"", ""Managed Services Collection"", "" 74,060,973 "", "" 7,150,473,230.30 "", "" 8,916,112,652.40 "", "" 479,474,891 "", "" 5,650,852,932 "", "" 1,051,546,030 "", "" 615,948,161 "", "" -   "", "" 11,339,174 "", "" 5,110,556 "", "" 17,855,192 "", "" 5,004,614 "", "" 19,316,172 "", "" 10,614,568 "", "" 4,365,134 "", "" 7,871,427,423.86 "", "" 4,282,517 "", "" 15,014,736 "", "" -   "", null, null, null, null, null, null, null, null, null, "" 19,297,253 "", null]"
wr_masterfile_coa_pl_113,snapshot_istantoro_2022_mar_2026,MASTERFILE COA PL,113,"[""428001"", ""PEND. DIRECT SALES, SALES FORCE TEAM, SALES EXEC"", ""Managed Services Collection"", "" -   "", "" -   "", "" 2,503,816,775.24 "", "" 1,724,381,351 "", "" 561,163,878 "", "" 326,311,365 "", "" 338,346,009 "", "" 1,368,795,107 "", "" 1,410,487,547 "", "" 1,440,474,052 "", "" 1,543,508,570 "", "" 1,365,570,212 "", "" 1,512,262,019 "", "" 1,613,901,234 "", "" 1,638,490,162 "", "" 14,843,691,505.96 "", "" 1,148,013,310 "", "" 886,098,022 "", "" 1,068,157,670 "", null, null, null, null, null, null, null, null, null, "" 3,102,269,002 "", null]"
wr_masterfile_coa_pl_114,snapshot_istantoro_2022_mar_2026,MASTERFILE COA PL,114,"[""428002"", ""PEND.TELESALES, TELEUSAGE"", ""Managed Services Collection"", "" 436,525,717 "", "" 53,967,754.00 "", "" -   "", "" -   "", "" -   "", "" 1,750,000 "", "" -   "", "" -   "", "" -   "", "" -   "", "" -   "", "" -   "", "" - "", "" - "", "" - "", "" 1,750,000.00 "", "" -   "", "" -   "", "" -   "", null, null, null, null, null, null, null, null, null, "" -   "", null]"
wr_masterfile_coa_pl_115,snapshot_istantoro_2022_mar_2026,MASTERFILE COA PL,115,"[""428003"", ""PEND. SPG/SPB/Usher"", ""Managed Services Collection"", "" 15,851,063 "", "" 24,150,000.00 "", "" 74,250,000.00 "", "" -   "", "" 30,500,000 "", "" 15,500,000 "", "" -   "", "" -   "", "" 29,500,000 "", "" -   "", "" -   "", "" -   "", "" - "", "" - "", "" - "", "" 75,500,000.00 "", "" -   "", "" -   "", "" -   "", null, null, null, null, null, null, null, null, null, "" -   "", null]"
wr_masterfile_coa_pl_116,snapshot_istantoro_2022_mar_2026,MASTERFILE COA PL,116,"[""428004"", ""FEE JASA AGENCY"", ""Managed Services Collection"", "" 884,838,631 "", "" 329,427,339.94 "", "" 65,571,835.00 "", "" -   "", "" 4,575,000 "", "" 2,325,000 "", "" -   "", "" -   "", "" 4,425,000 "", "" -   "", "" -   "", "" -   "", "" - "", "" - "", "" - "", "" 11,325,000.00 "", "" -   "", "" -   "", "" -   "", null, null, null, null, null, null, null, null, null, "" -   "", null]"
wr_masterfile_coa_pl_117,snapshot_istantoro_2022_mar_2026,MASTERFILE COA PL,117,"[""428005"", ""PENDAPATAN BISNIS AGENCY"", ""Managed Services Collection"", "" 4,625,874,217 "", "" 2,909,461,192.75 "", "" 832,766,677.00 "", "" -   "", "" -   "", "" -   "", "" -   "", "" -   "", "" -   "", "" -   "", "" -   "", "" -   "", "" - "", "" 79,761,931 "", "" - "", "" 79,761,930.56 "", "" -   "", "" -   "", "" -   "", null, null, null, null, null, null, null, null, null, "" -   "", null]"
wr_masterfile_coa_pl_118,snapshot_istantoro_2022_mar_2026,MASTERFILE COA PL,118,"[""428006"", ""PEND. SFT BRIGUNA PURNA"", ""Managed Services Sales - BRIGUNA"", "" 2,070,159,510 "", "" -   "", "" -   "", "" -   "", "" -   "", "" -   "", "" -   "", "" -   "", "" -   "", "" -   "", "" -   "", "" -   "", "" - "", "" - "", "" - "", "" -   "", "" -   "", "" -   "", "" -   "", null, null, null, null, null, null, null, null, null, "" -   "", null]"
wr_masterfile_coa_pl_119,snapshot_istantoro_2022_mar_2026,MASTERFILE COA PL,119,"[""428007"", ""PEND. SR Klien FINANCE"", ""Managed Services Sales - Lainnya"", "" -   "", "" -   "", "" -   "", "" -   "", "" -   "", "" -   "", "" -   "", "" -   "", "" -   "", "" -   "", "" -   "", "" -   "", "" - "", "" - "", "" - "", "" -   "", "" -   "", "" -   "", "" -   "", null, null, null, null, null, null, null, null, null, "" -   "", null]"
wr_masterfile_coa_pl_120,snapshot_istantoro_2022_mar_2026,MASTERFILE COA PL,120,"[""428008"", ""PEND. DS BNI"", ""Managed Services Sales - Lainnya"", "" 530,210,993 "", "" -   "", "" -   "", "" -   "", "" -   "", "" -   "", "" -   "", "" -   "", "" -   "", "" -   "", "" -   "", "" -   "", "" - "", "" - "", "" - "", "" -   "", "" -   "", "" -   "", "" -   "", null, null, null, null, null, null, null, null, null, "" -   "", null]"
wr_masterfile_coa_pl_121,snapshot_istantoro_2022_mar_2026,MASTERFILE COA PL,121,"[""428009"", ""PEND. DS Klien"", ""Managed Services Sales - Lainnya"", "" -   "", "" -   "", "" -   "", "" -   "", "" -   "", "" -   "", "" -   "", "" -   "", "" -   "", "" -   "", "" -   "", "" -   "", "" - "", "" - "", "" - "", "" -   "", "" -   "", "" -   "", "" -   "", null, null, null, null, null, null, null, null, null, "" -   "", null]"
wr_masterfile_coa_pl_122,snapshot_istantoro_2022_mar_2026,MASTERFILE COA PL,122,"[""429001"", ""PEND. EVENT ORGANIZER"", ""Other Managed Services (QA, E-Arsip, EO)"", "" 3,621,575,398 "", "" 3,736,583,168.96 "", "" 3,050,873,198.65 "", "" 17,250,000 "", "" 71,395,045 "", "" 55,275,000 "", "" 12,600,000 "", "" 90,233,121 "", ""-42,722,000 "", "" -   "", "" 229,549,555 "", "" 89,428,050 "", "" 74,230,000 "", "" - "", "" 12,400,000 "", "" 609,638,771.00 "", "" -   "", "" -   "", "" -   "", null, null, null, null, null, null, null, null, null, "" -   "", null]"
wr_masterfile_coa_pl_123,snapshot_istantoro_2022_mar_2026,MASTERFILE COA PL,123,"[""429002"", ""PEND. WEDDING ORGANIZER"", ""Other Managed Services (QA, E-Arsip, EO)"", "" -   "", "" -   "", "" -   "", "" -   "", "" -   "", "" -   "", "" -   "", "" -   "", "" -   "", "" -   "", "" -   "", "" -   "", "" - "", "" - "", "" - "", "" -   "", "" -   "", "" -   "", "" -   "", null, null, null, null, null, null, null, null, null, "" -   "", null]"
wr_masterfile_coa_pl_124,snapshot_istantoro_2022_mar_2026,MASTERFILE COA PL,124,"[""429003"", ""FEE EVENT ORGANIZER"", ""Other Managed Services (QA, E-Arsip, EO)"", "" 193,317,852 "", "" 77,253,031.15 "", "" 40,090,977.00 "", "" 2,680,000 "", "" 5,525,000 "", "" 11,756,250 "", "" 2,520,000 "", "" 7,672,500 "", ""-8,703,750 "", "" -   "", "" -   "", "" 1,375,500 "", "" 1,063,000 "", "" - "", "" 131,321 "", "" 24,019,821.00 "", "" -   "", "" -   "", "" -   "", null, null, null, null, null, null, null, null, null, "" -   "", null]"
wr_masterfile_coa_pl_125,snapshot_istantoro_2022_mar_2026,MASTERFILE COA PL,125,"[""438000"", ""PENDAPATAN JASA EKSPEDISI"", ""Other Managed Services (QA, E-Arsip, EO)"", "" -   "", "" -   "", "" -   "", "" -   "", "" -   "", "" -   "", "" -   "", "" -   "", "" -   "", "" -   "", "" -   "", "" -   "", "" - "", "" - "", "" - "", "" -   "", "" -   "", "" -   "", "" -   "", null, null, null, null, null, null, null, null, null, "" -   "", null]"
wr_masterfile_coa_pl_126,snapshot_istantoro_2022_mar_2026,MASTERFILE COA PL,126,"[null, ""TOTAL PENDAPATAN BPO - Managed Services"", null, "" 71,663,256,060 "", "" 146,021,564,436.52 "", "" 168,520,811,378.04 "", "" 13,096,772,038 "", "" 15,597,153,691 "", "" 9,872,606,276 "", "" 7,614,427,524 "", "" 12,917,361,510 "", "" 6,886,869,213 "", "" 6,830,258,156 "", "" 8,003,495,986 "", "" 7,276,620,073 "", "" 6,418,257,277 "", "" 7,724,628,808 "", "" 7,625,656,876 "", "" 109,864,107,426.36 "", "" 7,781,805,930 "", "" 5,468,644,360 "", "" 5,871,521,732 "", null, null, null, null, null, null, null, null, null, "" 19,121,972,022 "", null]"
wr_masterfile_coa_pl_127,snapshot_istantoro_2022_mar_2026,MASTERFILE COA PL,127,"[null, null, null, "" -   "", "" -   "", "" -   "", "" -   "", "" -   "", "" -   "", "" -   "", "" -   "", "" -   "", "" -   "", "" -   "", "" -   "", "" - "", "" - "", "" - "", "" -   "", "" -   "", "" -   "", null, null, null, null, null, null, null, null, null, null, "" -   "", null]"
wr_masterfile_coa_pl_128,snapshot_istantoro_2022_mar_2026,MASTERFILE COA PL,128,"[""441000"", ""PENDAPATAN SEWA KENDARAAN"", ""Borongan Kendaraan"", "" 1,334,264,825 "", "" 726,449,540.00 "", "" 394,809,709.43 "", "" 15,174,312 "", "" 6,000,000 "", "" 6,000,000 "", "" 6,000,000 "", "" 6,000,000 "", "" 6,000,000 "", "" 6,000,000 "", "" 6,000,000 "", "" 6,000,000 "", "" 6,000,000 "", "" 6,000,000 "", "" 33,300,000 "", "" 108,474,312.00 "", "" 6,000,000 "", "" -   "", "" -   "", null, null, null, null, null, null, null, null, null, "" 6,000,000 "", null]"
wr_masterfile_coa_pl_129,snapshot_istantoro_2022_mar_2026,MASTERFILE COA PL,129,"[""442000"", ""PENDAPATAN GAJI DRIVER"", ""Borongan Kendaraan"", "" -   "", "" -   "", "" -   "", "" -   "", "" -   "", "" -   "", "" -   "", "" -   "", "" -   "", "" -   "", "" -   "", "" -   "", "" - "", "" - "", "" - "", "" -   "", "" -   "", "" -   "", "" -   "", null, null, null, null, null, null, null, null, null, "" -   "", null]"
wr_masterfile_coa_pl_130,snapshot_istantoro_2022_mar_2026,MASTERFILE COA PL,130,"[""443000"", ""PENDAPATAN FEE DRIVER SEWA"", ""Borongan Kendaraan"", "" -   "", "" -   "", "" -   "", "" -   "", "" -   "", "" -   "", "" -   "", "" -   "", "" -   "", "" -   "", "" -   "", "" -   "", "" - "", "" - "", "" - "", "" -   "", "" -   "", "" -   "", "" -   "", null, null, null, null, null, null, null, null, null, "" -   "", null]"
wr_masterfile_coa_pl_131,snapshot_istantoro_2022_mar_2026,MASTERFILE COA PL,131,"[""444000"", ""PENDAPATAN TUNJ TETAP"", ""Tenaga Kerja Borongan"", "" -   "", "" -   "", "" -   "", "" -   "", "" -   "", "" -   "", "" -   "", "" -   "", "" -   "", "" -   "", "" -   "", "" -   "", "" - "", "" - "", "" - "", "" -   "", "" -   "", "" -   "", "" -   "", null, null, null, null, null, null, null, null, null, "" -   "", null]"
wr_masterfile_coa_pl_132,snapshot_istantoro_2022_mar_2026,MASTERFILE COA PL,132,"[""445000"", ""PENDAPATAN THRK"", ""Tenaga Kerja Borongan"", "" 123,395,596 "", "" -   "", "" -   "", "" -   "", "" -   "", "" -   "", "" -   "", "" -   "", "" -   "", "" -   "", "" -   "", "" -   "", "" - "", "" - "", "" - "", "" -   "", "" -   "", "" -   "", "" -   "", null, null, null, null, null, null, null, null, null, "" -   "", null]"
wr_masterfile_coa_pl_133,snapshot_istantoro_2022_mar_2026,MASTERFILE COA PL,133,"[""446000"", ""PENDAPATAN TUNJ BPJS KETENAGAKERJAAN"", ""Tenaga Kerja Borongan"", "" 7,713,305 "", "" -   "", "" -   "", "" -   "", "" -   "", "" 2,207,711 "", "" -   "", "" -   "", "" -   "", "" 968,333 "", "" -   "", "" -   "", "" - "", "" - "", "" - "", "" 3,176,043.60 "", "" -   "", "" -   "", "" -   "", null, null, null, null, null, null, null, null, null, "" -   "", null]"
wr_masterfile_coa_pl_134,snapshot_istantoro_2022_mar_2026,MASTERFILE COA PL,134,"[""447100"", ""PENDAPATAN TUNJ BPJS KESEHATAN"", ""Tenaga Kerja Borongan"", "" 6,835,203 "", "" -   "", "" -   "", "" -   "", "" -   "", "" 1,415,199 "", "" -   "", "" -   "", "" -   "", "" 620,726 "", "" -   "", "" -   "", "" - "", "" - "", "" - "", "" 2,035,924.68 "", "" -   "", "" -   "", "" -   "", null, null, null, null, null, null, null, null, null, "" -   "", null]"
wr_masterfile_coa_pl_135,snapshot_istantoro_2022_mar_2026,MASTERFILE COA PL,135,"[""447200"", ""PENDAPATAN TUNJ LAIN"", ""Tenaga Kerja Borongan"", "" 605,854,144 "", "" 746,512,521.50 "", "" 11,723,203.60 "", "" -   "", "" -   "", "" -   "", "" -   "", "" -   "", "" -   "", "" -   "", "" -   "", "" -   "", "" - "", "" - "", "" 7,365,000 "", "" 7,365,000.00 "", "" -   "", "" -   "", "" 7,328,491 "", null, null, null, null, null, null, null, null, null, "" 7,328,491 "", null]"
wr_masterfile_coa_pl_136,snapshot_istantoro_2022_mar_2026,MASTERFILE COA PL,136,"[""447300"", ""PENDAPATAN TUNJ TIDAK TETAP"", ""Tenaga Kerja Borongan"", "" -   "", "" -   "", "" -   "", "" -   "", "" -   "", "" -   "", "" -   "", "" -   "", "" -   "", "" -   "", "" -   "", "" -   "", "" - "", "" - "", "" - "", "" -   "", "" -   "", "" -   "", "" -   "", null, null, null, null, null, null, null, null, null, "" -   "", null]"
wr_masterfile_coa_pl_137,snapshot_istantoro_2022_mar_2026,MASTERFILE COA PL,137,"[""447400"", ""PENDAPATAN LEMBUR"", ""Tenaga Kerja Borongan"", "" 28,787,782 "", "" 2,740,135.00 "", "" -   "", "" 101,599 "", "" -   "", "" 1,450,000 "", "" 37,809,763 "", "" -   "", "" 1,804,339 "", "" -   "", "" 2,139,891 "", "" -   "", "" - "", "" - "", "" - "", "" 43,305,591.70 "", "" -   "", "" -   "", "" -   "", null, null, null, null, null, null, null, null, null, "" -   "", null]"
wr_masterfile_coa_pl_138,snapshot_istantoro_2022_mar_2026,MASTERFILE COA PL,138,"[""447500"", ""PENDAPATAN FLEET MANAJEMEN"", ""Borongan Kendaraan"", "" -   "", "" -   "", "" -   "", "" -   "", "" -   "", "" -   "", "" -   "", "" -   "", "" -   "", "" -   "", "" -   "", "" -   "", "" - "", "" - "", "" - "", "" -   "", "" -   "", "" -   "", "" -   "", null, null, null, null, null, null, null, null, null, "" -   "", null]"
wr_masterfile_coa_pl_139,snapshot_istantoro_2022_mar_2026,MASTERFILE COA PL,139,"[""450000"", ""PENDAPATAN SEWA KENDARAAN HARIAN"", ""Borongan Kendaraan"", "" 79,626,500 "", "" 42,170,000.00 "", "" 6,750,000.00 "", "" -   "", "" 18,950,000 "", "" -   "", "" 5,200,000 "", "" 6,779,000 "", "" 34,221,000 "", "" -   "", "" 10,000,000 "", "" -   "", "" 27,700,000 "", "" - "", "" - "", "" 102,850,000.00 "", "" -   "", "" 13,000,000 "", "" -   "", null, null, null, null, null, null, null, null, null, "" 13,000,000 "", null]"
wr_masterfile_coa_pl_140,snapshot_istantoro_2022_mar_2026,MASTERFILE COA PL,140,"[""431000"", ""PENDAPATAN JASA BORONGAN LAINNYA"", ""Borongan Lainnya"", "" -   "", "" -   "", "" -   "", "" -   "", "" -   "", "" -   "", "" -   "", "" -   "", "" -   "", "" -   "", "" -   "", "" -   "", "" - "", "" - "", "" - "", "" -   "", "" -   "", "" -   "", "" -   "", null, null, null, null, null, null, null, null, null, "" -   "", null]"
wr_masterfile_coa_pl_141,snapshot_istantoro_2022_mar_2026,MASTERFILE COA PL,141,"[""432000"", ""PENDAPATAN PRODUK AKTIVASI BARU"", ""Borongan Lainnya"", "" -   "", "" -   "", "" -   "", "" -   "", "" -   "", "" -   "", "" -   "", "" -   "", "" -   "", "" -   "", "" -   "", "" -   "", "" - "", "" - "", "" - "", "" -   "", "" -   "", "" -   "", "" -   "", null, null, null, null, null, null, null, null, null, "" -   "", null]"
wr_masterfile_coa_pl_142,snapshot_istantoro_2022_mar_2026,MASTERFILE COA PL,142,"[""432100"", ""PENDAPATAN FEE PTPN VII DISTRIK BUNGA MAYANG"", ""Borongan Lainnya"", "" -   "", "" -   "", "" -   "", "" -   "", "" -   "", "" -   "", "" -   "", "" -   "", "" -   "", "" -   "", "" -   "", "" -   "", "" - "", "" - "", "" - "", "" -   "", "" -   "", "" -   "", "" -   "", null, null, null, null, null, null, null, null, null, "" -   "", null]"
wr_masterfile_coa_pl_143,snapshot_istantoro_2022_mar_2026,MASTERFILE COA PL,143,"[""433000"", ""PENDAPATAN PRODUK AKTIVASI BARU (PILOT PROJECT)"", ""Borongan Lainnya"", "" -   "", "" -   "", "" -   "", "" -   "", "" -   "", "" -   "", "" -   "", "" -   "", "" -   "", "" -   "", "" -   "", "" -   "", "" - "", "" - "", "" - "", "" -   "", "" -   "", "" -   "", "" -   "", null, null, null, null, null, null, null, null, null, "" -   "", null]"
wr_masterfile_coa_pl_144,snapshot_istantoro_2022_mar_2026,MASTERFILE COA PL,144,"[""434000"", ""PENDAPATAN TENAGA LOADING (BONGKAR MUAT DAN TEBANG ANGKUT)"", ""Borongan Lainnya"", "" -   "", "" -   "", "" -   "", "" -   "", "" -   "", "" -   "", "" -   "", "" -   "", "" -   "", "" -   "", "" -   "", "" -   "", "" - "", "" - "", "" - "", "" -   "", "" -   "", "" -   "", "" -   "", null, null, null, null, null, null, null, null, null, "" -   "", null]"
wr_masterfile_coa_pl_145,snapshot_istantoro_2022_mar_2026,MASTERFILE COA PL,145,"[""434100"", ""PENDAPATAN FEE PT MALINDO FEEDMILL"", ""Borongan Lainnya"", "" -   "", "" -   "", "" -   "", "" -   "", "" -   "", "" -   "", "" -   "", "" -   "", "" -   "", "" -   "", "" -   "", "" -   "", "" - "", "" - "", "" - "", "" -   "", "" -   "", "" -   "", "" -   "", null, null, null, null, null, null, null, null, null, "" -   "", null]"
wr_masterfile_coa_pl_146,snapshot_istantoro_2022_mar_2026,MASTERFILE COA PL,146,"[""435000"", ""PENDAPATAN POKOK JASA PERAWATAN ATM"", ""Perawatan ATM"", "" 111,029,240 "", "" -   "", "" -   "", "" -   "", "" -   "", "" -   "", "" -   "", "" -   "", "" -   "", "" -   "", "" -   "", "" -   "", "" - "", "" - "", "" - "", "" -   "", "" 30,000,000 "", "" -   "", "" -   "", null, null, null, null, null, null, null, null, null, "" 30,000,000 "", null]"
wr_masterfile_coa_pl_147,snapshot_istantoro_2022_mar_2026,MASTERFILE COA PL,147,"[""436000"", ""PENDAPATAN Klien 2"", ""Borongan Klien"", "" -   "", "" -   "", "" -   "", "" -   "", "" -   "", "" -   "", "" -   "", "" -   "", "" -   "", "" -   "", "" -   "", "" -   "", "" - "", "" - "", "" - "", "" -   "", "" -   "", "" -   "", "" -   "", null, null, null, null, null, null, null, null, null, "" -   "", null]"
wr_masterfile_coa_pl_148,snapshot_istantoro_2022_mar_2026,MASTERFILE COA PL,148,"[""436100"", ""PENDAPATAN FEE Klien 2"", ""Borongan Klien"", "" -   "", "" -   "", "" -   "", "" -   "", "" -   "", "" -   "", "" -   "", "" -   "", "" -   "", "" -   "", "" -   "", "" -   "", "" - "", "" - "", "" - "", "" -   "", "" -   "", "" -   "", "" -   "", null, null, null, null, null, null, null, null, null, "" -   "", null]"
wr_masterfile_coa_pl_149,snapshot_istantoro_2022_mar_2026,MASTERFILE COA PL,149,"[""437000"", ""PENDAPATAN BORONGAN"", ""Borongan Lainnya"", "" -   "", "" -   "", "" -   "", "" -   "", "" -   "", "" -   "", "" -   "", "" -   "", "" -   "", "" -   "", "" -   "", "" -   "", "" - "", "" - "", "" - "", "" -   "", "" -   "", "" -   "", "" -   "", null, null, null, null, null, null, null, null, null, "" -   "", null]"
wr_masterfile_coa_pl_150,snapshot_istantoro_2022_mar_2026,MASTERFILE COA PL,150,"[""437100"", ""PENDAPATAN FEE BORONGAN"", ""Borongan Lainnya"", "" 3,516,704,396 "", "" 9,904,460,961.11 "", "" 9,364,497,840.97 "", "" 714,060,359 "", "" 671,114,552 "", "" 815,971,198 "", "" 629,139,989 "", "" 641,490,526 "", "" 590,130,652 "", "" 638,154,539 "", "" 582,554,661 "", "" 526,694,834 "", "" 625,312,573 "", "" 508,357,015 "", "" 616,998,419 "", "" 7,559,979,318.92 "", "" 496,305,446 "", "" 442,685,343 "", "" 663,900,950 "", null, null, null, null, null, null, null, null, null, "" 1,602,891,739 "", null]"
wr_masterfile_coa_pl_151,snapshot_istantoro_2022_mar_2026,MASTERFILE COA PL,151,"[""439001"", ""PENDAPATAN DPLK (PEMBORONGAN)"", ""Tenaga Kerja Borongan"", "" 1,975,000 "", "" -   "", "" -   "", "" -   "", "" -   "", "" -   "", "" -   "", "" -   "", "" -   "", "" -   "", "" -   "", "" -   "", "" - "", "" - "", "" - "", "" -   "", "" -   "", "" -   "", "" -   "", null, null, null, null, null, null, null, null, null, "" -   "", null]"
wr_masterfile_coa_pl_152,snapshot_istantoro_2022_mar_2026,MASTERFILE COA PL,152,"[""439002"", ""PENDAPATAN TUNJ PESANGON/UANG PISAH/KOMPENSASI (PEMBORONGAN)"", ""Tenaga Kerja Borongan"", "" 4,351,470,884 "", "" 4,508,910,019.58 "", "" 4,622,523,788.24 "", "" 321,390,126 "", "" 235,305,590 "", "" 424,393,191 "", "" 298,486,887 "", "" 220,818,770 "", "" 305,003,492 "", "" 531,821,606 "", "" 1,117,635,651 "", "" 291,566,581 "", "" 864,383,835 "", "" 250,871,883 "", "" 807,772,046 "", "" 5,669,449,658.73 "", "" 307,499,202 "", "" 847,097,724 "", "" 481,716,564 "", null, null, null, null, null, null, null, null, null, "" 1,636,313,490 "", null]"
wr_masterfile_coa_pl_153,snapshot_istantoro_2022_mar_2026,MASTERFILE COA PL,153,"[""461000"", ""Pendapatan Upah pekerja borongan"", ""Tenaga Kerja Borongan"", "" 46,353,034,680 "", "" 117,159,017,337.61 "", "" 73,281,673,929.08 "", "" 6,183,697,751 "", "" 6,912,732,937 "", "" 7,294,069,169 "", "" 5,917,330,726 "", "" 5,632,562,473 "", "" 5,868,953,914 "", "" 6,153,463,322 "", "" 5,747,962,656 "", "" 5,565,091,046 "", "" 6,391,976,513 "", "" 4,357,584,617 "", "" 5,814,074,384 "", "" 71,839,499,508.77 "", "" 4,677,905,639 "", "" 4,293,099,336 "", "" 7,048,293,560 "", null, null, null, null, null, null, null, null, null, "" 16,019,298,535 "", null]"
wr_masterfile_coa_pl_154,snapshot_istantoro_2022_mar_2026,MASTERFILE COA PL,154,"[""461100"", ""Pendapatan Tunj Pekerja Borongan"", ""Tenaga Kerja Borongan"", "" 8,062,857,783 "", "" 13,879,245,012.86 "", "" 10,934,681,219.97 "", "" 859,033,079 "", "" 785,277,357 "", "" 731,082,543 "", "" 778,196,713 "", "" 680,295,220 "", "" 746,260,578 "", "" 793,032,335 "", "" 681,912,180 "", "" 741,358,254 "", "" 783,961,855 "", "" 694,896,074 "", "" 764,332,570 "", "" 9,039,638,758.75 "", "" 593,622,814 "", "" 565,014,330 "", "" 570,904,935 "", null, null, null, null, null, null, null, null, null, "" 1,729,542,079 "", null]"
wr_masterfile_coa_pl_155,snapshot_istantoro_2022_mar_2026,MASTERFILE COA PL,155,"[""461101"", ""Pendapatan Tunj Premiun Borongan"", ""Tenaga Kerja Borongan"", "" -   "", "" 1,362,899,761.76 "", "" 3,236,644,824.35 "", "" 244,390,256 "", "" 62,517,722 "", "" 90,552,104 "", "" 81,523,665 "", "" 475,625,744 "", "" 38,127,902 "", "" 33,422,722 "", "" 37,062,325 "", "" 37,850,182 "", "" 335,585,182 "", "" 1,539,967,680 "", "" 384,907,050 "", "" 3,361,532,533.53 "", "" 378,242,722 "", "" 380,972,722 "", "" 332,569,540 "", null, null, null, null, null, null, null, null, null, "" 1,091,784,984 "", null]"
wr_masterfile_coa_pl_156,snapshot_istantoro_2022_mar_2026,MASTERFILE COA PL,156,"[""461110"", ""Pendapatan Bonus / Insentif Pekerja Borongan"", ""Tenaga Kerja Borongan"", "" -   "", "" 75,218,759.00 "", "" 114,876,673.00 "", "" -   "", "" -   "", "" 15,006,923 "", "" -   "", "" -   "", "" 968,868,934 "", "" -   "", "" -   "", "" 2,967,039 "", "" 12,385,526 "", "" - "", "" 60,329,428 "", "" 1,059,557,850.47 "", "" 5,000,000 "", "" 924,394 "", "" 16,465,724 "", null, null, null, null, null, null, null, null, null, "" 22,390,118 "", null]"
wr_masterfile_coa_pl_157,snapshot_istantoro_2022_mar_2026,MASTERFILE COA PL,157,"[""461200"", ""Pendapatan Lembur Pekerja Borongan"", ""Tenaga Kerja Borongan"", "" 4,852,166,762 "", "" 8,014,886,606.27 "", "" 29,590,991,118.29 "", "" 994,350,972 "", "" 1,232,149,257 "", "" 960,827,512 "", "" 1,083,555,552 "", "" 1,031,343,061 "", "" 1,194,720,590 "", "" 1,256,200,338 "", "" 1,041,313,782 "", "" 1,122,775,539 "", "" 1,063,630,785 "", "" 975,687,866 "", "" 1,116,895,789 "", "" 13,073,451,043.55 "", "" 903,711,445 "", "" 868,694,724 "", "" 1,163,608,887 "", null, null, null, null, null, null, null, null, null, "" 2,936,015,056 "", null]"
wr_masterfile_coa_pl_158,snapshot_istantoro_2022_mar_2026,MASTERFILE COA PL,158,"[""461300"", ""Pendapatan Tunj BPJS Kesehatan Pekerja Borongan"", ""Tenaga Kerja Borongan"", "" 1,940,507,631 "", "" 2,526,929,877.63 "", "" 2,804,305,946.51 "", "" 269,382,911 "", "" 286,351,318 "", "" 317,580,775 "", "" 273,089,271 "", "" 230,000,802 "", "" 263,782,771 "", "" 288,765,717 "", "" 270,023,046 "", "" 270,092,616 "", "" 297,032,083 "", "" 215,740,710 "", "" 264,999,594 "", "" 3,246,841,614.75 "", "" 223,129,079 "", "" 202,013,893 "", "" 315,299,298 "", null, null, null, null, null, null, null, null, null, "" 740,442,270 "", null]"
wr_masterfile_coa_pl_159,snapshot_istantoro_2022_mar_2026,MASTERFILE COA PL,159,"[""461301"", ""Pendapatan Tunj Kesehatan (Askes) Non BPJS"", ""Tenaga Kerja Borongan"", "" -   "", "" 27,800,899.60 "", "" 45,290,000.00 "", "" 600,000 "", "" -   "", "" -   "", "" -   "", "" -   "", "" 30,806,303 "", "" 7,527,782 "", "" 31,013,847 "", "" 33,250,963 "", "" 32,058,484 "", "" 32,058,484 "", "" 31,955,614 "", "" 199,271,477.30 "", "" 35,863,083 "", "" -   "", "" -   "", null, null, null, null, null, null, null, null, null, "" 35,863,083 "", null]"
wr_masterfile_coa_pl_160,snapshot_istantoro_2022_mar_2026,MASTERFILE COA PL,160,"[""461400"", ""Pendapatan Tunj BPJS TK Pekerja Borongan"", ""Tenaga Kerja Borongan"", "" 3,230,256,246 "", "" 4,155,580,551.22 "", "" 4,551,992,688.02 "", "" 432,046,374 "", "" 450,759,918 "", "" 477,302,058 "", "" 405,115,401 "", "" 339,546,656 "", "" 383,751,301 "", "" 397,246,140 "", "" 404,644,942 "", "" 403,851,910 "", "" 437,267,275 "", "" 342,767,604 "", "" 421,605,429 "", "" 4,895,905,009.03 "", "" 361,892,469 "", "" 328,886,646 "", "" 506,174,899 "", null, null, null, null, null, null, null, null, null, "" 1,196,954,014 "", null]"
wr_masterfile_coa_pl_161,snapshot_istantoro_2022_mar_2026,MASTERFILE COA PL,161,"[""461500"", ""Pendapatan Tunj THRK Pekerja Borongan"", ""Tenaga Kerja Borongan"", "" 2,318,983,717 "", "" 8,307,621,807.67 "", "" 5,333,451,829.37 "", "" 296,838,051 "", "" 290,450,202 "", "" 1,442,168,209 "", "" 344,645,975 "", "" 273,049,607 "", "" 310,855,306 "", "" 304,188,021 "", "" 309,756,389 "", "" 317,706,244 "", "" 734,288,339 "", "" 252,976,025 "", "" 382,970,406 "", "" 5,259,892,774.95 "", "" 277,462,277 "", "" 260,463,493 "", "" 1,272,213,012 "", null, null, null, null, null, null, null, null, null, "" 1,810,138,783 "", null]"
wr_masterfile_coa_pl_162,snapshot_istantoro_2022_mar_2026,MASTERFILE COA PL,162,"[""461600"", ""Pendapatan Pengganti Sementara Pekerja Borongan"", ""Tenaga Kerja Borongan"", "" 561,960,907 "", "" 2,167,567,189.82 "", "" 2,207,772,263.90 "", "" 280,759,112 "", "" 287,252,725 "", "" 266,151,823 "", "" 306,418,504 "", "" 212,025,448 "", "" 196,306,669 "", "" 332,536,520 "", "" 272,586,128 "", "" 364,054,867 "", "" 371,958,046 "", "" 396,123,557 "", "" 105,931,912 "", "" 3,392,105,309.31 "", "" 33,785,509 "", "" 26,576,074 "", "" 20,241,430 "", null, null, null, null, null, null, null, null, null, "" 80,603,013 "", null]"
wr_masterfile_coa_pl_163,snapshot_istantoro_2022_mar_2026,MASTERFILE COA PL,163,"[""462100"", ""Pendapatan Seragam Pekerja Borongan"", ""Tenaga Kerja Borongan"", "" 2,118,340,642 "", "" 1,839,676,127.07 "", "" 1,872,371,482.22 "", "" 105,561,988 "", "" 112,629,491 "", "" 135,844,908 "", "" 128,181,084 "", "" 140,876,997 "", "" 184,235,237 "", "" 206,928,737 "", "" 31,834,902 "", "" 107,299,499 "", "" 113,403,749 "", "" 127,537,754 "", "" 104,037,745 "", "" 1,498,372,093.14 "", "" 90,096,759 "", "" 79,811,056 "", "" 68,868,556 "", null, null, null, null, null, null, null, null, null, "" 238,776,371 "", null]"
wr_masterfile_coa_pl_164,snapshot_istantoro_2022_mar_2026,MASTERFILE COA PL,164,"[""462200"", ""Pendapatan Peralatan dan Bahan Borongan"", ""Tenaga Kerja Borongan"", "" 2,418,434,605 "", "" 4,384,874,599.15 "", "" 6,093,550,078.56 "", "" 319,233,615 "", "" 332,527,497 "", "" 273,123,457 "", "" 263,697,940 "", "" 234,846,482 "", "" 239,390,736 "", "" 232,711,324 "", "" 152,817,627 "", "" 158,818,755 "", "" 148,440,785 "", "" 122,686,486 "", "" 403,128,730 "", "" 2,881,423,432.52 "", "" 102,569,499 "", "" 110,507,258 "", "" 103,815,922 "", null, null, null, null, null, null, null, null, null, "" 316,892,679 "", null]"
wr_masterfile_coa_pl_165,snapshot_istantoro_2022_mar_2026,MASTERFILE COA PL,165,"[""462300"", ""Pendapatan General Cleaning"", ""Facility Services"", "" 7,470,409,838 "", "" 17,573,463,938.46 "", "" 4,204,694,493.00 "", "" 302,188,111 "", "" 230,200,000 "", "" 9,343,750 "", "" -   "", "" 57,105,000 "", "" 11,047,500 "", "" 90,109,000 "", "" 1,471,935 "", "" 52,499,194 "", "" 20,530,000 "", "" 9,133,284 "", "" 60,000,000 "", "" 843,627,774.00 "", "" 10,500,000 "", "" 19,288,000 "", "" 51,255,000 "", null, null, null, null, null, null, null, null, null, "" 81,043,000 "", null]"
wr_masterfile_coa_pl_166,snapshot_istantoro_2022_mar_2026,MASTERFILE COA PL,166,"[""462400"", ""Pendapatan Pest Manajemen"", ""Facility Services"", "" 581,577,466 "", "" 72,322,200.00 "", "" 15,330,000.00 "", "" -   "", "" -   "", "" 2,578,741 "", "" -   "", "" -   "", "" -   "", "" -   "", "" -   "", "" -   "", "" - "", "" - "", "" - "", "" 2,578,740.58 "", "" -   "", "" 8,500,000 "", "" -   "", null, null, null, null, null, null, null, null, null, "" 8,500,000 "", null]"
wr_masterfile_coa_pl_167,snapshot_istantoro_2022_mar_2026,MASTERFILE COA PL,167,"[""462500"", ""Pendapatan Landscape"", ""Facility Services"", "" -   "", "" -   "", "" -   "", "" -   "", "" -   "", "" -   "", "" -   "", "" -   "", "" -   "", "" -   "", "" -   "", "" -   "", "" - "", "" - "", "" - "", "" -   "", "" -   "", "" -   "", "" -   "", null, null, null, null, null, null, null, null, null, "" -   "", null]"
wr_masterfile_coa_pl_168,snapshot_istantoro_2022_mar_2026,MASTERFILE COA PL,168,"[""462600"", ""Pendapatan Mechanical dan Electrical"", ""Facility Services"", "" 442,429,755 "", "" 273,766,077.06 "", "" 66,559,955.00 "", "" -   "", "" 12,960,000 "", "" 7,267,500 "", "" 7,267,500 "", "" 10,800,000 "", "" 10,800,000 "", "" 11,587,500 "", "" 10,800,000 "", "" 10,800,000 "", "" 10,800,000 "", "" 10,800,000 "", "" 10,800,000 "", "" 114,682,500.00 "", "" 10,800,000 "", "" 2,448,000 "", "" 2,448,000 "", null, null, null, null, null, null, null, null, null, "" 15,696,000 "", null]"
wr_masterfile_coa_pl_169,snapshot_istantoro_2022_mar_2026,MASTERFILE COA PL,169,"[""462700"", ""Pendapatan Maintenance (Cleaning Service, Teknisi)"", ""Facility Services"", "" 115,195,500 "", "" 51,047,000.00 "", "" 7,525,000.00 "", "" -   "", "" -   "", "" 269,190,000 "", "" -   "", "" -   "", "" -   "", "" -   "", "" -   "", "" -   "", "" - "", "" - "", "" 1,575,000 "", "" 270,765,000.00 "", "" 787,500 "", "" -   "", "" -   "", null, null, null, null, null, null, null, null, null, "" 787,500 "", null]"
wr_masterfile_coa_pl_170,snapshot_istantoro_2022_mar_2026,MASTERFILE COA PL,170,"[""462800"", ""Pendapatan Tunj Tidak Tetap Pekerja Borongan"", ""Tenaga Kerja Borongan"", "" 1,459,019,480 "", "" 93,253,853.00 "", "" 51,789,768.87 "", "" 750,000 "", "" 11,550,000 "", "" 12,160,000 "", "" 3,160,000 "", "" 6,495,000 "", "" 6,495,000 "", "" 3,105,000 "", "" 4,500,000 "", "" 3,735,000 "", "" 3,105,000 "", "" 2,700,000 "", "" 2,835,000 "", "" 60,590,000.00 "", "" 2,700,000 "", "" 5,516,986 "", "" 2,295,000 "", null, null, null, null, null, null, null, null, null, "" 10,511,986 "", null]"
wr_masterfile_coa_pl_171,snapshot_istantoro_2022_mar_2026,MASTERFILE COA PL,171,"[""462801"", ""Pendapatan Tunj Lain"", ""Tenaga Kerja Borongan"", "" 6,268,307,475 "", "" 3,319,093,086.87 "", "" 3,571,125,771.15 "", "" 202,893,991 "", "" 179,603,049 "", "" 237,100,901 "", "" 196,347,640 "", "" 155,154,078 "", "" 131,528,500 "", "" 130,470,488 "", "" 86,175,709 "", "" 104,869,934 "", "" 110,019,614 "", "" 95,506,982 "", "" 96,790,713 "", "" 1,726,461,599.10 "", "" 138,015,508 "", "" 85,228,238 "", "" 77,825,507 "", null, null, null, null, null, null, null, null, null, "" 301,069,253 "", null]"
wr_masterfile_coa_pl_172,snapshot_istantoro_2022_mar_2026,MASTERFILE COA PL,172,"[""462900"", ""Pendapatan Koordinator Pekerja Borongan"", ""Tenaga Kerja Borongan"", "" 416,817,716 "", "" 531,615,287.69 "", "" 487,450,341.09 "", "" 41,728,574 "", "" 60,988,415 "", "" 44,267,017 "", "" 67,069,467 "", "" 57,994,686 "", "" 56,653,947 "", "" 59,861,951 "", "" 55,857,333 "", "" 37,413,724 "", "" 54,175,853 "", "" 28,217,096 "", "" 48,446,828 "", "" 612,674,892.59 "", "" 33,963,251 "", "" 32,697,524 "", "" 102,999,783 "", null, null, null, null, null, null, null, null, null, "" 169,660,558 "", null]"
wr_masterfile_coa_pl_173,snapshot_istantoro_2022_mar_2026,MASTERFILE COA PL,173,"[""463000"", ""Pendapatan Management Fee Borongan/BPO"", ""Borongan Lainnya"", "" -   "", "" -   "", "" -   "", "" -   "", "" -   "", "" -   "", "" -   "", "" -   "", "" -   "", "" -   "", "" -   "", "" -   "", "" - "", "" - "", "" - "", "" -   "", "" -   "", "" -   "", "" -   "", null, null, null, null, null, null, null, null, null, "" -   "", null]"
wr_masterfile_coa_pl_174,snapshot_istantoro_2022_mar_2026,MASTERFILE COA PL,174,"[""463100"", ""PENDAPATAN PROJECT"", ""Borongan Lainnya"", "" -   "", "" 5,479,310,537.63 "", "" 13,327,657,974.15 "", "" 1,488,974,549 "", "" 1,418,045,045 "", "" 1,418,045,045 "", "" -   "", "" -   "", "" -   "", "" -   "", "" -   "", "" -   "", "" - "", "" - "", "" - "", "" 4,325,064,639.00 "", "" -   "", "" -   "", "" -   "", null, null, null, null, null, null, null, null, null, "" -   "", null]"
wr_masterfile_coa_pl_175,snapshot_istantoro_2022_mar_2026,MASTERFILE COA PL,175,"[""471000"", ""Pendapatan Konsultan Security"", ""Borongan Lainnya"", "" -   "", "" -   "", "" -   "", "" -   "", "" -   "", "" -   "", "" -   "", "" -   "", "" -   "", "" -   "", "" -   "", "" -   "", "" - "", "" - "", "" - "", "" -   "", "" -   "", "" -   "", "" -   "", null, null, null, null, null, null, null, null, null, "" -   "", null]"
wr_masterfile_coa_pl_176,snapshot_istantoro_2022_mar_2026,MASTERFILE COA PL,176,"[""472000"", ""Pendapatan Management Fee"", ""Borongan Lainnya"", "" 471,116,995 "", "" 233,733,529.55 "", "" 10,739,352.50 "", "" -   "", "" -   "", "" 1,250,380 "", "" 1,471,890 "", "" 5,282,027 "", "" -   "", "" -   "", "" 9,538,316 "", "" 4,286,569 "", "" 6,766,902 "", "" - "", "" 359,364 "", "" 28,955,448.49 "", "" -   "", "" -   "", "" -   "", null, null, null, null, null, null, null, null, null, "" -   "", null]"
wr_masterfile_coa_pl_177,snapshot_istantoro_2022_mar_2026,MASTERFILE COA PL,177,"[""800001"", ""PENDAPATAN PT SINAR MAS GROUP"", ""Borongan Lainnya"", "" -   "", "" -   "", "" -   "", "" -   "", "" -   "", "" -   "", "" -   "", "" -   "", "" -   "", "" -   "", "" -   "", "" -   "", "" - "", "" - "", "" - "", "" -   "", "" -   "", "" -   "", "" -   "", null, null, null, null, null, null, null, null, null, "" -   "", null]"
wr_masterfile_coa_pl_178,snapshot_istantoro_2022_mar_2026,MASTERFILE COA PL,178,"[null, ""TOTAL PENDAPATAN BPO - Pemborongan"", null, "" 99,249,074,074 "", "" 207,460,167,217.11 "", "" 176,210,779,251.27 "", "" 13,073,155,730 "", "" 13,597,365,074 "", "" 15,256,350,114 "", "" 10,833,707,966 "", "" 10,418,091,579 "", "" 11,579,744,672 "", "" 11,478,722,102 "", "" 10,867,601,321 "", "" 10,162,982,749 "", "" 12,450,782,400 "", "" 9,969,613,119 "", "" 11,541,411,022 "", "" 141,229,527,849.46 "", "" 8,719,852,201 "", "" 8,573,425,741 "", "" 12,808,225,058 "", null, null, null, null, null, null, null, null, null, "" 30,101,502,999 "", null]"
wr_masterfile_coa_pl_179,snapshot_istantoro_2022_mar_2026,MASTERFILE COA PL,179,"[null, null, null, "" -   "", "" -   "", "" -   "", "" -   "", "" -   "", "" -   "", "" -   "", "" -   "", "" -   "", "" -   "", "" -   "", "" -   "", "" - "", "" - "", "" - "", "" -   "", "" -   "", "" -   "", null, null, null, null, null, null, null, null, null, null, "" -   "", null]"
wr_masterfile_coa_pl_180,snapshot_istantoro_2022_mar_2026,MASTERFILE COA PL,180,"[null, ""PENDAPATAN BPO (BUSINESS PROCESS OUTSOURCING)"", null, "" 170,912,330,134 "", "" 353,481,731,653.63 "", "" 344,731,590,629.31 "", "" 26,169,927,768 "", "" 29,194,518,765 "", "" 25,128,956,389 "", "" 18,448,135,490 "", "" 23,335,453,089 "", "" 18,466,613,885 "", "" 18,308,980,259 "", "" 18,871,097,307 "", "" 17,439,602,822 "", "" 18,869,039,677 "", "" 17,694,241,927 "", "" 19,167,067,898 "", "" 251,093,635,275.82 "", "" 16,501,658,131 "", "" 14,042,070,101 "", "" 18,679,746,790 "", null, null, null, null, null, null, null, null, null, "" 49,223,475,021 "", null]"
wr_masterfile_coa_pl_181,snapshot_istantoro_2022_mar_2026,MASTERFILE COA PL,181,"[null, null, null, "" -   "", "" -   "", "" -   "", "" -   "", "" -   "", "" -   "", "" -   "", "" -   "", "" -   "", "" -   "", "" -   "", "" -   "", "" - "", "" - "", "" - "", "" -   "", "" -   "", "" -   "", null, null, null, null, null, null, null, null, null, null, "" -   "", null]"
wr_masterfile_coa_pl_182,snapshot_istantoro_2022_mar_2026,MASTERFILE COA PL,182,"[null, ""PENDAPATAN KNOWLEDGE PROCESS OUTSOURCING"", null, "" -   "", "" -   "", "" -   "", "" -   "", "" -   "", "" -   "", "" -   "", "" -   "", "" -   "", "" -   "", "" -   "", "" -   "", "" - "", "" - "", "" - "", "" -   "", "" -   "", "" -   "", null, null, null, null, null, null, null, null, null, null, "" -   "", null]"
wr_masterfile_coa_pl_183,snapshot_istantoro_2022_mar_2026,MASTERFILE COA PL,183,"[""421000"", ""Pendapatan Jasa Training SATPAM dan Pekerja Dasar"", ""KPO Diklat Satpam"", "" 15,178,692,063 "", "" 16,555,787,820.00 "", "" 19,824,250,319.00 "", "" 1,097,160,000 "", "" 2,603,900,000 "", "" 1,032,110,000 "", "" 689,905,000 "", "" 1,772,666,460 "", "" 1,362,460,000 "", "" 2,061,078,000 "", "" 1,110,960,000 "", "" 757,900,000 "", "" 1,712,687,451 "", "" 2,306,181,000 "", "" 1,457,322,544 "", "" 17,964,330,455.00 "", "" 1,352,080,100 "", "" 836,850,000 "", "" 406,350,395 "", null, null, null, null, null, null, null, null, null, "" 2,595,280,495 "", null]"
wr_masterfile_coa_pl_184,snapshot_istantoro_2022_mar_2026,MASTERFILE COA PL,184,"[null, ""TOTAL PENDAPATAN KPO - DIKLAT"", null, "" 15,178,692,063 "", "" 16,555,787,820.00 "", "" 19,824,250,319.00 "", "" 1,097,160,000 "", "" 2,603,900,000 "", "" 1,032,110,000 "", "" 689,905,000 "", "" 1,772,666,460 "", "" 1,362,460,000 "", "" 2,061,078,000 "", "" 1,110,960,000 "", "" 757,900,000 "", "" 1,712,687,451 "", "" 2,306,181,000 "", "" 1,457,322,544 "", "" 17,964,330,455.00 "", "" 1,352,080,100 "", "" 836,850,000 "", "" 406,350,395 "", null, null, null, null, null, null, null, null, null, "" 2,595,280,495 "", null]"
wr_masterfile_coa_pl_185,snapshot_istantoro_2022_mar_2026,MASTERFILE COA PL,185,"[null, null, null, "" -   "", "" -   "", "" -   "", "" -   "", "" -   "", "" -   "", "" -   "", "" -   "", "" -   "", "" -   "", "" -   "", "" -   "", "" - "", "" - "", "" - "", "" -   "", "" -   "", "" -   "", null, null, null, null, null, null, null, null, null, null, "" -   "", null]"
wr_masterfile_coa_pl_186,snapshot_istantoro_2022_mar_2026,MASTERFILE COA PL,186,"[""419001"", ""PEND. JASA TRAINING LAYANAN"", ""Training Corporate"", "" -   "", "" -   "", "" -   "", "" -   "", "" -   "", "" -   "", "" -   "", "" -   "", "" -   "", "" -   "", "" -   "", "" -   "", "" - "", "" - "", "" - "", "" -   "", "" -   "", "" -   "", "" -   "", null, null, null, null, null, null, null, null, null, "" -   "", null]"
wr_masterfile_coa_pl_187,snapshot_istantoro_2022_mar_2026,MASTERFILE COA PL,187,"[""419002"", ""FEE JASA TRAINING"", ""Training Corporate"", "" -   "", "" -   "", "" -   "", "" -   "", "" -   "", "" -   "", "" -   "", "" -   "", "" -   "", "" -   "", "" -   "", "" -   "", "" - "", "" - "", "" - "", "" -   "", "" -   "", "" -   "", "" -   "", null, null, null, null, null, null, null, null, null, "" -   "", null]"
wr_masterfile_coa_pl_188,snapshot_istantoro_2022_mar_2026,MASTERFILE COA PL,188,"[""419003"", ""PENDAPATAN JASA TRAINING CORPORATE"", ""Training Corporate"", "" 1,388,435,245 "", "" 13,034,261,071.93 "", "" 6,305,813,915.36 "", "" 192,509,199 "", "" 560,617,703 "", "" 635,821,753 "", "" 1,077,254,805 "", "" 1,109,660,284 "", "" 918,776,889 "", "" 916,414,947 "", "" 560,246,710 "", "" 537,357,930 "", "" 735,132,886 "", "" 1,598,376,194 "", "" 738,466,459 "", "" 9,580,635,757.76 "", "" 114,420,000 "", "" 412,211,892 "", "" 426,595,858 "", null, null, null, null, null, null, null, null, null, "" 953,227,750 "", null]"
wr_masterfile_coa_pl_189,snapshot_istantoro_2022_mar_2026,MASTERFILE COA PL,189,"[""419004"", ""PENDAPATAN JASA TRAINING WEBINAR/REGULER"", ""Training Webinar/Reguler"", "" 256,800,000 "", "" 334,273,604.00 "", "" 833,841,518.86 "", "" 80,705,000 "", "" 148,881,500 "", "" 94,487,500 "", "" 100,000 "", "" 281,855,190 "", "" 41,770,000 "", "" 7,770,000 "", ""-72,540,000 "", "" 248,669,850 "", "" 642,285,012 "", "" 248,543,020 "", "" 328,856,762 "", "" 2,051,383,833.76 "", "" 54,738,200 "", "" 409,434,327 "", "" 168,406,306 "", null, null, null, null, null, null, null, null, null, "" 632,578,833 "", null]"
wr_masterfile_coa_pl_190,snapshot_istantoro_2022_mar_2026,MASTERFILE COA PL,190,"[""419005"", ""PENDAPATAN TRAINING UNIVERSITAS/SEKOLAH"", ""Training Universitas"", "" 280,126,850 "", "" 228,465,500.00 "", "" 129,262,502.00 "", "" -   "", "" -   "", "" -   "", "" -   "", "" 60,060,000 "", "" -   "", "" -   "", "" -   "", "" -   "", "" 2,115,000 "", "" - "", "" 1,112,100 "", "" 63,287,100.00 "", "" -   "", "" -   "", "" 67,105,050 "", null, null, null, null, null, null, null, null, null, "" 67,105,050 "", null]"
wr_masterfile_coa_pl_191,snapshot_istantoro_2022_mar_2026,MASTERFILE COA PL,191,"[null, ""PENDAPATAN JKPO - TRAINING"", null, "" 1,925,362,095 "", "" 13,597,000,175.93 "", "" 7,268,917,936.22 "", "" 273,214,199 "", "" 709,499,203 "", "" 730,309,253 "", "" 1,077,354,805 "", "" 1,451,575,474 "", "" 960,546,889 "", "" 924,184,947 "", "" 487,706,710 "", "" 786,027,780 "", "" 1,379,532,897 "", "" 1,846,919,214 "", "" 1,068,435,321 "", "" 11,695,306,691.52 "", "" 169,158,200 "", "" 821,646,219 "", "" 662,107,214 "", null, null, null, null, null, null, null, null, null, "" 1,652,911,633 "", null]"
wr_masterfile_coa_pl_192,snapshot_istantoro_2022_mar_2026,MASTERFILE COA PL,192,"[null, ""PENDAPATAN KPO (KNOWLEDGE PROCESS OUTSOURCING)"", null, "" 17,104,054,158 "", "" 30,152,787,995.93 "", "" 27,093,168,255.22 "", "" 1,370,374,199 "", "" 3,313,399,203 "", "" 1,762,419,253 "", "" 1,767,259,805 "", "" 3,224,241,934 "", "" 2,323,006,889 "", "" 2,985,262,947 "", "" 1,598,666,710 "", "" 1,543,927,780 "", "" 3,092,220,348 "", "" 4,153,100,214 "", "" 2,525,757,865 "", "" 29,659,637,146.52 "", "" 1,521,238,300 "", "" 1,658,496,219 "", "" 1,068,457,609 "", null, null, null, null, null, null, null, null, null, "" 4,248,192,128 "", null]"
wr_masterfile_coa_pl_193,snapshot_istantoro_2022_mar_2026,MASTERFILE COA PL,193,"[null, null, null, "" -   "", "" -   "", "" -   "", "" -   "", "" -   "", "" -   "", "" -   "", "" -   "", "" -   "", "" -   "", "" -   "", "" -   "", "" - "", "" - "", "" - "", "" -   "", "" -   "", "" -   "", null, null, null, null, null, null, null, null, null, null, "" -   "", null]"
wr_masterfile_coa_pl_194,snapshot_istantoro_2022_mar_2026,MASTERFILE COA PL,194,"[null, ""TOTAL PENDAPATAN"", null, "" 3,805,118,732,400 "", "" 4,031,884,242,643.59 "", "" 4,486,401,546,510.61 "", "" 366,761,231,895 "", "" 370,118,099,709 "", "" 544,667,517,482 "", "" 332,470,581,831 "", "" 341,264,291,171 "", "" 346,458,028,550 "", "" 334,293,026,099 "", "" 324,691,597,574 "", "" 358,503,585,533 "", "" 343,740,205,156 "", "" 372,456,314,673 "", "" 383,012,992,623 "", "" 4,418,437,472,296.71 "", "" 354,959,085,845 "", "" 359,824,785,807 "", "" 471,574,480,639 "", null, null, null, null, null, null, null, null, null, "" 1,186,358,352,290 "", null]"
wr_masterfile_coa_pl_195,snapshot_istantoro_2022_mar_2026,MASTERFILE COA PL,195,"[null, null, null, "" -   "", "" -   "", "" -   "", "" -   "", "" -   "", "" -   "", "" -   "", "" -   "", "" -   "", "" -   "", "" -   "", "" -   "", "" - "", "" - "", "" - "", "" -   "", "" -   "", "" -   "", null, null, null, null, null, null, null, null, null, null, "" -   "", null]"
wr_masterfile_coa_pl_196,snapshot_istantoro_2022_mar_2026,MASTERFILE COA PL,196,"[null, ""TOTAL BEBAN MAN POWER OUTSOURCING"", null, "" -   "", "" -   "", "" -   "", "" -   "", "" -   "", "" -   "", "" -   "", "" -   "", "" -   "", "" -   "", "" -   "", "" -   "", "" - "", "" - "", "" - "", "" -   "", "" -   "", "" -   "", null, null, null, null, null, null, null, null, null, null, "" -   "", null]"
wr_masterfile_coa_pl_197,snapshot_istantoro_2022_mar_2026,MASTERFILE COA PL,197,"[""511000"", ""BEBAN UPAH GAJI"", ""Upah, Gaji & Tunjangan"", ""-1,072,582,540,891 "", ""-1,028,733,285,547.88 "", ""-1,229,716,415,997.19 "", ""-107,105,879,798 "", ""-110,113,271,107 "", ""-110,174,346,920 "", ""-95,496,748,550 "", ""-95,591,968,557 "", ""-93,932,281,312 "", ""-98,416,064,724 "", ""-99,253,280,318 "", ""-101,113,450,392 "", "" (110,055,012,158)"", "" (94,662,540,397)"", "" (118,025,800,423)"", ""-1,233,940,644,656.13 "", ""-106,705,504,639 "", ""-111,064,520,700 "", ""-101,722,317,499 "", null, null, null, null, null, null, null, null, null, ""-319,492,342,837 "", null]"
wr_masterfile_coa_pl_198,snapshot_istantoro_2022_mar_2026,MASTERFILE COA PL,198,"[""511100"", ""BEBAN TUNJ UANG MAKAN"", ""Upah, Gaji & Tunjangan"", ""-11,366,868,852 "", ""-13,372,363,984.00 "", ""-16,755,728,556.00 "", ""-1,657,836,976 "", ""-1,558,587,663 "", ""-1,830,203,497 "", ""-1,228,434,668 "", ""-1,471,732,648 "", ""-1,504,275,667 "", ""-1,338,734,276 "", ""-1,483,925,409 "", ""-1,446,649,291 "", "" (1,520,478,653)"", "" (1,498,908,151)"", "" (1,460,185,359)"", ""-17,999,952,258.00 "", ""-1,501,617,142 "", ""-1,427,960,751 "", ""-1,121,320,871 "", null, null, null, null, null, null, null, null, null, ""-4,050,898,764 "", null]"
wr_masterfile_coa_pl_199,snapshot_istantoro_2022_mar_2026,MASTERFILE COA PL,199,"[""511200"", ""BEBAN INSENTIVE"", ""Insentif & Bonus"", ""-9,357,095,905 "", ""-11,602,882,119.86 "", ""-16,788,812,866.00 "", ""-968,167,836 "", ""-1,405,887,507 "", ""-3,894,719,442 "", ""-1,043,170,793 "", ""-768,602,592 "", ""-1,143,125,888 "", ""-872,924,175 "", ""-1,040,785,642 "", ""-785,325,366 "", "" (1,031,910,332)"", "" (874,198,384)"", "" (951,052,201)"", ""-14,779,870,158.00 "", ""-970,766,505 "", ""-1,069,775,536 "", ""-935,013,981 "", null, null, null, null, null, null, null, null, null, ""-2,975,556,022 "", null]"
wr_masterfile_coa_pl_200,snapshot_istantoro_2022_mar_2026,MASTERFILE COA PL,200,"[""511300"", ""BEBAN TUNJ JABATAN"", ""Upah, Gaji & Tunjangan"", ""-6,944,415,620 "", ""-6,107,672,253.00 "", ""-8,135,558,178.00 "", ""-793,378,270 "", ""-854,684,890 "", ""-846,821,419 "", ""-773,358,953 "", ""-714,548,746 "", ""-679,831,867 "", ""-774,018,923 "", ""-793,662,801 "", ""-963,626,919 "", "" (1,027,920,245)"", "" (892,602,583)"", "" (1,010,232,747)"", ""-10,124,688,363.00 "", ""-929,275,704 "", ""-986,017,146 "", ""-892,598,663 "", null, null, null, null, null, null, null, null, null, ""-2,807,891,513 "", null]"
wr_masterfile_coa_pl_201,snapshot_istantoro_2022_mar_2026,MASTERFILE COA PL,201,"[""511330"", ""BEBAN TUNJ KINERJA"", ""Upah, Gaji & Tunjangan"", ""-6,453,685,333 "", ""-296,472,722.00 "", ""-1,454,413,719.00 "", ""-101,198,450 "", ""-63,155,000 "", ""-86,637,769 "", ""-237,821,482 "", ""-66,199,672 "", ""-78,515,387 "", ""-96,260,674 "", ""-42,481,574 "", ""-31,612,018 "", "" (319,946,793)"", "" (38,274,968)"", "" (31,631,096)"", ""-1,193,734,883.00 "", ""-37,627,910 "", ""-69,678,428 "", ""-12,604,101 "", null, null, null, null, null, null, null, null, null, ""-119,910,439 "", null]"
wr_masterfile_coa_pl_202,snapshot_istantoro_2022_mar_2026,MASTERFILE COA PL,202,"[""511340"", ""BEBAN BONUS DITAGIH"", ""Insentif & Bonus"", ""-8,404,500,159 "", ""-86,520,164,847.00 "", ""-89,508,196,756.99 "", ""-21,623,971 "", ""-205,500,000 "", ""-80,680,440,698 "", ""-5,680,563,848 "", ""-557,848,290 "", ""-731,728,579 "", ""-435,738,059 "", ""-465,862,361 "", ""-285,116,847 "", "" (297,352,187)"", "" (44,860,568,364)"", "" (4,030,744,575)"", ""-138,253,087,778.00 "", ""-51,450,000 "", ""-303,942,167 "", ""-1,569,686,074 "", null, null, null, null, null, null, null, null, null, ""-1,925,078,241 "", null]"
wr_masterfile_coa_pl_203,snapshot_istantoro_2022_mar_2026,MASTERFILE COA PL,203,"[""511400"", ""BEBAN SERAGAM CAPTIVE"", ""Seragam & Reliver"", ""-20,576,568,333 "", ""-33,725,403,948.00 "", ""-22,782,193,357.00 "", ""-2,364,979,300 "", ""-2,386,932,244 "", ""-2,404,285,168 "", ""-2,397,301,776 "", ""-875,064,609 "", ""-2,373,416,074 "", ""-1,743,534,028 "", "" 6,688,241,401 "", ""-333,585,877 "", "" (1,020,826,652)"", "" (2,302,004,573)"", "" (1,707,432,702)"", ""-13,221,121,602.24 "", ""-1,669,269,418 "", ""-2,130,465,683 "", ""-2,450,492,536 "", null, null, null, null, null, null, null, null, null, ""-6,250,227,637 "", null]"
wr_masterfile_coa_pl_204,snapshot_istantoro_2022_mar_2026,MASTERFILE COA PL,204,"[""511500"", ""BEBAN PENDIDIKAN & PELATIHAN"", ""Rekrutmen, Pendidikan, Pembinaan & Hubungan"", ""-57,260,000 "", ""-682,895,267.00 "", ""-211,482,316.00 "", "" -   "", ""-104,744,500 "", ""-43,500,000 "", "" -   "", "" -   "", "" -   "", "" -   "", "" -   "", "" -   "", "" - "", "" - "", "" - "", ""-148,244,500.00 "", "" -   "", "" -   "", "" -   "", null, null, null, null, null, null, null, null, null, "" -   "", null]"
wr_masterfile_coa_pl_205,snapshot_istantoro_2022_mar_2026,MASTERFILE COA PL,205,"[""511600"", ""BEBAN TUNJ KERAWANAN"", ""Upah, Gaji & Tunjangan"", ""-347,296,339 "", ""-364,137,858.88 "", ""-299,912,733.87 "", ""-22,912,500 "", ""-22,597,500 "", ""-22,432,500 "", ""-22,514,875 "", ""-22,663,427 "", ""-22,443,750 "", ""-22,473,750 "", ""-22,901,250 "", ""-39,612,975 "", "" (23,712,218)"", "" (24,262,500)"", "" (24,487,500)"", ""-293,014,745.02 "", ""-8,073,750 "", ""-7,916,250 "", ""-7,758,750 "", null, null, null, null, null, null, null, null, null, ""-23,748,750 "", null]"
wr_masterfile_coa_pl_206,snapshot_istantoro_2022_mar_2026,MASTERFILE COA PL,206,"[""511700"", ""BEBAN TUNJ PREMIUM"", ""Upah, Gaji & Tunjangan"", ""-502,865,313,031 "", ""-502,443,908,679.90 "", ""-518,176,766,837.72 "", ""-42,967,983,291 "", ""-43,074,974,977 "", ""-43,396,520,691 "", ""-42,945,050,930 "", ""-42,766,318,988 "", ""-42,544,063,306 "", ""-42,989,088,164 "", ""-43,242,698,855 "", ""-43,578,755,538 "", "" (43,929,842,908)"", "" (45,050,268,560)"", "" (45,918,804,523)"", ""-522,404,370,730.41 "", ""-45,022,517,179 "", ""-45,650,014,445 "", ""-45,801,059,436 "", null, null, null, null, null, null, null, null, null, ""-136,473,591,061 "", null]"
wr_masterfile_coa_pl_207,snapshot_istantoro_2022_mar_2026,MASTERFILE COA PL,207,"[""511701"", ""BEBAN TUNJ PULSA"", ""Upah, Gaji & Tunjangan"", ""-383,301,108 "", ""-16,312,500.00 "", ""-13,095,797.00 "", ""-1,216,000 "", "" -   "", ""-2,432,000 "", ""-1,216,000 "", "" -   "", ""-2,431,500 "", ""-1,211,500 "", ""-899,225 "", "" 15,030 "", "" (2,107,640)"", "" (1,046,475)"", "" - "", ""-12,545,310.00 "", ""-2,096,795 "", "" -   "", ""-2,128,000 "", null, null, null, null, null, null, null, null, null, ""-4,224,795 "", null]"
wr_masterfile_coa_pl_208,snapshot_istantoro_2022_mar_2026,MASTERFILE COA PL,208,"[""511800"", ""BEBAN TUNJ TELLER"", ""Upah, Gaji & Tunjangan"", "" -   "", "" -   "", "" -   "", "" -   "", "" -   "", "" -   "", "" -   "", "" -   "", "" -   "", "" -   "", "" -   "", ""-17,955,927,500 "", "" - "", "" - "", "" - "", ""-17,955,927,500.00 "", "" -   "", "" -   "", "" -   "", null, null, null, null, null, null, null, null, null, "" -   "", null]"
wr_masterfile_coa_pl_209,snapshot_istantoro_2022_mar_2026,MASTERFILE COA PL,209,"[""511900"", ""BEBAN UANG LEMBUR"", ""Upah, Gaji & Tunjangan"", ""-603,136,611,201 "", ""-514,076,019,986.88 "", ""-553,180,048,667.61 "", ""-47,180,130,406 "", ""-53,274,513,573 "", ""-35,589,131,657 "", ""-45,922,513,753 "", ""-52,141,976,266 "", ""-56,663,493,807 "", ""-45,081,404,673 "", ""-36,850,158,917 "", ""-41,055,381,284 "", "" (36,734,024,356)"", "" (36,010,691,625)"", "" (37,699,339,800)"", ""-524,202,760,116.21 "", ""-42,735,848,653 "", ""-43,523,184,795 "", ""-40,903,203,295 "", null, null, null, null, null, null, null, null, null, ""-127,162,236,743 "", null]"
wr_masterfile_coa_pl_210,snapshot_istantoro_2022_mar_2026,MASTERFILE COA PL,210,"[""511910"", ""BEBAN TUNJ MAKAN LEMBUR"", ""Upah, Gaji & Tunjangan"", ""-519,918,995 "", ""-354,670,731.00 "", ""-450,406,923.00 "", ""-31,723,127 "", ""-32,336,778 "", ""-23,575,408 "", ""-37,124,097 "", ""-30,201,770 "", ""-5,608,500 "", ""-5,906,000 "", ""-2,588,000 "", ""-6,649,000 "", "" (48,949,000)"", "" (7,417,000)"", "" (10,400,000)"", ""-242,478,680.00 "", ""-12,565,000 "", ""-8,249,000 "", ""-11,751,500 "", null, null, null, null, null, null, null, null, null, ""-32,565,500 "", null]"
wr_masterfile_coa_pl_211,snapshot_istantoro_2022_mar_2026,MASTERFILE COA PL,211,"[""511920"", ""BEBAN TUNJ TRANSPORT LEMBUR"", ""Upah, Gaji & Tunjangan"", ""-93,637,624 "", ""-42,491,296.00 "", ""-22,606,376.00 "", "" -   "", ""-562,244 "", ""-650,472 "", ""-1,658,172 "", ""-672,377 "", ""-248,753 "", ""-54,614,922 "", ""-272,393 "", ""-31,183,886 "", "" (30,842,071)"", "" (25,594,553)"", "" (30,137,500)"", ""-176,437,343.00 "", ""-6,000,000 "", ""-9,936,828 "", ""-3,027,947 "", null, null, null, null, null, null, null, null, null, ""-18,964,775 "", null]"
wr_masterfile_coa_pl_212,snapshot_istantoro_2022_mar_2026,MASTERFILE COA PL,212,"[""511930"", ""BEBAN TUNJ SHIFTING"", ""Upah, Gaji & Tunjangan"", ""-1,369,826,871 "", ""-2,031,509,316.00 "", ""-8,187,819,104.00 "", ""-1,076,483,440 "", ""-1,642,653,187 "", ""-891,354,199 "", ""-1,219,085,109 "", ""-1,412,565,927 "", ""-1,145,676,580 "", ""-979,376,188 "", ""-875,207,887 "", ""-1,006,179,408 "", "" (747,986,724)"", "" (903,000,586)"", "" (1,002,080,144)"", ""-12,901,649,379.00 "", ""-986,506,259 "", ""-514,754,944 "", ""-412,882,021 "", null, null, null, null, null, null, null, null, null, ""-1,914,143,224 "", null]"
wr_masterfile_coa_pl_213,snapshot_istantoro_2022_mar_2026,MASTERFILE COA PL,213,"[""512000"", ""BEBAN TUNJ KESEHATAN ( ASKES ) NON BPJS"", ""Upah, Gaji & Tunjangan"", ""-383,360,252 "", ""-428,856,745.00 "", ""-405,477,873.00 "", ""-62,423,792 "", ""-41,842,855 "", ""-40,919,054 "", ""-30,880,720 "", "" -   "", ""-6,979,000 "", ""-2,485,100 "", "" -   "", ""-1,470,000 "", "" (20,432,500)"", "" (5,301,680)"", "" (14,795,000)"", ""-227,529,701.00 "", ""-43,177,000 "", ""-43,617,323 "", ""-54,356,573 "", null, null, null, null, null, null, null, null, null, ""-141,150,896 "", null]"
wr_masterfile_coa_pl_214,snapshot_istantoro_2022_mar_2026,MASTERFILE COA PL,214,"[""512100"", ""BEBAN TUNJ TRANSPORT"", ""Upah, Gaji & Tunjangan"", ""-14,961,491,974 "", ""-35,073,317,457.92 "", ""-46,323,075,151.50 "", ""-3,833,781,584 "", ""-3,597,950,812 "", ""-3,531,632,799 "", ""-3,483,706,837 "", ""-3,524,973,325 "", ""-3,523,748,705 "", ""-3,565,219,336 "", ""-3,728,157,017 "", ""-3,441,308,290 "", "" (3,457,785,005)"", "" (3,802,263,003)"", "" (4,011,833,177)"", ""-43,502,359,890.75 "", ""-3,988,023,012 "", ""-4,204,947,801 "", ""-4,226,621,607 "", null, null, null, null, null, null, null, null, null, ""-12,419,592,420 "", null]"
wr_masterfile_coa_pl_215,snapshot_istantoro_2022_mar_2026,MASTERFILE COA PL,215,"[""512200"", ""BEBAN TUNJ AIR TAWAR"", ""Upah, Gaji & Tunjangan"", ""-4,821,397,653 "", ""-4,891,232,011.90 "", ""-4,983,214,938.49 "", ""-405,620,696 "", ""-375,486,376 "", ""-402,006,876 "", ""-393,644,786 "", ""-396,975,765 "", ""-391,476,263 "", ""-396,460,752 "", ""-397,203,561 "", ""-393,335,959 "", "" (398,676,159)"", "" (404,611,790)"", "" (415,182,840)"", ""-4,770,681,821.28 "", ""-415,002,037 "", ""-396,789,550 "", ""-425,059,900 "", null, null, null, null, null, null, null, null, null, ""-1,236,851,487 "", null]"
wr_masterfile_coa_pl_216,snapshot_istantoro_2022_mar_2026,MASTERFILE COA PL,216,"[""512300"", ""BEBAN TUNJ CUTI"", ""Upah, Gaji & Tunjangan"", ""-39,973,630,899 "", ""-32,636,332,291.91 "", ""-32,159,700,830.00 "", ""-2,504,556,273 "", ""-2,304,179,129 "", ""-2,301,892,498 "", ""-4,292,693,926 "", ""-2,605,131,876 "", ""-2,904,892,401 "", ""-2,367,428,678 "", ""-2,248,243,231 "", ""-2,215,090,861 "", "" (2,436,762,345)"", "" (2,406,536,533)"", "" (2,852,039,421)"", ""-31,439,447,171.89 "", ""-4,328,602,839 "", ""-2,297,467,277 "", ""-2,309,535,236 "", null, null, null, null, null, null, null, null, null, ""-8,935,605,352 "", null]"
wr_masterfile_coa_pl_217,snapshot_istantoro_2022_mar_2026,MASTERFILE COA PL,217,"[""512400"", ""BEBAN TUNJ BPJS KETENAGAKERJAAN"", ""Upah, Gaji & Tunjangan"", ""-66,070,363,328 "", ""-67,721,332,975.96 "", ""-69,292,659,095.05 "", ""-5,644,408,949 "", ""-5,661,696,585 "", ""-5,691,728,906 "", ""-5,632,219,025 "", ""-5,594,476,949 "", ""-5,568,910,749 "", ""-5,624,739,610 "", ""-5,672,905,642 "", ""-5,822,286,777 "", "" (5,883,992,510)"", "" (6,094,179,455)"", "" (7,971,376,107)"", ""-70,862,921,263.37 "", ""-6,340,375,762 "", ""-6,443,329,669 "", ""-6,530,736,290 "", null, null, null, null, null, null, null, null, null, ""-19,314,441,721 "", null]"
wr_masterfile_coa_pl_218,snapshot_istantoro_2022_mar_2026,MASTERFILE COA PL,218,"[""512500"", ""BEBAN TUNJ PAJAK PPH 21"", ""Upah, Gaji & Tunjangan"", ""-1,295,797,220 "", ""-1,280,359,616.00 "", ""-909,420,219.00 "", ""-88,079,695 "", ""-74,869,785 "", ""-398,370,174 "", ""-67,856,702 "", ""-80,144,425 "", ""-54,398,458 "", ""-130,678,172 "", ""-160,470,668 "", ""-215,830,254 "", "" (225,964,873)"", "" (254,632,561)"", "" (300,577,154)"", ""-2,051,872,921.25 "", ""-770,605,565 "", ""-144,946,524 "", ""-1,395,199,559 "", null, null, null, null, null, null, null, null, null, ""-2,310,751,648 "", null]"
wr_masterfile_coa_pl_219,snapshot_istantoro_2022_mar_2026,MASTERFILE COA PL,219,"[""512600"", ""BEBAN TUNJ PERJALANAN"", ""Upah, Gaji & Tunjangan"", ""-648,339,360 "", ""-1,238,472,813.00 "", ""-5,191,268,874.00 "", ""-350,891,296 "", ""-165,406,923 "", ""-55,341,500 "", ""-33,088,318 "", ""-54,585,500 "", ""-75,387,352 "", ""-78,300,211 "", ""-143,816,370 "", ""-123,143,092 "", "" (118,424,728)"", "" (102,583,028)"", "" (96,320,060)"", ""-1,397,288,378.00 "", ""-87,839,231 "", ""-119,330,200 "", ""-113,978,525 "", null, null, null, null, null, null, null, null, null, ""-321,147,956 "", null]"
wr_masterfile_coa_pl_220,snapshot_istantoro_2022_mar_2026,MASTERFILE COA PL,220,"[""512700"", ""BEBAN TUNJ PESANGON/DPLK/UANG PISAH/KOMPENSASI"", ""Pesangon, DPLK, Kompensasi"", ""-792,268,883 "", "" -   "", "" -   "", "" -   "", "" -   "", "" -   "", "" -   "", "" -   "", "" -   "", "" -   "", "" -   "", "" -   "", "" - "", "" - "", "" - "", "" -   "", "" -   "", "" -   "", "" -   "", null, null, null, null, null, null, null, null, null, "" -   "", null]"
wr_masterfile_coa_pl_221,snapshot_istantoro_2022_mar_2026,MASTERFILE COA PL,221,"[""512701"", ""BEBAN DPLK (TAD)"", ""Pesangon, DPLK, Kompensasi"", ""-1,597,941,186 "", ""-2,378,639,791.00 "", ""-4,395,876,245.00 "", ""-374,266,312 "", ""-273,178,778 "", ""-272,508,065 "", ""-275,946,764 "", ""-287,616,947 "", ""-287,462,072 "", ""-291,856,530 "", ""-291,522,955 "", ""-292,260,403 "", "" (306,219,275)"", "" (305,645,838)"", "" (306,726,040)"", ""-3,565,209,979.00 "", ""-302,353,034 "", ""-317,582,048 "", ""-318,076,177 "", null, null, null, null, null, null, null, null, null, ""-938,011,259 "", null]"
wr_masterfile_coa_pl_222,snapshot_istantoro_2022_mar_2026,MASTERFILE COA PL,222,"[""512702"", ""BEBAN TUNJANGAN PESANGON/UANG PISAH/KOMPENSASI (TAD)"", ""Pesangon, DPLK, Kompensasi"", ""-142,731,484,316 "", ""-128,063,337,756.10 "", ""-132,840,369,699.91 "", ""-22,817,424,061 "", ""-11,359,910,269 "", ""-11,472,038,978 "", ""-11,208,556,013 "", ""-9,387,554,818 "", ""-13,026,962,591 "", ""-3,195,310,083 "", ""-3,059,413,269 "", ""-4,785,883,572 "", "" 5,841,110,149 "", "" 14,427,704,307 "", "" 7,621,151,519 "", ""-62,423,087,680.75 "", ""-19,867,906,816 "", ""-10,799,344,200 "", ""-5,477,856,891 "", null, null, null, null, null, null, null, null, null, ""-36,145,107,907 "", null]"
wr_masterfile_coa_pl_223,snapshot_istantoro_2022_mar_2026,MASTERFILE COA PL,223,"[""512800"", ""BEBAN TUNJ HARI KEAGAMAAN"", ""THR & Hari Keagamaan"", ""-149,679,685,764 "", ""-153,369,700,799.09 "", ""-160,703,557,357.13 "", ""-3,571,085,810 "", ""-3,936,744,209 "", ""-117,975,456,360 "", ""-5,033,181,136 "", ""-3,394,634,685 "", ""-2,953,776,769 "", ""-2,894,783,935 "", ""-3,088,994,214 "", ""-2,256,471,846 "", "" (3,341,500,000)"", "" (2,404,079,068)"", "" (11,673,140,233)"", ""-162,523,848,264.77 "", ""-3,239,780,463 "", ""-3,504,936,114 "", ""-124,725,256,014 "", null, null, null, null, null, null, null, null, null, ""-131,469,972,591 "", null]"
wr_masterfile_coa_pl_224,snapshot_istantoro_2022_mar_2026,MASTERFILE COA PL,224,"[""512900"", ""BEBAN PENGGANTI SEMENTARA"", ""Pengganti Sementara"", ""-237,872,877,414 "", ""-240,419,032,408.60 "", ""-266,110,771,079.32 "", ""-22,698,960,793 "", ""-21,693,214,588 "", ""-19,765,581,718 "", ""-20,783,706,536 "", ""-22,169,544,304 "", ""-24,530,891,413 "", ""-24,564,857,255 "", ""-23,714,772,262 "", ""-25,047,724,555 "", "" (23,077,017,648)"", "" (22,568,339,390)"", "" (24,183,958,065)"", ""-274,798,568,527.06 "", ""-22,016,904,468 "", ""-23,806,151,506 "", ""-20,264,673,973 "", null, null, null, null, null, null, null, null, null, ""-66,087,729,947 "", null]"
wr_masterfile_coa_pl_225,snapshot_istantoro_2022_mar_2026,MASTERFILE COA PL,225,"[""513000"", ""BEBAN SERAGAM NON CAPTIVE"", ""Seragam & Reliver"", ""-10,143,695,999 "", ""-12,320,561,525.00 "", ""-15,931,767,271.00 "", ""-1,290,403,830 "", ""-1,454,533,443 "", ""-1,334,812,311 "", ""-1,225,192,358 "", ""-356,458,351 "", ""-934,019,632 "", ""-700,977,873 "", "" 70,188,786 "", ""-1,026,777,308 "", "" (1,312,902,714)"", "" (960,712,689)"", "" (1,908,484,527)"", ""-12,435,086,250.00 "", ""-559,333,631 "", ""-1,087,833,875 "", ""-1,310,700,965 "", null, null, null, null, null, null, null, null, null, ""-2,957,868,472 "", null]"
wr_masterfile_coa_pl_226,snapshot_istantoro_2022_mar_2026,MASTERFILE COA PL,226,"[""513001"", ""BEBAN WLF (SERAGAM, RELIVER)"", ""Seragam & Reliver"", ""-602,943,838 "", ""-2,527,750.00 "", "" -   "", "" -   "", "" -   "", "" -   "", "" -   "", "" -   "", "" -   "", "" -   "", "" -   "", "" -   "", "" - "", "" - "", "" - "", "" -   "", "" -   "", "" -   "", "" -   "", null, null, null, null, null, null, null, null, null, "" -   "", null]"
wr_masterfile_coa_pl_227,snapshot_istantoro_2022_mar_2026,MASTERFILE COA PL,227,"[""513100"", ""BEBAN TUNJ TETAP"", ""Upah, Gaji & Tunjangan"", ""-268,565,636,543 "", ""-296,555,362,705.93 "", ""-337,708,489,089.61 "", ""-27,640,522,769 "", ""-27,711,839,784 "", ""-27,632,855,825 "", ""-27,116,704,733 "", ""-26,963,214,980 "", ""-26,846,556,050 "", ""-27,196,782,728 "", ""-27,304,486,250 "", ""-30,270,259,124 "", "" (30,673,293,101)"", "" (31,630,753,126)"", "" (32,861,596,662)"", ""-343,848,865,130.31 "", ""-32,372,884,999 "", ""-32,775,323,822 "", ""-32,762,596,957 "", null, null, null, null, null, null, null, null, null, ""-97,910,805,779 "", null]"
wr_masterfile_coa_pl_228,snapshot_istantoro_2022_mar_2026,MASTERFILE COA PL,228,"[""513200"", ""BEBAN TUNJ TIDAK TETAP"", ""Upah, Gaji & Tunjangan"", "" -   "", "" -   "", "" -   "", "" -   "", "" -   "", "" -   "", "" -   "", "" -   "", "" -   "", "" -   "", "" -   "", "" -   "", "" - "", "" - "", "" - "", "" -   "", "" -   "", "" -   "", "" -   "", null, null, null, null, null, null, null, null, null, "" -   "", null]"
wr_masterfile_coa_pl_229,snapshot_istantoro_2022_mar_2026,MASTERFILE COA PL,229,"[""513300"", ""BEBAN TUNJ PEMELIHARAAN KESEHATAN KERJA (JPK)"", ""Upah, Gaji & Tunjangan"", "" -   "", ""-71,916.00 "", "" -   "", "" -   "", "" -   "", "" -   "", ""-3,850,000 "", "" -   "", "" -   "", "" -   "", "" -   "", "" -   "", "" - "", "" - "", "" - "", ""-3,850,000.00 "", "" -   "", "" -   "", "" -   "", null, null, null, null, null, null, null, null, null, "" -   "", null]"
wr_masterfile_coa_pl_230,snapshot_istantoro_2022_mar_2026,MASTERFILE COA PL,230,"[""513350"", ""BEBAN TUNJ RAWAT JALAN"", ""Upah, Gaji & Tunjangan"", "" -   "", "" -   "", ""-58,950,942.00 "", "" -   "", "" -   "", "" -   "", ""-7,893,358 "", "" -   "", ""-832,000 "", ""-3,332,000 "", "" -   "", ""-8,361,800 "", "" (24,861,360)"", "" (8,393,672)"", "" (4,756,100)"", ""-58,430,290.00 "", "" -   "", "" -   "", "" -   "", null, null, null, null, null, null, null, null, null, "" -   "", null]"
wr_masterfile_coa_pl_231,snapshot_istantoro_2022_mar_2026,MASTERFILE COA PL,231,"[""513400"", ""BEBAN UANG DUKA"", ""Operasional Tenaga Kerja"", ""-428,375,479 "", ""-379,500,000.00 "", ""-433,650,000.00 "", ""-30,000,000 "", ""-62,000,000 "", ""-22,500,000 "", ""-5,000,000 "", ""-30,000,000 "", ""-10,000,000 "", ""-50,000,000 "", ""-30,000,000 "", ""-11,000,000 "", "" (55,000,000)"", "" (30,000,000)"", "" (20,000,000)"", ""-355,500,000.00 "", ""-20,000,000 "", ""-25,000,000 "", ""-30,000,000 "", null, null, null, null, null, null, null, null, null, ""-75,000,000 "", null]"
wr_masterfile_coa_pl_232,snapshot_istantoro_2022_mar_2026,MASTERFILE COA PL,232,"[""513420"", ""BEBAN PEMBELIAN BAHAN DAN ALAT"", ""Bahan & Alat"", ""-682,901,507 "", ""-3,638,227,381.00 "", ""-23,873,884,629.00 "", ""-1,886,288,526 "", ""-1,715,880,965 "", ""-1,929,489,341 "", ""-1,595,657,578 "", ""-1,549,637,440 "", ""-1,589,564,871 "", ""-1,599,761,862 "", ""-1,505,538,729 "", "" 625,161,778 "", "" (1,906,188,675)"", "" (1,853,536,675)"", "" (1,521,015,119)"", ""-18,027,398,004.01 "", ""-1,658,216,374 "", ""-1,521,082,954 "", ""-1,615,562,423 "", null, null, null, null, null, null, null, null, null, ""-4,794,861,751 "", null]"
wr_masterfile_coa_pl_233,snapshot_istantoro_2022_mar_2026,MASTERFILE COA PL,233,"[""513500"", ""BEBAN RECRUITMENT"", ""Rekrutmen, Pendidikan, Pembinaan & Hubungan"", ""-330,052,600 "", ""-832,098,956.00 "", ""-2,083,453,572.00 "", ""-188,410,780 "", ""-98,612,535 "", ""-77,725,250 "", ""-47,967,550 "", ""-106,769,369 "", ""-118,406,732 "", ""-200,010,565 "", ""-253,269,499 "", ""-182,354,341 "", "" (204,697,341)"", "" (324,770,040)"", "" (576,579,329)"", ""-2,379,573,331.00 "", ""-337,059,547 "", ""-385,758,873 "", ""-454,540,977 "", null, null, null, null, null, null, null, null, null, ""-1,177,359,397 "", null]"
wr_masterfile_coa_pl_234,snapshot_istantoro_2022_mar_2026,MASTERFILE COA PL,234,"[""513501"", ""TEST TERTULIS,WAWACARA,KESEHATAN"", ""Rekrutmen, Pendidikan, Pembinaan & Hubungan"", ""-590,550,154 "", ""-5,659,100.00 "", ""-884,500.00 "", "" -   "", "" 380,000 "", "" -   "", "" -   "", "" -   "", "" 9,475,000 "", ""-75,000 "", "" -   "", ""-701,000 "", "" 1,331,500 "", "" 2,220,500 "", "" 2,562,000 "", "" 15,193,000.00 "", "" 1,046,300 "", "" 589,000 "", "" 590,000 "", null, null, null, null, null, null, null, null, null, "" 2,225,300 "", null]"
wr_masterfile_coa_pl_235,snapshot_istantoro_2022_mar_2026,MASTERFILE COA PL,235,"[""513503"", ""SPJ DALAM RANGKA RECRUTMENT"", ""Rekrutmen, Pendidikan, Pembinaan & Hubungan"", "" -   "", ""-4,900,000.00 "", "" -   "", "" -   "", "" -   "", "" -   "", "" -   "", "" -   "", "" -   "", "" -   "", "" -   "", "" -   "", "" - "", "" - "", "" - "", "" -   "", "" -   "", "" -   "", "" -   "", null, null, null, null, null, null, null, null, null, "" -   "", null]"
wr_masterfile_coa_pl_236,snapshot_istantoro_2022_mar_2026,MASTERFILE COA PL,236,"[""513600"", ""BEBAN PEMBINAAN"", ""Rekrutmen, Pendidikan, Pembinaan & Hubungan"", "" -   "", "" -   "", "" -   "", "" -   "", "" -   "", "" -   "", "" -   "", "" -   "", "" -   "", "" -   "", "" -   "", "" -   "", "" - "", "" - "", "" - "", "" -   "", "" -   "", "" -   "", "" -   "", null, null, null, null, null, null, null, null, null, "" -   "", null]"
wr_masterfile_coa_pl_237,snapshot_istantoro_2022_mar_2026,MASTERFILE COA PL,237,"[""513601"", ""BEBAN PEMBINAAN OUTSOURCING"", ""Rekrutmen, Pendidikan, Pembinaan & Hubungan"", ""-1,030,855,837 "", ""-1,473,428,979.00 "", ""-1,807,752,946.00 "", ""-97,555,300 "", ""-177,040,318 "", ""-220,270,650 "", ""-268,903,579 "", ""-206,855,936 "", ""-169,196,000 "", ""-242,584,328 "", ""-206,396,923 "", ""-121,315,827 "", "" (255,777,546)"", "" (239,615,833)"", "" (285,522,485)"", ""-2,491,034,725.00 "", ""-180,274,308 "", ""-194,793,516 "", ""-153,713,892 "", null, null, null, null, null, null, null, null, null, ""-528,781,716 "", null]"
wr_masterfile_coa_pl_238,snapshot_istantoro_2022_mar_2026,MASTERFILE COA PL,238,"[""513602"", ""BEBAN SPJ DALAM RANGKA PEMBINAAN DAN HUBUNGAN"", ""Rekrutmen, Pendidikan, Pembinaan & Hubungan"", ""-34,985,000 "", ""-5,390,985.00 "", ""-26,572,592.00 "", "" -   "", ""-6,450,000 "", "" -   "", "" -   "", ""-2,312,430 "", ""-8,085,600 "", ""-1,915,022 "", ""-3,350,000 "", "" -   "", "" - "", "" - "", "" - "", ""-22,113,052.00 "", "" -   "", "" -   "", "" -   "", null, null, null, null, null, null, null, null, null, "" -   "", null]"
wr_masterfile_coa_pl_239,snapshot_istantoro_2022_mar_2026,MASTERFILE COA PL,239,"[""513603"", ""BEBAN SPJ BORONGAN"", ""Operasional Tenaga Kerja"", "" -   "", "" -   "", "" -   "", "" -   "", "" -   "", "" -   "", "" -   "", "" -   "", "" -   "", "" -   "", "" -   "", "" -   "", "" - "", "" - "", "" - "", "" -   "", "" -   "", "" -   "", "" -   "", null, null, null, null, null, null, null, null, null, "" -   "", null]"
wr_masterfile_coa_pl_240,snapshot_istantoro_2022_mar_2026,MASTERFILE COA PL,240,"[""513604"", ""BEBAN PEMBINAAN USER"", ""Rekrutmen, Pendidikan, Pembinaan & Hubungan"", ""-1,562,612,248 "", ""-3,445,801,459.00 "", ""-1,909,009,820.00 "", ""-395,572,848 "", ""-800,212,671 "", ""-89,898,174 "", ""-47,411,287 "", ""-553,681,315 "", ""-276,655,896 "", ""-245,323,769 "", ""-349,995,686 "", ""-115,404,942 "", "" (210,542,341)"", "" (1,063,933,841)"", "" (503,411,405)"", ""-4,652,044,175.00 "", ""-474,729,925 "", ""-159,595,188 "", ""-506,066,870 "", null, null, null, null, null, null, null, null, null, ""-1,140,391,983 "", null]"
wr_masterfile_coa_pl_241,snapshot_istantoro_2022_mar_2026,MASTERFILE COA PL,241,"[""513605"", ""BEBAN EXTRA FOODING"", ""Operasional Tenaga Kerja"", ""-8,975,199 "", "" -   "", "" -   "", "" -   "", "" -   "", "" -   "", "" -   "", "" -   "", "" -   "", "" -   "", "" -   "", "" -   "", "" - "", "" - "", "" - "", "" -   "", "" -   "", "" -   "", "" -   "", null, null, null, null, null, null, null, null, null, "" -   "", null]"
wr_masterfile_coa_pl_242,snapshot_istantoro_2022_mar_2026,MASTERFILE COA PL,242,"[""513700"", ""BEBAN TUNJ KOORDINATOR"", ""Upah, Gaji & Tunjangan"", ""-2,217,348,379 "", ""-2,325,087,651.00 "", ""-2,108,884,578.00 "", ""-180,481,809 "", ""-170,026,220 "", ""-174,553,740 "", ""-172,803,740 "", ""-148,253,740 "", ""-144,553,740 "", ""-148,203,740 "", ""-148,196,228 "", ""-147,296,228 "", "" (148,746,228)"", "" (143,271,228)"", "" (152,496,348)"", ""-1,878,882,989.00 "", ""-145,038,716 "", ""-147,238,716 "", ""-148,449,420 "", null, null, null, null, null, null, null, null, null, ""-440,726,852 "", null]"
wr_masterfile_coa_pl_243,snapshot_istantoro_2022_mar_2026,MASTERFILE COA PL,243,"[""513720"", ""BEBAN TUNJ DANRU"", ""Upah, Gaji & Tunjangan"", "" -   "", "" 243,167.00 "", "" -   "", "" -   "", "" -   "", "" -   "", "" -   "", "" -   "", "" -   "", "" -   "", "" -   "", "" -   "", "" - "", "" - "", "" - "", "" -   "", "" -   "", "" -   "", "" -   "", null, null, null, null, null, null, null, null, null, "" -   "", null]"
wr_masterfile_coa_pl_244,snapshot_istantoro_2022_mar_2026,MASTERFILE COA PL,244,"[""513800"", ""BEBAN BONUS / PENGHARGAAN ISTANTORO"", ""Insentif & Bonus"", ""-2,127,889,789 "", ""-219,860,869.00 "", ""-239,701,875.00 "", "" -   "", "" -   "", ""-1,000,000 "", "" -   "", "" -   "", ""-750,000 "", ""-12,000,000 "", ""-750,000 "", ""-500,000 "", "" - "", "" (300,000)"", "" (300,000)"", ""-15,600,000.00 "", "" -   "", "" -   "", "" -   "", null, null, null, null, null, null, null, null, null, "" -   "", null]"
wr_masterfile_coa_pl_245,snapshot_istantoro_2022_mar_2026,MASTERFILE COA PL,245,"[""513900"", ""BEBAN OPERASIONAL SATPAM"", ""Operasional Tenaga Kerja"", "" -   "", "" -   "", "" -   "", "" -   "", "" -   "", "" -   "", "" -   "", "" -   "", "" -   "", "" -   "", "" -   "", "" -   "", "" - "", "" - "", "" - "", "" -   "", "" -   "", "" -   "", "" -   "", null, null, null, null, null, null, null, null, null, "" -   "", null]"
wr_masterfile_coa_pl_246,snapshot_istantoro_2022_mar_2026,MASTERFILE COA PL,246,"[""514000"", ""BEBAN TUNJ KINERJA"", ""Upah, Gaji & Tunjangan"", "" -   "", "" -   "", "" -   "", "" -   "", "" -   "", "" -   "", "" -   "", "" -   "", "" -   "", "" -   "", "" -   "", "" -   "", "" - "", "" - "", "" - "", "" -   "", "" -   "", "" -   "", "" -   "", null, null, null, null, null, null, null, null, null, "" -   "", null]"
wr_masterfile_coa_pl_247,snapshot_istantoro_2022_mar_2026,MASTERFILE COA PL,247,"[""514100"", ""BEBAN KERUGIAN KLAIM"", ""Operasional Tenaga Kerja"", "" -   "", "" -   "", "" -   "", "" -   "", "" -   "", "" -   "", "" -   "", "" -   "", "" -   "", "" -   "", "" -   "", "" -   "", "" - "", "" - "", "" - "", "" -   "", "" -   "", "" -   "", "" -   "", null, null, null, null, null, null, null, null, null, "" -   "", null]"
wr_masterfile_coa_pl_248,snapshot_istantoro_2022_mar_2026,MASTERFILE COA PL,248,"[""514200"", ""BEBAN OPERASIONAL TENAGA KERJA OS"", ""Operasional Tenaga Kerja"", ""-132,718,158 "", ""-42,268,295.00 "", ""-27,086,000.00 "", "" -   "", ""-17,620,000 "", "" -   "", "" -   "", ""-21,964,088 "", "" 17,620,000 "", "" -   "", "" -   "", "" -   "", "" (8,072,092)"", "" (14,865,000)"", "" (1,880,000)"", ""-46,781,180.00 "", "" -   "", "" -   "", "" -   "", null, null, null, null, null, null, null, null, null, "" -   "", null]"
wr_masterfile_coa_pl_249,snapshot_istantoro_2022_mar_2026,MASTERFILE COA PL,249,"[""514300"", ""BEBAN PENGOBATAN"", ""Medical & Pengobatan"", ""-1,418,438,772 "", ""-687,689,996.00 "", ""-873,704,127.00 "", ""-85,700,402 "", ""-82,772,485 "", ""-98,407,093 "", ""-81,827,854 "", ""-96,829,118 "", ""-90,293,778 "", ""-91,034,578 "", ""-79,462,147 "", ""-42,016,709 "", "" (42,016,709)"", "" (42,016,709)"", "" (42,016,709)"", ""-874,394,291.03 "", ""-50,733,109 "", ""-50,974,872 "", ""-50,638,109 "", null, null, null, null, null, null, null, null, null, ""-152,346,090 "", null]"
wr_masterfile_coa_pl_250,snapshot_istantoro_2022_mar_2026,MASTERFILE COA PL,250,"[""514330"", ""BEBAN KARTU TANDA PENGENAL"", ""Operasional Tenaga Kerja"", ""-55,912,300 "", ""-79,993,718.00 "", ""-130,364,479.00 "", ""-4,553,000 "", ""-5,607,500 "", ""-4,503,500 "", ""-5,248,500 "", ""-5,862,400 "", ""-10,016,400 "", ""-5,214,000 "", ""-5,914,500 "", ""-10,805,500 "", "" (4,824,500)"", "" (6,021,870)"", "" (4,147,771)"", ""-72,719,441.00 "", ""-3,741,000 "", ""-7,250,000 "", ""-86,974,500 "", null, null, null, null, null, null, null, null, null, ""-97,965,500 "", null]"
wr_masterfile_coa_pl_251,snapshot_istantoro_2022_mar_2026,MASTERFILE COA PL,251,"[""514400"", ""BEBAN UPAH HARIAN PRA KONTRAK"", ""Upah, Gaji & Tunjangan"", "" -   "", "" -   "", "" -   "", "" -   "", "" -   "", "" -   "", "" -   "", "" -   "", "" -   "", "" -   "", "" -   "", "" -   "", "" - "", "" - "", "" - "", "" -   "", "" -   "", "" -   "", "" -   "", null, null, null, null, null, null, null, null, null, "" -   "", null]"
wr_masterfile_coa_pl_252,snapshot_istantoro_2022_mar_2026,MASTERFILE COA PL,252,"[""514500"", ""BEBAN INSENTIVE SALES PERSON"", ""Insentif & Bonus"", ""-2,191,596,764 "", ""-1,611,243,289.00 "", ""-264,943,452.00 "", "" -   "", "" -   "", "" -   "", ""-5,047,725 "", "" -   "", ""-3,648,200 "", "" -   "", ""-10,420,000 "", ""-6,135,000 "", "" (12,956,850)"", "" - "", "" - "", ""-38,207,775.00 "", "" -   "", "" -   "", "" -   "", null, null, null, null, null, null, null, null, null, "" -   "", null]"
wr_masterfile_coa_pl_253,snapshot_istantoro_2022_mar_2026,MASTERFILE COA PL,253,"[""514600"", ""BEBAN BIAYA TENDER"", ""Tender, Koreksi & Lainnya"", ""-333,063,521 "", ""-409,373,317.21 "", ""-286,151,300.00 "", ""-1,289,212 "", ""-4,738,269 "", ""-3,567,668 "", ""-2,150,000 "", ""-8,519,543 "", ""-659,000 "", ""-3,338,831 "", ""-795,000 "", ""-21,218,403 "", "" (19,952,637)"", "" (37,667,957)"", "" (7,593,396)"", ""-111,489,916.00 "", ""-19,399,111 "", ""-33,222,952 "", ""-15,281,316 "", null, null, null, null, null, null, null, null, null, ""-67,903,379 "", null]"
wr_masterfile_coa_pl_254,snapshot_istantoro_2022_mar_2026,MASTERFILE COA PL,254,"[""514900"", ""BEBAN RAPEL"", ""Rapel"", ""-7,161,443,338 "", ""-11,966,846,533.00 "", ""-12,239,770,493.13 "", ""-1,315,044,936 "", ""-1,983,128,044 "", ""-2,068,278,709 "", ""-1,746,379,109 "", ""-1,115,508,528 "", ""-1,098,684,168 "", ""-989,625,999 "", ""-406,935,300 "", ""-3,805,822,332 "", "" (1,551,731,993)"", "" (2,550,316,348)"", "" (2,762,335,291)"", ""-21,393,790,757.00 "", ""-2,126,527,734 "", ""-3,876,097,851 "", ""-2,089,191,261 "", null, null, null, null, null, null, null, null, null, ""-8,091,816,846 "", null]"
wr_masterfile_coa_pl_255,snapshot_istantoro_2022_mar_2026,MASTERFILE COA PL,255,"[""515000"", ""BEBAN MEDICAL CHECKUP DITAGIH"", ""Medical & Pengobatan"", ""-350,680,949 "", ""-292,838,842.00 "", ""-226,033,153.00 "", ""-16,860,991 "", ""-17,451,325 "", ""-16,620,084 "", ""-16,828,004 "", ""-10,898,837 "", ""-12,692,400 "", ""-12,837,171 "", ""-12,293,004 "", ""-8,933,004 "", "" (9,392,171)"", "" (7,506,171)"", "" (7,986,171)"", ""-150,299,333.00 "", ""-6,516,171 "", ""-6,207,171 "", ""-5,997,171 "", null, null, null, null, null, null, null, null, null, ""-18,720,513 "", null]"
wr_masterfile_coa_pl_256,snapshot_istantoro_2022_mar_2026,MASTERFILE COA PL,256,"[""515100"", ""BEBAN MEDICAL CHECKUP ISTANTORO"", ""Medical & Pengobatan"", "" 475,000 "", ""-1,300,000.00 "", "" -   "", "" -   "", "" -   "", "" -   "", "" -   "", "" -   "", "" -   "", "" -   "", "" -   "", "" -   "", "" - "", "" - "", "" - "", "" -   "", "" -   "", "" -   "", "" -   "", null, null, null, null, null, null, null, null, null, "" -   "", null]"
wr_masterfile_coa_pl_257,snapshot_istantoro_2022_mar_2026,MASTERFILE COA PL,257,"[""516000"", ""BEBAN BPJS KETENAGAKERJAAN"", ""Upah, Gaji & Tunjangan"", ""-45,484,615,211 "", ""-44,350,300,611.21 "", ""-59,015,522,827.67 "", ""-5,270,775,611 "", ""-5,447,268,014 "", ""-5,410,315,850 "", ""-4,506,876,751 "", ""-4,520,984,313 "", ""-4,455,146,758 "", ""-4,673,786,905 "", ""-6,277,801,280 "", ""-4,864,128,046 "", "" (5,380,421,441)"", "" (4,515,175,921)"", "" (6,022,161,686)"", ""-61,344,842,576.35 "", ""-5,169,669,894 "", ""-5,390,203,946 "", ""-4,771,382,267 "", null, null, null, null, null, null, null, null, null, ""-15,331,256,107 "", null]"
wr_masterfile_coa_pl_258,snapshot_istantoro_2022_mar_2026,MASTERFILE COA PL,258,"[""516300"", ""BEBAN BANTUAN KESEHATAN"", ""Medical & Pengobatan"", "" -   "", "" -   "", "" -   "", "" -   "", "" -   "", "" -   "", "" -   "", "" -   "", "" -   "", "" -   "", "" -   "", "" -   "", "" - "", "" - "", "" - "", "" -   "", "" -   "", "" -   "", "" -   "", null, null, null, null, null, null, null, null, null, "" -   "", null]"
wr_masterfile_coa_pl_259,snapshot_istantoro_2022_mar_2026,MASTERFILE COA PL,259,"[""517000"", ""BEBAN TUNJ BPJS KESEHATAN"", ""Upah, Gaji & Tunjangan"", ""-71,713,208,780 "", ""-71,757,075,697.95 "", ""-82,315,688,015.65 "", ""-6,999,462,809 "", ""-7,142,208,472 "", ""-7,140,535,790 "", ""-6,522,595,091 "", ""-6,507,228,039 "", ""-6,448,012,677 "", ""-6,602,377,908 "", ""-7,684,903,656 "", ""-6,909,238,944 "", "" (7,259,369,862)"", "" (6,824,704,627)"", "" (7,873,857,269)"", ""-83,914,495,143.67 "", ""-7,390,232,727 "", ""-7,606,474,207 "", ""-7,248,539,883 "", null, null, null, null, null, null, null, null, null, ""-22,245,246,817 "", null]"
wr_masterfile_coa_pl_260,snapshot_istantoro_2022_mar_2026,MASTERFILE COA PL,260,"[""517100"", ""BEBAN ASURANSI BJS"", ""Upah, Gaji & Tunjangan"", "" -   "", "" -   "", "" -   "", "" -   "", "" -   "", "" -   "", "" -   "", "" -   "", "" -   "", "" -   "", "" -   "", "" -   "", "" - "", "" - "", "" - "", "" -   "", "" -   "", "" -   "", "" -   "", null, null, null, null, null, null, null, null, null, "" -   "", null]"
wr_masterfile_coa_pl_261,snapshot_istantoro_2022_mar_2026,MASTERFILE COA PL,261,"[""517200"", ""BEBAN OPERASIONAL TAD LAINNYA"", ""Operasional Tenaga Kerja"", ""-3,000,000 "", ""-381,206,378.00 "", ""-7,492,470,996.34 "", ""-262,289,900 "", ""-591,080,966 "", ""-525,370,964 "", ""-263,378,548 "", ""-2,461,418,890 "", ""-1,191,378,613 "", "" 145,342,693 "", ""-335,038,271 "", ""-436,765,379 "", "" (412,906,571)"", "" (218,914,468)"", "" (293,691,156)"", ""-6,846,891,033.00 "", ""-361,346,822 "", ""-109,307,384 "", ""-187,764,845 "", null, null, null, null, null, null, null, null, null, ""-658,419,051 "", null]"
wr_masterfile_coa_pl_262,snapshot_istantoro_2022_mar_2026,MASTERFILE COA PL,262,"[""527000"", ""BEBAN JASA PENYEWAAN PROGRAM IT"", ""Tender, Koreksi & Lainnya"", "" -   "", "" -   "", "" -   "", "" -   "", "" -   "", "" -   "", "" -   "", "" -   "", "" -   "", "" -   "", "" -   "", ""-527,000 "", "" - "", "" - "", "" - "", ""-527,000.00 "", "" -   "", "" -   "", "" -   "", null, null, null, null, null, null, null, null, null, "" -   "", null]"
wr_masterfile_coa_pl_263,snapshot_istantoro_2022_mar_2026,MASTERFILE COA PL,263,"[null, ""TOTAL BEBAN POKOK MPO - TAD"", null, ""-3,322,458,503,874 "", ""-3,320,659,178,511.18 "", ""-3,738,053,586,206.18 "", ""-312,310,225,348 "", ""-311,712,972,488 "", ""-488,545,233,715 "", ""-291,883,759,533 "", ""-288,582,399,779 "", ""-297,534,084,259 "", ""-278,557,309,305 "", ""-264,437,340,109 "", ""-300,592,245,989 "", "" (279,708,899,461)"", "" (301,542,102,433)"", "" (310,954,394,574)"", ""-3,726,360,966,993.50 "", ""-312,914,346,952 "", ""-312,220,635,212 "", ""-413,124,006,276 "", null, null, null, null, null, null, null, null, null, ""-1,038,258,988,440 "", null]"
wr_masterfile_coa_pl_264,snapshot_istantoro_2022_mar_2026,MASTERFILE COA PL,264,"[null, null, null, "" -   "", "" -   "", "" -   "", "" -   "", "" -   "", "" -   "", "" -   "", "" -   "", "" -   "", "" -   "", "" -   "", "" -   "", "" - "", "" - "", "" - "", "" -   "", "" -   "", "" -   "", null, null, null, null, null, null, null, null, null, null, "" -   "", null]"
wr_masterfile_coa_pl_265,snapshot_istantoro_2022_mar_2026,MASTERFILE COA PL,265,"[""513504"", ""PEMASARAN/IKLAN DLM RANGKA RECRUTMENT"", ""Jasa Layananan dan Ops Rekrutmen"", ""-50,742,890 "", ""-12,500,000.00 "", ""-60,296,520.00 "", ""-113,810,550 "", "" -   "", "" -   "", "" -   "", "" -   "", ""-201,500 "", "" -   "", "" -   "", "" -   "", "" - "", "" - "", "" (447,375)"", ""-114,459,425.00 "", ""-260,000 "", "" -   "", "" -   "", null, null, null, null, null, null, null, null, null, ""-260,000 "", null]"
wr_masterfile_coa_pl_266,snapshot_istantoro_2022_mar_2026,MASTERFILE COA PL,266,"[""520001"", ""BEBAN JASA REKRUT Klien GROUP"", ""Jasa Head Hunter Klien"", ""-33,500 "", ""-141,282,700.00 "", ""-1,200,000.00 "", "" -   "", "" -   "", "" -   "", "" -   "", "" -   "", "" -   "", "" -   "", "" -   "", "" -   "", "" 2,000,000 "", "" 4,500,000 "", "" - "", "" 6,500,000.00 "", "" 3,000,000 "", "" -   "", "" -   "", null, null, null, null, null, null, null, null, null, "" 3,000,000 "", null]"
wr_masterfile_coa_pl_267,snapshot_istantoro_2022_mar_2026,MASTERFILE COA PL,267,"[""520002"", ""BEBAN JASA ASSESMENT Klien GROUP"", ""Jasa Assesment dan Psikotest Klien"", "" -   "", ""-10,126,175.00 "", ""-17,600,500.00 "", "" -   "", "" -   "", ""-2,250,000 "", "" -   "", "" -   "", "" -   "", ""-7,900,000 "", ""-5,625,000 "", ""-12,465,000 "", "" (4,105,261)"", "" - "", "" - "", ""-32,345,261.00 "", "" -   "", "" -   "", "" -   "", null, null, null, null, null, null, null, null, null, "" -   "", null]"
wr_masterfile_coa_pl_268,snapshot_istantoro_2022_mar_2026,MASTERFILE COA PL,268,"[""520003"", ""BEBAN JASA HEAD HUNTER Klien GROUP"", ""Jasa Head Hunter Klien"", ""-1,697,630,143 "", ""-4,215,171,108.00 "", ""-3,424,679,345.00 "", ""-273,859,660 "", ""-171,826,055 "", ""-125,565,960 "", ""-130,652,470 "", ""-146,959,750 "", ""-105,425,000 "", ""-255,839,155 "", ""-329,894,600 "", ""-372,969,792 "", "" (594,723,063)"", "" (234,702,405)"", "" (418,739,370)"", ""-3,161,157,280.00 "", ""-256,970,890 "", ""-278,637,500 "", ""-213,013,750 "", null, null, null, null, null, null, null, null, null, ""-748,622,140 "", null]"
wr_masterfile_coa_pl_269,snapshot_istantoro_2022_mar_2026,MASTERFILE COA PL,269,"[""520004"", ""BEBAN JASA PSIKOTEST Klien GROUP"", ""Jasa Assesment dan Psikotest Klien"", ""-100,121,100 "", ""-206,446,155.00 "", ""-230,355,301.00 "", ""-8,630,000 "", ""-5,280,000 "", ""-12,445,000 "", ""-6,900,000 "", ""-14,240,000 "", ""-11,170,000 "", ""-13,287,500 "", ""-8,400,000 "", "" -   "", "" (1,100,000)"", "" (1,775,000)"", "" (13,935,000)"", ""-97,162,500.00 "", ""-700,000 "", "" -   "", ""-3,260,000 "", null, null, null, null, null, null, null, null, null, ""-3,960,000 "", null]"
wr_masterfile_coa_pl_270,snapshot_istantoro_2022_mar_2026,MASTERFILE COA PL,270,"[""520005"", ""BEBAN TERKAIT JASA REKRUTMENT Klien GROUP"", ""Jasa Head Hunter Klien"", ""-281,034,328 "", ""-3,762,517,706.50 "", ""-7,420,762,694.00 "", ""-2,337,595,000 "", ""-644,427,536 "", ""-153,382,700 "", ""-44,337,500 "", "" 1,819,133,000 "", ""-364,200,000 "", ""-1,448,263,000 "", ""-1,235,919,000 "", ""-1,184,727,800 "", "" (1,845,446,500)"", "" (1,756,887,750)"", "" (1,753,635,000)"", ""-10,949,688,786.00 "", ""-1,905,300,000 "", ""-49,110,000 "", ""-7,290,000 "", null, null, null, null, null, null, null, null, null, ""-1,961,700,000 "", null]"
wr_masterfile_coa_pl_271,snapshot_istantoro_2022_mar_2026,MASTERFILE COA PL,271,"[""520006"", ""BEBAN TERKAIT JASA BACKGROUND CHECKING & SCREENING Klien GROUP"", ""Jasa Assesment dan Psikotest Klien"", ""-27,960,000 "", ""-287,125,843.50 "", ""-431,162,000.00 "", "" -   "", ""-18,527,026 "", "" -   "", "" -   "", "" -   "", "" -   "", ""-2,750,000 "", ""-43,000,000 "", "" -   "", "" - "", "" - "", "" - "", ""-64,277,026.00 "", "" -   "", "" -   "", "" -   "", null, null, null, null, null, null, null, null, null, "" -   "", null]"
wr_masterfile_coa_pl_272,snapshot_istantoro_2022_mar_2026,MASTERFILE COA PL,272,"[""520007"", ""BEBAN JASA REKRUT NON Klien"", ""Jasa Head Hunter Non Captive"", "" -   "", ""-67,191,670.00 "", ""-2,315,000.00 "", "" -   "", "" -   "", "" -   "", "" -   "", "" -   "", "" -   "", "" -   "", "" -   "", "" -   "", "" - "", "" - "", "" - "", "" -   "", "" -   "", "" -   "", "" -   "", null, null, null, null, null, null, null, null, null, "" -   "", null]"
wr_masterfile_coa_pl_273,snapshot_istantoro_2022_mar_2026,MASTERFILE COA PL,273,"[""520008"", ""BEBAN JASA ASSESMENT NON Klien"", ""Jasa Assesment dan Psikotest Non Captive"", ""-9,295,000 "", ""-146,768,379.00 "", ""-223,740,103.00 "", ""-52,900,000 "", ""-18,100,000 "", ""-400,000 "", ""-875,000 "", "" -   "", ""-2,560,000 "", ""-5,355,000 "", "" -   "", ""-2,312,200 "", "" (2,834,000)"", "" (2,004,000)"", "" (9,670,100)"", ""-97,010,300.00 "", ""-7,668,396 "", ""-7,023,750 "", ""-90,000 "", null, null, null, null, null, null, null, null, null, ""-14,782,146 "", null]"
wr_masterfile_coa_pl_274,snapshot_istantoro_2022_mar_2026,MASTERFILE COA PL,274,"[""520009"", ""BEBAN JASA HEAD HUNTER NON Klien"", ""Jasa Head Hunter Non Captive"", ""-2,108,000 "", ""-35,033,600.00 "", ""-10,743,512.00 "", ""-6,000,000 "", "" -   "", "" -   "", "" -   "", ""-17,870,000 "", "" -   "", "" -   "", "" -   "", ""-818,183 "", "" (11,358,717)"", "" - "", "" (36,200,000)"", ""-72,246,900.00 "", ""-5,179,000 "", ""-52,640,000 "", ""-4,068,000 "", null, null, null, null, null, null, null, null, null, ""-61,887,000 "", null]"
wr_masterfile_coa_pl_275,snapshot_istantoro_2022_mar_2026,MASTERFILE COA PL,275,"[""520010"", ""BEBAN JASA PSIKOTEST NON Klien"", ""Jasa Assesment dan Psikotest Non Captive"", ""-59,217,310 "", ""-170,187,485.00 "", ""-105,668,653.00 "", ""-6,800,000 "", ""-4,398,000 "", ""-625,000 "", ""-4,320,300 "", ""-1,975,000 "", ""-20,363,600 "", ""-20,523,751 "", ""-11,280,000 "", ""-13,995,000 "", "" (4,200,000)"", "" (2,046,000)"", "" (10,682,600)"", ""-101,209,251.00 "", ""-1,845,000 "", ""-4,980,000 "", ""-14,795,000 "", null, null, null, null, null, null, null, null, null, ""-21,620,000 "", null]"
wr_masterfile_coa_pl_276,snapshot_istantoro_2022_mar_2026,MASTERFILE COA PL,276,"[""520011"", ""BEBAN TERKAIT JASA REKRUTMENT NON Klien"", ""Jasa Head Hunter Non Captive"", ""-45,727,000 "", ""-720,336,363.00 "", ""-354,942,200.00 "", "" -   "", ""-9,825,000 "", ""-60,300,000 "", ""-225,000 "", ""-51,900,000 "", ""-94,825,300 "", ""-18,347,920 "", ""-4,575,000 "", ""-12,275,000 "", "" (20,400,000)"", "" (15,720,930)"", "" (1,350,000)"", ""-289,744,150.00 "", ""-3,960,000 "", "" -   "", "" -   "", null, null, null, null, null, null, null, null, null, ""-3,960,000 "", null]"
wr_masterfile_coa_pl_277,snapshot_istantoro_2022_mar_2026,MASTERFILE COA PL,277,"[""520012"", ""BEBAN TERKAIT JASA BACKGROUND CHECKING & SCREENING NON Klien"", ""Jasa Assesment dan Psikotest Non Captive"", "" -   "", ""-1,481,850.00 "", ""-8,340,000.00 "", "" -   "", ""-1,800,000 "", "" -   "", "" -   "", "" -   "", "" -   "", ""-555,000 "", "" -   "", "" -   "", "" - "", "" - "", "" - "", ""-2,355,000.00 "", "" -   "", "" -   "", "" -   "", null, null, null, null, null, null, null, null, null, "" -   "", null]"
wr_masterfile_coa_pl_278,snapshot_istantoro_2022_mar_2026,MASTERFILE COA PL,278,"[""522000"", ""BEBAN JASA RECRUTMENT"", ""Jasa Head Hunter Klien"", ""-857,353,780 "", ""-1,545,000.00 "", ""-509,000.00 "", "" -   "", "" -   "", ""-2,106,790 "", ""-1,927,210 "", "" -   "", "" 4,000,000 "", "" -   "", ""-200,000 "", "" -   "", "" - "", "" 2,000,000 "", "" (2,065,760)"", ""-299,760.00 "", "" -   "", ""-5,265,000 "", "" -   "", null, null, null, null, null, null, null, null, null, ""-5,265,000 "", null]"
wr_masterfile_coa_pl_279,snapshot_istantoro_2022_mar_2026,MASTERFILE COA PL,279,"[""522001"", ""TEST TERTULIS,WAWACARA,KESEHATAN"", ""Jasa Layananan dan Ops Rekrutmen"", "" -   "", "" -   "", "" -   "", "" -   "", "" -   "", "" -   "", "" -   "", "" -   "", "" -   "", "" -   "", "" -   "", "" -   "", "" - "", "" - "", "" - "", "" -   "", "" -   "", "" -   "", "" -   "", null, null, null, null, null, null, null, null, null, "" -   "", null]"
wr_masterfile_coa_pl_280,snapshot_istantoro_2022_mar_2026,MASTERFILE COA PL,280,"[""522002"", ""SPJ DALAM RANGKA RECRUTMENT"", ""Jasa Layananan dan Ops Rekrutmen"", "" -   "", "" -   "", "" -   "", "" -   "", "" -   "", "" -   "", "" -   "", "" -   "", "" -   "", "" -   "", "" -   "", "" -   "", "" - "", "" - "", "" - "", "" -   "", "" -   "", "" -   "", "" -   "", null, null, null, null, null, null, null, null, null, "" -   "", null]"
wr_masterfile_coa_pl_281,snapshot_istantoro_2022_mar_2026,MASTERFILE COA PL,281,"[""522003"", ""PEMASARAN/IKLAN DLM RANGKA RECRUTMENT"", ""Jasa Layananan dan Ops Rekrutmen"", "" -   "", "" -   "", "" -   "", "" -   "", "" -   "", "" -   "", "" -   "", "" -   "", "" -   "", "" -   "", "" -   "", "" -   "", "" - "", "" - "", "" - "", "" -   "", "" -   "", "" -   "", "" -   "", null, null, null, null, null, null, null, null, null, "" -   "", null]"
wr_masterfile_coa_pl_282,snapshot_istantoro_2022_mar_2026,MASTERFILE COA PL,282,"[""524000"", ""BEBAN JASA ASSESMENT"", ""Jasa Assesment dan Psikotest Non Captive"", ""-293,625,800 "", ""-466,000.00 "", ""-4,841,003.00 "", "" -   "", "" -   "", "" -   "", "" -   "", "" -   "", "" -   "", "" -   "", "" -   "", "" -   "", "" - "", "" - "", "" (3,140,000)"", ""-3,140,000.00 "", "" -   "", "" -   "", "" -   "", null, null, null, null, null, null, null, null, null, "" -   "", null]"
wr_masterfile_coa_pl_283,snapshot_istantoro_2022_mar_2026,MASTERFILE COA PL,283,"[""524000"", ""BEBAN JASA HEAD HUNTER"", ""Jasa Assesment dan Psikotest Non Captive"", ""-920,407,303 "", ""-3,577,600.00 "", "" 895,000.00 "", "" -   "", "" -   "", "" -   "", ""-2,182,300 "", ""-2,266,000 "", "" -   "", ""-300,000 "", ""-870,000 "", ""-562,100 "", "" (2,700,007)"", "" (850,000)"", "" (400,000)"", ""-10,130,407.00 "", "" -   "", "" -   "", ""-481,400 "", null, null, null, null, null, null, null, null, null, ""-481,400 "", null]"
wr_masterfile_coa_pl_284,snapshot_istantoro_2022_mar_2026,MASTERFILE COA PL,284,"[""526000"", ""BEBAN JASA PSIKOTEST"", ""Jasa Assesment dan Psikotest Non Captive"", ""-440,048,000 "", ""-13,012,000.00 "", ""-228,606,000.00 "", "" -   "", ""-600,000 "", "" -   "", "" -   "", "" -   "", "" -   "", "" -   "", "" -   "", ""-73,500 "", "" - "", "" - "", "" - "", ""-673,500.00 "", "" -   "", "" -   "", "" -   "", null, null, null, null, null, null, null, null, null, "" -   "", null]"
wr_masterfile_coa_pl_285,snapshot_istantoro_2022_mar_2026,MASTERFILE COA PL,285,"[""526001"", ""BEBAN BFLP"", ""BFLP - BBOP Klien"", ""-348,340,000 "", ""-491,375,000.00 "", "" -   "", "" -   "", "" -   "", "" -   "", "" -   "", "" -   "", "" -   "", "" -   "", "" -   "", "" -   "", "" - "", "" - "", "" - "", "" -   "", "" -   "", "" -   "", "" -   "", null, null, null, null, null, null, null, null, null, "" -   "", null]"
wr_masterfile_coa_pl_286,snapshot_istantoro_2022_mar_2026,MASTERFILE COA PL,286,"[""526002"", ""BEBAN BBOP"", ""BFLP - BBOP Klien"", ""-668,259,866 "", ""-793,054,963.00 "", ""-497,617,556.00 "", "" -   "", ""-32,301,800 "", ""-40,177,500 "", ""-12,807,700 "", ""-16,290,000 "", ""-90,754,015 "", ""-25,442,520 "", ""-88,412,100 "", ""-42,966,750 "", "" (17,256,000)"", "" 15,277,750 "", "" - "", ""-351,130,635.00 "", "" -   "", "" -   "", "" -   "", null, null, null, null, null, null, null, null, null, "" -   "", null]"
wr_masterfile_coa_pl_287,snapshot_istantoro_2022_mar_2026,MASTERFILE COA PL,287,"[""526003"", ""BEBAN JASA LAYANAN (MCU, ENGLISH TEST)"", ""Jasa Layananan dan Ops Rekrutmen"", ""-195,441,638 "", "" -   "", "" -   "", "" -   "", "" -   "", "" -   "", "" -   "", "" -   "", "" -   "", "" -   "", "" -   "", "" -   "", "" - "", "" - "", "" - "", "" -   "", "" -   "", "" -   "", "" -   "", null, null, null, null, null, null, null, null, null, "" -   "", null]"
wr_masterfile_coa_pl_288,snapshot_istantoro_2022_mar_2026,MASTERFILE COA PL,288,"[null, ""TOTAL BEBAN POKOK MPO - RAB"", null, ""-5,997,345,658 "", ""-11,079,199,598.00 "", ""-13,022,484,387.00 "", ""-2,799,595,210 "", ""-907,085,417 "", ""-397,252,950 "", ""-204,227,480 "", "" 1,567,632,250 "", ""-685,499,415 "", ""-1,798,563,846 "", ""-1,728,175,700 "", ""-1,643,165,325 "", "" (2,502,123,548)"", "" (1,992,208,335)"", "" (2,250,265,205)"", ""-15,340,530,181.00 "", ""-2,178,883,286 "", ""-397,656,250 "", ""-242,998,150 "", null, null, null, null, null, null, null, null, null, ""-2,819,537,686 "", null]"
wr_masterfile_coa_pl_289,snapshot_istantoro_2022_mar_2026,MASTERFILE COA PL,289,"[null, null, null, "" -   "", "" -   "", "" -   "", "" -   "", "" -   "", "" -   "", "" -   "", "" -   "", "" -   "", "" -   "", "" -   "", "" -   "", "" - "", "" - "", "" - "", "" -   "", "" -   "", "" -   "", null, null, null, null, null, null, null, null, null, null, "" -   "", null]"
wr_masterfile_coa_pl_290,snapshot_istantoro_2022_mar_2026,MASTERFILE COA PL,290,"[null, ""TOTAL BEBAN MPO (MAN POWER OUTSOURCING)"", null, ""-3,328,455,849,532 "", ""-3,331,738,378,109.18 "", ""-3,751,076,070,593.18 "", ""-315,109,820,558 "", ""-312,620,057,905 "", ""-488,942,486,665 "", ""-292,087,987,013 "", ""-287,014,767,529 "", ""-298,219,583,674 "", ""-280,355,873,151 "", ""-266,165,515,809 "", ""-302,235,411,314 "", "" (282,211,023,009)"", "" (303,534,310,768)"", "" (313,204,659,779)"", ""-3,741,701,497,174.50 "", ""-315,093,230,238 "", ""-312,618,291,462 "", ""-413,367,004,426 "", null, null, null, null, null, null, null, null, null, ""-1,041,078,526,126 "", null]"
wr_masterfile_coa_pl_291,snapshot_istantoro_2022_mar_2026,MASTERFILE COA PL,291,"[null, null, null, "" -   "", "" -   "", "" -   "", "" -   "", "" -   "", "" -   "", "" -   "", "" -   "", "" -   "", "" -   "", "" -   "", "" -   "", "" - "", "" - "", "" - "", "" -   "", "" -   "", "" -   "", null, null, null, null, null, null, null, null, null, null, "" -   "", null]"
wr_masterfile_coa_pl_292,snapshot_istantoro_2022_mar_2026,MASTERFILE COA PL,292,"[null, ""TOTAL BEBAN BUSINESS PROCESS OUTSOURCING"", null, "" -   "", "" -   "", "" -   "", "" -   "", "" -   "", "" -   "", "" -   "", "" -   "", "" -   "", "" -   "", "" -   "", "" -   "", "" - "", "" - "", "" - "", "" -   "", "" -   "", "" -   "", null, null, null, null, null, null, null, null, null, null, "" -   "", null]"
wr_masterfile_coa_pl_293,snapshot_istantoro_2022_mar_2026,MASTERFILE COA PL,293,"[""518001"", ""BEBAN DATA ENTRY"", ""Other Managed Services (QA, E-Arsip, EO)"", ""-199,362,291 "", ""-103,664,292.00 "", ""-2,894,500.00 "", "" -   "", "" -   "", "" -   "", "" -   "", "" -   "", "" -   "", "" -   "", "" -   "", "" -   "", "" - "", "" - "", "" - "", "" -   "", "" -   "", "" -   "", "" -   "", null, null, null, null, null, null, null, null, null, "" -   "", null]"
wr_masterfile_coa_pl_294,snapshot_istantoro_2022_mar_2026,MASTERFILE COA PL,294,"[""518002"", ""BEBAN DATA SCANNING & UPLOADING"", ""Other Managed Services (QA, E-Arsip, EO)"", ""-16,646,264 "", ""-301,785,940.00 "", "" -   "", "" -   "", "" -   "", "" -   "", "" -   "", "" -   "", "" -   "", "" -   "", "" -   "", "" -   "", "" - "", "" - "", "" - "", "" -   "", "" -   "", "" -   "", "" -   "", null, null, null, null, null, null, null, null, null, "" -   "", null]"
wr_masterfile_coa_pl_295,snapshot_istantoro_2022_mar_2026,MASTERFILE COA PL,295,"[""518003"", ""BEBAN PHONE VERIFIKATOR"", ""Other Managed Services (QA, E-Arsip, EO)"", ""-6,794,057 "", "" -   "", "" -   "", "" -   "", "" -   "", "" -   "", "" -   "", "" -   "", "" -   "", "" -   "", "" -   "", "" -   "", "" - "", "" - "", "" - "", "" -   "", "" -   "", "" -   "", "" -   "", null, null, null, null, null, null, null, null, null, "" -   "", null]"
wr_masterfile_coa_pl_296,snapshot_istantoro_2022_mar_2026,MASTERFILE COA PL,296,"[""518004"", ""BEBAN CARD PROVIDER"", ""Other Managed Services (QA, E-Arsip, EO)"", "" -   "", "" -   "", "" -   "", "" -   "", "" -   "", "" -   "", "" -   "", "" -   "", "" -   "", "" -   "", "" -   "", "" -   "", "" - "", "" - "", "" - "", "" -   "", "" -   "", "" -   "", "" -   "", null, null, null, null, null, null, null, null, null, "" -   "", null]"
wr_masterfile_coa_pl_297,snapshot_istantoro_2022_mar_2026,MASTERFILE COA PL,297,"[""518005"", ""BEBAN COLLECTION"", ""Other Managed Services (QA, E-Arsip, EO)"", "" -   "", "" -   "", ""-212,748,655.00 "", ""-50,548,060 "", ""-38,809,716 "", ""-46,886,597 "", ""-46,207,141 "", ""-4,802,966,157 "", ""-49,897,268 "", ""-39,643,624 "", ""-42,154,468 "", ""-54,123,804 "", "" (65,671,757)"", "" (61,142,455)"", "" (62,276,225)"", ""-5,360,327,272.00 "", ""-53,663,968 "", ""-91,711,469 "", ""-74,903,096 "", null, null, null, null, null, null, null, null, null, ""-220,278,533 "", null]"
wr_masterfile_coa_pl_298,snapshot_istantoro_2022_mar_2026,MASTERFILE COA PL,298,"[""518006"", ""BEBAN FIELD SURVEYOR"", ""Other Managed Services (QA, E-Arsip, EO)"", "" -   "", "" -   "", "" -   "", "" -   "", "" -   "", "" -   "", "" -   "", "" -   "", "" -   "", "" -   "", "" -   "", "" -   "", "" - "", "" - "", "" - "", "" -   "", "" -   "", "" -   "", "" -   "", null, null, null, null, null, null, null, null, null, "" -   "", null]"
wr_masterfile_coa_pl_299,snapshot_istantoro_2022_mar_2026,MASTERFILE COA PL,299,"[""518007"", ""BEBAN SKIP TRACER"", ""Other Managed Services (QA, E-Arsip, EO)"", "" -   "", "" -   "", "" -   "", "" -   "", "" -   "", "" -   "", "" -   "", "" -   "", "" -   "", "" -   "", "" -   "", "" -   "", "" - "", "" - "", "" - "", "" -   "", "" -   "", "" -   "", "" -   "", null, null, null, null, null, null, null, null, null, "" -   "", null]"
wr_masterfile_coa_pl_300,snapshot_istantoro_2022_mar_2026,MASTERFILE COA PL,300,"[""518008"", ""BEBAN CALL CENTER"", ""Other Managed Services (QA, E-Arsip, EO)"", "" -   "", "" -   "", "" -   "", "" -   "", "" -   "", "" -   "", "" -   "", "" -   "", "" -   "", "" -   "", "" -   "", "" -   "", "" - "", "" - "", "" - "", "" -   "", "" -   "", "" -   "", "" -   "", null, null, null, null, null, null, null, null, null, "" -   "", null]"
wr_masterfile_coa_pl_301,snapshot_istantoro_2022_mar_2026,MASTERFILE COA PL,301,"[""518010"", ""BEBAN BISNIS PROSES LAIN-LAIN"", ""Other Managed Services (QA, E-Arsip, EO)"", ""-933,738,843 "", ""-134,081,576.00 "", ""-11,130,842,247.00 "", ""-3,115,353,892 "", ""-3,252,957,801 "", ""-4,344,029,339 "", ""-3,023,872,143 "", ""-4,665,248,650 "", ""-2,132,128,537 "", ""-2,860,186,157 "", ""-2,376,788,032 "", ""-2,363,408,577 "", "" (1,824,689,898)"", "" (1,442,071,771)"", "" (1,778,767,549)"", ""-33,179,502,346.00 "", ""-1,548,695,146 "", ""-1,226,091,339 "", ""-1,237,927,461 "", null, null, null, null, null, null, null, null, null, ""-4,012,713,946 "", null]"
wr_masterfile_coa_pl_302,snapshot_istantoro_2022_mar_2026,MASTERFILE COA PL,302,"[""518011"", ""BEBAN COLLECTION CC Klien"", ""Managed Services Collection"", "" -   "", "" -   "", "" -   "", "" -   "", "" -   "", "" -   "", "" -   "", "" -   "", "" -   "", "" -   "", "" -   "", "" -   "", "" - "", "" - "", "" - "", "" -   "", "" -   "", "" -   "", "" -   "", null, null, null, null, null, null, null, null, null, "" -   "", null]"
wr_masterfile_coa_pl_303,snapshot_istantoro_2022_mar_2026,MASTERFILE COA PL,303,"[""518012"", ""BEBAN COLLECTION BNI"", ""Managed Services Collection"", "" -   "", "" -   "", "" -   "", "" -   "", "" -   "", "" -   "", "" -   "", "" -   "", "" -   "", "" -   "", "" -   "", "" -   "", "" - "", "" - "", "" - "", "" -   "", "" -   "", "" -   "", "" -   "", null, null, null, null, null, null, null, null, null, "" -   "", null]"
wr_masterfile_coa_pl_304,snapshot_istantoro_2022_mar_2026,MASTERFILE COA PL,304,"[""518013"", ""BEBAN COLLECTION MIKRO Klien"", ""Managed Services Collection"", ""-7,198,925,240 "", ""-191,802.00 "", "" -   "", "" -   "", "" -   "", "" -   "", "" -   "", "" -   "", "" -   "", "" -   "", "" -   "", "" -   "", "" - "", "" - "", "" - "", "" -   "", "" -   "", "" -   "", "" -   "", null, null, null, null, null, null, null, null, null, "" -   "", null]"
wr_masterfile_coa_pl_305,snapshot_istantoro_2022_mar_2026,MASTERFILE COA PL,305,"[""518014"", ""BEBAN COLLECTION"", ""Managed Services Collection"", "" -   "", "" -   "", "" -   "", "" -   "", "" -   "", "" -   "", "" -   "", "" -   "", "" -   "", "" -   "", "" -   "", "" -   "", "" - "", "" - "", "" - "", "" -   "", "" -   "", "" -   "", "" -   "", null, null, null, null, null, null, null, null, null, "" -   "", null]"
wr_masterfile_coa_pl_306,snapshot_istantoro_2022_mar_2026,MASTERFILE COA PL,306,"[""518015"", ""BEBAN ARSIP"", ""Other Managed Services (QA, E-Arsip, EO)"", ""-1,280,541,120 "", ""-1,400,000.00 "", "" -   "", "" -   "", "" -   "", "" -   "", "" -   "", "" -   "", "" -   "", "" -   "", "" -   "", "" -   "", "" - "", "" - "", "" - "", "" -   "", "" -   "", "" -   "", "" -   "", null, null, null, null, null, null, null, null, null, "" -   "", null]"
wr_masterfile_coa_pl_307,snapshot_istantoro_2022_mar_2026,MASTERFILE COA PL,307,"[""518016"", ""BEBAN SFT KPR"", ""Managed Services Sales - KPR"", ""-1,602,836,257 "", "" -   "", "" -   "", "" -   "", "" -   "", "" -   "", "" -   "", "" -   "", "" -   "", "" -   "", "" -   "", "" -   "", "" - "", "" - "", "" - "", "" -   "", "" -   "", "" -   "", "" -   "", null, null, null, null, null, null, null, null, null, "" -   "", null]"
wr_masterfile_coa_pl_308,snapshot_istantoro_2022_mar_2026,MASTERFILE COA PL,308,"[""527001"", ""BEBAN MANAGED SERVICE COLLECTION"", ""Managed Services Collection"", ""-7,068,016,251 "", ""-17,225,980,217.00 "", ""-30,987,284,881.00 "", ""-1,932,040,786 "", ""-690,416,578 "", ""-88,828,499 "", ""-321,766,685 "", ""-166,703,434 "", ""-208,434,046 "", ""-169,327,300 "", ""-251,794,968 "", ""-253,211,198 "", "" (33,175,443)"", "" (81,651,579)"", "" (71,936,951)"", ""-4,269,287,467.00 "", ""-102,732,071 "", ""-10,891,797 "", ""-116,608,711 "", null, null, null, null, null, null, null, null, null, ""-230,232,579 "", null]"
wr_masterfile_coa_pl_309,snapshot_istantoro_2022_mar_2026,MASTERFILE COA PL,309,"[""527002"", ""BEBAN MANAGED SERVICES KPR"", ""Managed Services Sales - KPR"", ""-6,270,442,979 "", ""-27,141,360,116.00 "", ""-26,712,078,328.00 "", ""-1,882,681,203 "", ""-2,652,962,769 "", ""-1,956,736,999 "", ""-1,768,365,244 "", ""-964,135,912 "", ""-1,547,912,127 "", ""-1,560,810,188 "", ""-1,749,399,451 "", ""-1,671,390,896 "", "" (1,456,275,272)"", "" (2,879,973,670)"", "" (1,380,713,135)"", ""-21,471,356,866.00 "", ""-1,661,836,775 "", ""-1,007,405,738 "", ""-1,443,599,833 "", null, null, null, null, null, null, null, null, null, ""-4,112,842,346 "", null]"
wr_masterfile_coa_pl_310,snapshot_istantoro_2022_mar_2026,MASTERFILE COA PL,310,"[""527003"", ""BEBAN MANAGED SERVICES BRIGUNA"", ""Managed Services Sales - BRIGUNA"", ""-6,248,506,063 "", ""-26,163,748,382.00 "", ""-33,472,914,717.00 "", ""-2,082,024,565 "", ""-1,035,027,811 "", ""-1,093,093,267 "", ""-793,847,386 "", ""-925,138,116 "", ""-1,087,112,399 "", ""-1,120,186,738 "", ""-1,608,094,917 "", ""-1,346,045,994 "", "" (1,690,959,856)"", "" (905,978,417)"", "" (2,407,537,696)"", ""-16,095,047,162.00 "", ""-2,560,822,445 "", ""-1,814,522,519 "", ""-1,670,097,458 "", null, null, null, null, null, null, null, null, null, ""-6,045,442,422 "", null]"
wr_masterfile_coa_pl_311,snapshot_istantoro_2022_mar_2026,MASTERFILE COA PL,311,"[""527004"", ""BEBAN MANAGED SERVICES FUNDING DAN PAYMENT (CCBRITAMA DLL)"", ""Managed Services Sales - Funding"", ""-759,389,716 "", ""-16,702,898,970.00 "", ""-10,018,576,845.00 "", ""-6,757,500 "", "" -   "", "" -   "", "" -   "", "" -   "", "" -   "", "" -   "", "" -   "", ""-2,640,000 "", "" - "", "" - "", "" (21,750,000)"", ""-31,147,500.00 "", "" -   "", "" -   "", "" -   "", null, null, null, null, null, null, null, null, null, "" -   "", null]"
wr_masterfile_coa_pl_312,snapshot_istantoro_2022_mar_2026,MASTERFILE COA PL,312,"[""527005"", ""BEBAN MANAGED SERVICES SALES"", ""Managed Services Sales - Lainnya"", ""-228,098,756 "", ""-257,462,872.00 "", "" -   "", ""-53,225,000 "", "" -   "", ""-13,725,000 "", ""-5,600,000 "", ""-1,396,000 "", "" -   "", "" -   "", "" -   "", "" -   "", "" (2,900,000)"", "" - "", "" (24,600,000)"", ""-101,446,000.00 "", ""-900,000 "", "" -   "", "" -   "", null, null, null, null, null, null, null, null, null, ""-900,000 "", null]"
wr_masterfile_coa_pl_313,snapshot_istantoro_2022_mar_2026,MASTERFILE COA PL,313,"[""527006"", ""BEBAN MANAGED SERVICES QA (PREMISES, PEOPLE, DLL)"", ""Other Managed Services (QA, E-Arsip, EO)"", ""-884,661,858 "", ""-130,895,780.00 "", ""-414,623,669.00 "", "" -   "", "" -   "", "" -   "", ""-249,998,370 "", "" -   "", "" -   "", "" -   "", "" -   "", "" -   "", "" - "", "" - "", "" - "", ""-249,998,370.00 "", "" -   "", "" -   "", "" -   "", null, null, null, null, null, null, null, null, null, "" -   "", null]"
wr_masterfile_coa_pl_314,snapshot_istantoro_2022_mar_2026,MASTERFILE COA PL,314,"[""527007"", ""BEBAN MANAGED SERVICES E-ARSIP"", ""Managed Services Collection"", ""-1,236,018,258 "", ""-1,759,847,005.00 "", ""-1,367,839,116.00 "", ""-57,934,850 "", ""-96,360,000 "", ""-20,000,000 "", "" -   "", "" -   "", "" -   "", "" -   "", "" -   "", "" -   "", "" - "", "" - "", "" - "", ""-174,294,850.00 "", "" -   "", "" -   "", "" -   "", null, null, null, null, null, null, null, null, null, "" -   "", null]"
wr_masterfile_coa_pl_315,snapshot_istantoro_2022_mar_2026,MASTERFILE COA PL,315,"[""527008"", ""BEBAN MANAGED SERVICES LAINNYA"", ""Managed Services Collection"", ""-458,501,632 "", ""-3,496,129,405.00 "", ""-1,554,943,816.00 "", ""-1,302,136,853 "", ""-5,079,460,116 "", ""-397,403,181 "", ""-20,000,000 "", "" 1,672,338,258 "", ""-22,257,600 "", "" -   "", ""-34,000,000 "", ""-242,106,831 "", "" (151,721,873)"", "" (16,726,500)"", "" (296,174,740)"", ""-5,889,649,436.00 "", "" -   "", "" -   "", "" -   "", null, null, null, null, null, null, null, null, null, "" -   "", null]"
wr_masterfile_coa_pl_316,snapshot_istantoro_2022_mar_2026,MASTERFILE COA PL,316,"[""528001"", ""BEBAN DIRECT SALES, SALES FORCE TEAM, SALES EXECUTIVE"", ""Managed Services Collection"", ""-261,854,145 "", "" -   "", ""-3,681,613,729.00 "", ""-1,071,099,722 "", ""-812,171,882 "", ""-1,042,570,510 "", ""-643,641,193 "", ""-2,643,296,985 "", ""-1,027,634,782 "", ""-1,070,181,140 "", ""-1,150,902,529 "", ""-978,147,445 "", "" (967,881,079)"", "" (979,726,717)"", "" (1,013,968,010)"", ""-13,401,221,994.00 "", ""-848,569,632 "", ""-795,120,275 "", ""-882,410,907 "", null, null, null, null, null, null, null, null, null, ""-2,526,100,814 "", null]"
wr_masterfile_coa_pl_317,snapshot_istantoro_2022_mar_2026,MASTERFILE COA PL,317,"[""528002"", ""BEBAN TELESALES TELEUSAGE"", ""Managed Services Collection"", ""-222,205,646 "", ""-83,555,887.00 "", "" -   "", "" -   "", "" -   "", "" -   "", "" -   "", "" -   "", "" -   "", "" -   "", "" -   "", "" -   "", "" - "", "" - "", "" - "", "" -   "", "" -   "", "" -   "", "" -   "", null, null, null, null, null, null, null, null, null, "" -   "", null]"
wr_masterfile_coa_pl_318,snapshot_istantoro_2022_mar_2026,MASTERFILE COA PL,318,"[""528003"", ""BEBAN SPG/SPB/Usher"", ""Managed Services Collection"", ""-18,284,552 "", "" -   "", ""-72,500,000.00 "", "" -   "", "" -   "", "" -   "", "" -   "", "" -   "", "" -   "", "" -   "", "" -   "", "" -   "", "" - "", "" - "", "" - "", "" -   "", "" -   "", "" -   "", "" -   "", null, null, null, null, null, null, null, null, null, "" -   "", null]"
wr_masterfile_coa_pl_319,snapshot_istantoro_2022_mar_2026,MASTERFILE COA PL,319,"[""528005"", ""BEBAN BISNIS AGENCY"", ""Managed Services Collection"", ""-4,526,081,517 "", ""-2,031,251,303.00 "", ""-416,985,280.00 "", "" -   "", "" -   "", "" -   "", "" -   "", "" -   "", "" -   "", "" -   "", "" -   "", "" -   "", "" - "", "" - "", "" - "", "" -   "", "" -   "", "" -   "", "" -   "", null, null, null, null, null, null, null, null, null, "" -   "", null]"
wr_masterfile_coa_pl_320,snapshot_istantoro_2022_mar_2026,MASTERFILE COA PL,320,"[""528006"", ""BEBAN SFT BRIGUNA PURNA"", ""Managed Services Sales - BRIGUNA"", ""-2,436,406,883 "", ""-68,246,486.00 "", "" -   "", "" -   "", "" -   "", "" -   "", "" -   "", "" -   "", "" -   "", "" -   "", "" -   "", "" -   "", "" - "", "" - "", "" - "", "" -   "", "" -   "", "" -   "", "" -   "", null, null, null, null, null, null, null, null, null, "" -   "", null]"
wr_masterfile_coa_pl_321,snapshot_istantoro_2022_mar_2026,MASTERFILE COA PL,321,"[""528007"", ""BEBAN SFT Klien FINANCE"", ""Managed Services Sales - Lainnya"", "" -   "", "" -   "", "" -   "", "" -   "", "" -   "", "" -   "", "" -   "", "" -   "", "" -   "", "" -   "", "" -   "", "" -   "", "" - "", "" - "", "" - "", "" -   "", "" -   "", "" -   "", "" -   "", null, null, null, null, null, null, null, null, null, "" -   "", null]"
wr_masterfile_coa_pl_322,snapshot_istantoro_2022_mar_2026,MASTERFILE COA PL,322,"[""528008"", ""BEBAN DS BNI"", ""Managed Services Sales - Lainnya"", ""-558,410,573 "", "" -   "", "" -   "", "" -   "", "" -   "", "" -   "", "" -   "", "" -   "", "" -   "", "" -   "", "" -   "", "" -   "", "" - "", "" - "", "" - "", "" -   "", "" -   "", "" -   "", "" -   "", null, null, null, null, null, null, null, null, null, "" -   "", null]"
wr_masterfile_coa_pl_323,snapshot_istantoro_2022_mar_2026,MASTERFILE COA PL,323,"[""528009"", ""BEBAN DS Klien"", ""Managed Services Sales - Lainnya"", ""-200,000 "", "" -   "", "" -   "", "" -   "", "" -   "", "" -   "", "" -   "", "" -   "", "" -   "", "" -   "", "" -   "", "" -   "", "" - "", "" - "", "" - "", "" -   "", "" -   "", "" -   "", "" -   "", null, null, null, null, null, null, null, null, null, "" -   "", null]"
wr_masterfile_coa_pl_324,snapshot_istantoro_2022_mar_2026,MASTERFILE COA PL,324,"[""529001"", ""BEBAN EVENT ORGANIZER"", ""Other Managed Services (QA, E-Arsip, EO)"", ""-3,322,497,511 "", ""-3,038,854,174.00 "", ""-3,175,261,010.00 "", ""-13,900,000 "", ""-41,300,000 "", ""-28,500,000 "", ""-13,100,000 "", ""-40,731,753 "", ""-19,845,000 "", "" -   "", ""-210,615,315 "", ""-43,695,000 "", "" (86,703,910)"", "" (68,685,000)"", "" (1,280,000)"", ""-568,355,978.00 "", "" -   "", "" -   "", ""-41,278,901 "", null, null, null, null, null, null, null, null, null, ""-41,278,901 "", null]"
wr_masterfile_coa_pl_325,snapshot_istantoro_2022_mar_2026,MASTERFILE COA PL,325,"[""529002"", ""BEBAN WEDDING ORGANIZER"", ""Other Managed Services (QA, E-Arsip, EO)"", "" -   "", "" -   "", "" -   "", "" -   "", "" -   "", "" -   "", "" -   "", "" -   "", "" -   "", "" -   "", "" -   "", "" -   "", "" - "", "" - "", "" - "", "" -   "", "" -   "", "" -   "", "" -   "", null, null, null, null, null, null, null, null, null, "" -   "", null]"
wr_masterfile_coa_pl_326,snapshot_istantoro_2022_mar_2026,MASTERFILE COA PL,326,"[null, ""TOTAL BEBAN POKOK BPO - Managed Services"", null, ""-45,738,420,412 "", ""-98,641,354,207.00 "", ""-123,221,106,793.00 "", ""-11,567,702,431 "", ""-13,699,466,673 "", ""-9,031,773,392 "", ""-6,886,398,162 "", ""-12,537,278,749 "", ""-6,095,221,759 "", ""-6,820,335,147 "", ""-7,423,749,680 "", ""-6,954,769,745 "", "" (6,279,979,088)"", "" (6,435,956,109)"", "" (7,059,004,306)"", ""-100,791,635,241.00 "", ""-6,777,220,037 "", ""-4,945,743,137 "", ""-5,466,826,367 "", null, null, null, null, null, null, null, null, null, ""-17,189,789,541 "", null]"
wr_masterfile_coa_pl_327,snapshot_istantoro_2022_mar_2026,MASTERFILE COA PL,327,"[null, null, null, "" -   "", "" -   "", "" -   "", "" -   "", "" -   "", "" -   "", "" -   "", "" -   "", "" -   "", "" -   "", "" -   "", "" -   "", "" - "", "" - "", "" - "", "" -   "", "" -   "", "" -   "", "" -   "", null, null, null, null, null, null, null, null, null, "" -   "", null]"
wr_masterfile_coa_pl_328,snapshot_istantoro_2022_mar_2026,MASTERFILE COA PL,328,"[""531000"", ""BEBAN JASA BORONGAN LAINNYA"", ""Borongan Lainnya"", "" -   "", "" -   "", "" -   "", "" -   "", "" -   "", "" -   "", "" -   "", "" -   "", "" -   "", "" -   "", "" -   "", "" -   "", "" - "", "" - "", "" - "", "" -   "", "" -   "", "" -   "", "" -   "", null, null, null, null, null, null, null, null, null, "" -   "", null]"
wr_masterfile_coa_pl_329,snapshot_istantoro_2022_mar_2026,MASTERFILE COA PL,329,"[""532000"", ""BEBAN PRODUK AKTIVASI BARU"", ""Borongan Lainnya"", "" -   "", "" -   "", "" -   "", "" -   "", "" -   "", "" -   "", "" -   "", "" -   "", "" -   "", "" -   "", "" -   "", "" -   "", "" - "", "" - "", "" - "", "" -   "", "" -   "", "" -   "", "" -   "", null, null, null, null, null, null, null, null, null, "" -   "", null]"
wr_masterfile_coa_pl_330,snapshot_istantoro_2022_mar_2026,MASTERFILE COA PL,330,"[""533000"", ""BEBAN PRODUK AKTIVASI BARU (PILOT PROJECT)"", ""Borongan Lainnya"", "" -   "", "" -   "", "" -   "", "" -   "", "" -   "", "" -   "", "" -   "", "" -   "", "" -   "", "" -   "", "" -   "", "" -   "", "" - "", "" - "", "" - "", "" -   "", "" -   "", "" -   "", "" -   "", null, null, null, null, null, null, null, null, null, "" -   "", null]"
wr_masterfile_coa_pl_331,snapshot_istantoro_2022_mar_2026,MASTERFILE COA PL,331,"[""534000"", ""BEBAN POKOK TENAGA LOADING (BONGKAR MUAT DAN TEBANG ANGKUT)"", ""Borongan Lainnya"", "" -   "", "" -   "", "" -   "", "" -   "", "" -   "", "" -   "", "" -   "", "" -   "", "" -   "", "" -   "", "" -   "", "" -   "", "" - "", "" - "", "" - "", "" -   "", "" -   "", "" -   "", "" -   "", null, null, null, null, null, null, null, null, null, "" -   "", null]"
wr_masterfile_coa_pl_332,snapshot_istantoro_2022_mar_2026,MASTERFILE COA PL,332,"[""535000"", ""BEBAN POKOK JASA PERAWATAN ATM"", ""Perawatan ATM"", "" -   "", "" -   "", "" -   "", "" -   "", "" -   "", "" -   "", "" -   "", "" -   "", "" -   "", "" -   "", "" -   "", "" -   "", "" - "", "" - "", "" - "", "" -   "", ""-22,640,000 "", "" -   "", "" -   "", null, null, null, null, null, null, null, null, null, ""-22,640,000 "", null]"
wr_masterfile_coa_pl_333,snapshot_istantoro_2022_mar_2026,MASTERFILE COA PL,333,"[""536000"", ""BEBAN POKOK Klien 2"", ""Borongan Klien"", "" -   "", "" -   "", "" -   "", "" -   "", "" -   "", "" -   "", "" -   "", "" -   "", "" -   "", "" -   "", "" -   "", "" -   "", "" - "", "" - "", "" - "", "" -   "", "" -   "", "" -   "", "" -   "", null, null, null, null, null, null, null, null, null, "" -   "", null]"
wr_masterfile_coa_pl_334,snapshot_istantoro_2022_mar_2026,MASTERFILE COA PL,334,"[""537000"", ""BEBAN POKOK BORONGAN"", ""Borongan Lainnya"", ""-1,378,731,114 "", ""-1,557,228,250.00 "", ""-1,611,230,692.00 "", ""-127,240,000 "", ""-118,800,000 "", ""-128,712,150 "", ""-94,800,000 "", ""-125,450,000 "", ""-99,986,000 "", ""-130,750,000 "", ""-76,650,000 "", ""-61,350,000 "", "" (68,575,000)"", "" (51,825,000)"", "" (70,042,000)"", ""-1,154,180,150.00 "", ""-8,610,000 "", ""-12,500,000 "", ""-18,100,000 "", null, null, null, null, null, null, null, null, null, ""-39,210,000 "", null]"
wr_masterfile_coa_pl_335,snapshot_istantoro_2022_mar_2026,MASTERFILE COA PL,335,"[""538000"", ""BEBAN JASA EKSPEDISI"", ""Other Managed Services (QA, E-Arsip, EO)"", ""-405,400 "", "" -   "", "" -   "", "" -   "", "" -   "", "" -   "", "" -   "", "" -   "", "" -   "", "" -   "", "" -   "", "" -   "", "" - "", "" (322,100)"", "" (311,500)"", ""-633,600.00 "", "" -   "", ""-118,000 "", "" -   "", null, null, null, null, null, null, null, null, null, ""-118,000 "", null]"
wr_masterfile_coa_pl_336,snapshot_istantoro_2022_mar_2026,MASTERFILE COA PL,336,"[""539001"", ""BEBAN DPLK (PEMBORONGAN)"", ""Tenaga Kerja Borongan"", "" -   "", "" -   "", "" -   "", "" -   "", "" -   "", "" -   "", "" -   "", "" -   "", "" -   "", "" -   "", "" -   "", "" -   "", "" - "", "" - "", "" - "", "" -   "", "" -   "", "" -   "", "" -   "", null, null, null, null, null, null, null, null, null, "" -   "", null]"
wr_masterfile_coa_pl_337,snapshot_istantoro_2022_mar_2026,MASTERFILE COA PL,337,"[""539002"", ""BEBAN TUNJ PESANGON/UANG PISAH/KOMPENSASI (PEMBORONGAN)"", ""Tenaga Kerja Borongan"", ""-1,701,901,209 "", ""-3,839,659,530.01 "", ""-4,262,811,626.00 "", ""-180,758,830 "", ""-136,540,992 "", ""-367,554,774 "", ""-305,764,576 "", ""-180,100,033 "", ""-246,906,137 "", ""-443,987,000 "", ""-1,042,021,540 "", ""-209,643,923 "", "" (775,117,142)"", "" (142,517,355)"", "" (735,693,951)"", ""-4,766,606,253.00 "", ""-307,499,202 "", ""-847,097,724 "", ""-292,287,211 "", null, null, null, null, null, null, null, null, null, ""-1,446,884,137 "", null]"
wr_masterfile_coa_pl_338,snapshot_istantoro_2022_mar_2026,MASTERFILE COA PL,338,"[""561000"", ""Beban Upah Pekerja Borongan"", ""Tenaga Kerja Borongan"", ""-38,734,200,842 "", ""-101,746,221,714.56 "", ""-66,311,688,634.00 "", ""-4,930,237,134 "", ""-5,266,774,188 "", ""-6,295,192,539 "", ""-4,646,545,216 "", ""-5,817,059,589 "", ""-4,767,709,818 "", ""-5,116,741,880 "", ""-5,147,798,357 "", ""-5,055,180,787 "", "" (5,520,932,095)"", "" (4,242,642,253)"", "" (5,525,567,196)"", ""-62,332,381,052.26 "", ""-4,513,751,150 "", ""-4,203,374,058 "", ""-7,381,290,168 "", null, null, null, null, null, null, null, null, null, ""-16,098,415,376 "", null]"
wr_masterfile_coa_pl_339,snapshot_istantoro_2022_mar_2026,MASTERFILE COA PL,339,"[""561100"", ""Beban Tunjangan Pekerja Borongan"", ""Tenaga Kerja Borongan"", ""-13,519,810,683 "", ""-26,587,176,501.38 "", ""-24,881,781,985.60 "", ""-2,082,923,644 "", ""-1,939,148,064 "", ""-2,508,027,349 "", ""-2,252,276,144 "", ""-825,706,894 "", ""-2,828,859,573 "", ""-1,934,940,037 "", ""-1,177,781,186 "", ""-1,708,503,069 "", "" (1,529,465,933)"", "" (1,384,660,779)"", "" (1,433,194,027)"", ""-21,605,486,698.54 "", ""-1,356,577,494 "", ""-1,118,056,831 "", ""-1,258,270,807 "", null, null, null, null, null, null, null, null, null, ""-3,732,905,132 "", null]"
wr_masterfile_coa_pl_340,snapshot_istantoro_2022_mar_2026,MASTERFILE COA PL,340,"[""561101"", ""Beban Tunj Premiun Borongan"", ""Tenaga Kerja Borongan"", "" -   "", ""-37,047,606.00 "", ""-7,500,000.00 "", "" -   "", "" -   "", "" -   "", "" -   "", "" -   "", ""-149,445,038 "", "" -   "", "" -   "", "" -   "", "" - "", "" - "", "" (2,424,328)"", ""-151,869,366.00 "", "" -   "", "" -   "", "" -   "", null, null, null, null, null, null, null, null, null, "" -   "", null]"
wr_masterfile_coa_pl_341,snapshot_istantoro_2022_mar_2026,MASTERFILE COA PL,341,"[""561110"", ""Beban Bonus / Insentif Pekerja Borongan"", ""Tenaga Kerja Borongan"", "" -   "", "" -   "", ""-24,405,000.00 "", "" -   "", "" -   "", "" -   "", "" -   "", "" -   "", "" -   "", ""-3,495,040 "", "" -   "", "" -   "", "" - "", "" - "", "" - "", ""-3,495,040.00 "", "" -   "", "" -   "", "" -   "", null, null, null, null, null, null, null, null, null, "" -   "", null]"
wr_masterfile_coa_pl_342,snapshot_istantoro_2022_mar_2026,MASTERFILE COA PL,342,"[""561200"", ""Beban Lembur Pekerja Borongan"", ""Tenaga Kerja Borongan"", ""-4,478,668,622 "", ""-18,456,863,476.00 "", ""-25,728,419,195.00 "", ""-948,213,098 "", ""-1,172,335,628 "", ""-1,015,222,278 "", ""-738,396,912 "", ""-1,002,607,527 "", ""-1,366,431,053 "", ""-1,231,079,076 "", ""-1,113,767,065 "", ""-1,085,301,347 "", "" (1,081,947,021)"", "" (967,450,335)"", "" (1,024,705,386)"", ""-12,747,456,725.80 "", ""-1,019,258,546 "", ""-876,817,582 "", ""-1,199,396,693 "", null, null, null, null, null, null, null, null, null, ""-3,095,472,821 "", null]"
wr_masterfile_coa_pl_343,snapshot_istantoro_2022_mar_2026,MASTERFILE COA PL,343,"[""561300"", ""Beban Tunjangan BPJS Kesehatan Pekerja Borongan"", ""Tenaga Kerja Borongan"", ""-1,687,994,700 "", ""-2,493,698,596.96 "", ""-2,681,492,814.18 "", ""-240,996,472 "", ""-262,664,824 "", ""-293,999,450 "", ""-241,714,455 "", ""-245,765,957 "", ""-243,037,770 "", ""-248,536,554 "", ""-249,354,451 "", ""-249,525,385 "", "" (264,509,614)"", "" (213,919,083)"", "" (260,978,596)"", ""-3,015,002,610.64 "", ""-219,064,067 "", ""-203,066,245 "", ""-313,563,196 "", null, null, null, null, null, null, null, null, null, ""-735,693,508 "", null]"
wr_masterfile_coa_pl_344,snapshot_istantoro_2022_mar_2026,MASTERFILE COA PL,344,"[""561301"", ""Beban Tunj Kesehatan (Askes) Non BPJS"", ""Tenaga Kerja Borongan"", "" -   "", "" -   "", "" -   "", "" -   "", "" -   "", "" -   "", "" -   "", "" -   "", "" -   "", "" -   "", "" -   "", "" -   "", "" - "", "" - "", "" - "", "" -   "", "" -   "", "" -   "", "" -   "", null, null, null, null, null, null, null, null, null, "" -   "", null]"
wr_masterfile_coa_pl_345,snapshot_istantoro_2022_mar_2026,MASTERFILE COA PL,345,"[""561400"", ""Beban Tunjangan BPJS TK Pekerja Borongan"", ""Tenaga Kerja Borongan"", ""-2,765,559,977 "", ""-4,047,539,955.29 "", ""-4,260,586,548.77 "", ""-386,670,210 "", ""-409,739,109 "", ""-446,105,485 "", ""-364,038,851 "", ""-394,060,059 "", ""-390,408,721 "", ""-399,828,586 "", ""-399,642,448 "", ""-397,660,250 "", "" (420,975,991)"", "" (343,670,822)"", "" (417,850,706)"", ""-4,770,651,238.02 "", ""-355,090,218 "", ""-327,148,879 "", ""-503,155,155 "", null, null, null, null, null, null, null, null, null, ""-1,185,394,252 "", null]"
wr_masterfile_coa_pl_346,snapshot_istantoro_2022_mar_2026,MASTERFILE COA PL,346,"[""561500"", ""Beban Tunj THRK Pekerja Borongan"", ""Tenaga Kerja Borongan"", ""-1,757,245,958 "", ""-8,206,270,816.41 "", ""-5,058,115,891.98 "", ""-300,540,168 "", ""-295,135,938 "", ""-1,271,461,029 "", ""-522,379,238 "", ""-241,270,341 "", ""-341,842,377 "", ""-305,450,590 "", ""-317,284,967 "", ""-235,783,585 "", "" (730,759,667)"", "" (252,976,026)"", "" (384,855,827)"", ""-5,199,739,753.00 "", ""-271,949,335 "", ""-260,463,493 "", ""-1,212,259,174 "", null, null, null, null, null, null, null, null, null, ""-1,744,672,002 "", null]"
wr_masterfile_coa_pl_347,snapshot_istantoro_2022_mar_2026,MASTERFILE COA PL,347,"[""561600"", ""Beban Pengganti Sementara Pekerja Borongan"", ""Tenaga Kerja Borongan"", ""-656,085,636 "", ""-1,974,764,636.00 "", ""-2,285,089,946.00 "", ""-307,197,379 "", ""-271,860,496 "", ""-253,919,113 "", ""-280,220,175 "", ""-272,933,871 "", ""-212,231,856 "", ""-239,912,994 "", ""-254,171,294 "", ""-368,190,658 "", "" (399,085,199)"", "" (401,378,686)"", "" (100,248,142)"", ""-3,361,349,863.00 "", ""-113,031,702 "", ""-64,311,092 "", ""-366,090,261 "", null, null, null, null, null, null, null, null, null, ""-543,433,055 "", null]"
wr_masterfile_coa_pl_348,snapshot_istantoro_2022_mar_2026,MASTERFILE COA PL,348,"[""562100"", ""Beban Seragam Pekerja Borongan"", ""Tenaga Kerja Borongan"", ""-776,841,590 "", ""-1,800,304,202.00 "", ""-1,881,410,362.14 "", ""-105,561,988 "", ""-111,129,491 "", "" -   "", ""-132,116,084 "", "" -   "", "" 1,275,000 "", "" 1,275,000 "", "" -   "", "" -   "", "" (920,539,031)"", "" (103,757,754)"", "" (127,817,745)"", ""-1,498,372,093.14 "", ""-88,876,759 "", ""-79,811,056 "", ""-68,868,556 "", null, null, null, null, null, null, null, null, null, ""-237,556,371 "", null]"
wr_masterfile_coa_pl_349,snapshot_istantoro_2022_mar_2026,MASTERFILE COA PL,349,"[""562200"", ""Beban Peralatan dan Bahan Borongan"", ""Tenaga Kerja Borongan"", ""-1,718,186,195 "", ""-3,834,571,532.68 "", ""-2,433,622,781.34 "", ""-55,540,165 "", ""-229,603,617 "", ""-208,519,615 "", ""-95,586,262 "", ""-162,841,179 "", ""-39,703,139 "", ""-78,394,678 "", ""-42,944,245 "", ""-64,109,645 "", "" (60,110,150)"", "" (83,460,320)"", "" (212,308,912)"", ""-1,333,121,927.00 "", ""-57,396,062 "", ""-55,110,020 "", ""-31,140,600 "", null, null, null, null, null, null, null, null, null, ""-143,646,682 "", null]"
wr_masterfile_coa_pl_350,snapshot_istantoro_2022_mar_2026,MASTERFILE COA PL,350,"[""562300"", ""Beban General Cleaning"", ""Facility Services"", ""-6,625,032,127 "", ""-13,071,984,956.04 "", ""-3,251,696,855.00 "", ""-89,098,279 "", ""-184,501,205 "", ""-4,200,000 "", ""-3,875,045 "", ""-31,475,000 "", ""-6,989,000 "", ""-71,848,000 "", "" -   "", ""-37,294,000 "", "" (17,615,000)"", "" (10,847,000)"", "" (46,527,500)"", ""-504,270,029.00 "", ""-10,400,000 "", ""-41,754,500 "", ""-38,387,500 "", null, null, null, null, null, null, null, null, null, ""-90,542,000 "", null]"
wr_masterfile_coa_pl_351,snapshot_istantoro_2022_mar_2026,MASTERFILE COA PL,351,"[""562400"", ""Beban Pest Managemen"", ""Facility Services"", ""-255,631,000 "", ""-23,479,500.00 "", ""-28,989,000.00 "", "" -   "", "" -   "", "" -   "", "" -   "", "" -   "", "" -   "", "" -   "", "" -   "", "" -   "", "" - "", "" - "", "" - "", "" -   "", "" -   "", "" -   "", "" -   "", null, null, null, null, null, null, null, null, null, "" -   "", null]"
wr_masterfile_coa_pl_352,snapshot_istantoro_2022_mar_2026,MASTERFILE COA PL,352,"[""562500"", ""Beban Landscape"", ""Facility Services"", "" -   "", "" -   "", "" -   "", "" -   "", "" -   "", "" -   "", "" -   "", "" -   "", "" -   "", "" -   "", "" -   "", "" -   "", "" - "", "" - "", "" - "", "" -   "", "" -   "", "" -   "", "" -   "", null, null, null, null, null, null, null, null, null, "" -   "", null]"
wr_masterfile_coa_pl_353,snapshot_istantoro_2022_mar_2026,MASTERFILE COA PL,353,"[""562600"", ""Beban Mechanical dan Electrical"", ""Facility Services"", ""-271,354,420 "", ""-138,875,000.00 "", ""-136,128,002.00 "", "" -   "", "" -   "", ""-630,000 "", "" -   "", "" -   "", "" -   "", "" -   "", ""-630,000 "", "" -   "", "" - "", "" (630,000)"", "" - "", ""-1,890,000.00 "", "" -   "", "" -   "", "" -   "", null, null, null, null, null, null, null, null, null, "" -   "", null]"
wr_masterfile_coa_pl_354,snapshot_istantoro_2022_mar_2026,MASTERFILE COA PL,354,"[""562700"", ""Beban Maintenance (Cleaning Service, Teknisi)"", ""Facility Services"", ""-1,975,000 "", ""-1,575,000.00 "", ""-1,650,000.00 "", "" -   "", "" -   "", ""-242,271,000 "", "" -   "", "" -   "", "" -   "", "" -   "", "" -   "", "" -   "", "" - "", "" - "", "" (630,000)"", ""-242,901,000.00 "", "" -   "", ""-2,500,000 "", "" 1,033,000 "", null, null, null, null, null, null, null, null, null, ""-1,467,000 "", null]"
wr_masterfile_coa_pl_355,snapshot_istantoro_2022_mar_2026,MASTERFILE COA PL,355,"[""562800"", ""Beban Tunjangan Tidak Tetap Pekerja Borongan"", ""Tenaga Kerja Borongan"", ""-90,476,276 "", "" -   "", ""-810,000.00 "", "" -   "", "" -   "", "" -   "", "" -   "", "" -   "", "" -   "", "" -   "", "" -   "", "" -   "", "" - "", "" - "", "" - "", "" -   "", "" -   "", "" -   "", "" -   "", null, null, null, null, null, null, null, null, null, "" -   "", null]"
wr_masterfile_coa_pl_356,snapshot_istantoro_2022_mar_2026,MASTERFILE COA PL,356,"[""562801"", ""Beban Tunjangan Lain Pekerja Borongan"", ""Tenaga Kerja Borongan"", ""-246,870,508 "", ""-14,154,306.00 "", ""-9,800,000.00 "", ""-1,600,000 "", ""-1,600,000 "", ""-1,600,000 "", ""-7,448,256 "", ""-1,200,000 "", ""-5,200,000 "", ""-21,923,133 "", ""-2,400,000 "", ""-5,600,000 "", "" (2,750,000)"", "" (1,000,000)"", "" (320,000)"", ""-52,641,389.00 "", "" -   "", ""-1,000,000 "", "" -   "", null, null, null, null, null, null, null, null, null, ""-1,000,000 "", null]"
wr_masterfile_coa_pl_357,snapshot_istantoro_2022_mar_2026,MASTERFILE COA PL,357,"[""562900"", ""Beban Koordinator Pekerja Borongan"", ""Tenaga Kerja Borongan"", ""-14,287,620 "", ""-500,000.00 "", ""-500,000.00 "", "" -   "", "" -   "", "" -   "", "" -   "", "" -   "", "" -   "", "" -   "", "" -   "", "" -   "", "" - "", "" 19,853,623 "", "" (14,950,000)"", "" 4,903,623.00 "", "" -   "", "" -   "", "" -   "", null, null, null, null, null, null, null, null, null, "" -   "", null]"
wr_masterfile_coa_pl_358,snapshot_istantoro_2022_mar_2026,MASTERFILE COA PL,358,"[""563100"", ""BEBAN PROJECT"", ""Borongan Lainnya"", "" -   "", ""-5,087,597,614.00 "", ""-9,051,920,718.00 "", ""-963,469,785 "", ""-964,802,413 "", ""-969,424,000 "", "" -   "", "" -   "", "" -   "", "" 3,143,379 "", "" -   "", "" -   "", "" (76,994,333)"", "" (19,248,583)"", "" (19,248,583)"", ""-3,010,044,318.98 "", ""-19,248,583 "", ""-19,248,583 "", ""-19,248,583 "", null, null, null, null, null, null, null, null, null, ""-57,745,750 "", null]"
wr_masterfile_coa_pl_359,snapshot_istantoro_2022_mar_2026,MASTERFILE COA PL,359,"[""563101"", ""BEBAN PENYUSUTAN PERALATAN PROJECT"", ""Borongan Lainnya"", "" -   "", "" -   "", "" -   "", "" -   "", "" -   "", "" -   "", "" -   "", "" -   "", "" -   "", "" -   "", "" -   "", "" -   "", "" - "", "" - "", "" - "", "" -   "", "" -   "", "" -   "", "" -   "", null, null, null, null, null, null, null, null, null, "" -   "", null]"
wr_masterfile_coa_pl_360,snapshot_istantoro_2022_mar_2026,MASTERFILE COA PL,360,"[""563102"", ""BEBAN BAHAN HABIS PAKAI PROJECT"", ""Borongan Lainnya"", "" -   "", "" -   "", "" -   "", "" -   "", "" -   "", "" -   "", "" -   "", "" -   "", "" -   "", "" -   "", "" -   "", "" -   "", "" - "", "" - "", "" - "", "" -   "", "" -   "", "" -   "", "" -   "", null, null, null, null, null, null, null, null, null, "" -   "", null]"
wr_masterfile_coa_pl_361,snapshot_istantoro_2022_mar_2026,MASTERFILE COA PL,361,"[""571000"", ""Beban Konsultan Security"", ""Borongan Lainnya"", "" -   "", "" -   "", "" -   "", "" -   "", "" -   "", "" -   "", "" -   "", "" -   "", "" -   "", "" -   "", "" -   "", "" -   "", "" - "", "" - "", "" - "", "" -   "", "" -   "", "" -   "", "" -   "", null, null, null, null, null, null, null, null, null, "" -   "", null]"
wr_masterfile_coa_pl_362,snapshot_istantoro_2022_mar_2026,MASTERFILE COA PL,362,"[""541000"", ""BEBAN POKOK GAJI DRIVER"", ""Borongan Kendaraan"", "" -   "", "" -   "", "" -   "", "" -   "", "" -   "", "" -   "", "" -   "", "" -   "", "" -   "", "" -   "", "" -   "", "" -   "", "" - "", "" - "", "" - "", "" -   "", "" -   "", "" -   "", "" -   "", null, null, null, null, null, null, null, null, null, "" -   "", null]"
wr_masterfile_coa_pl_363,snapshot_istantoro_2022_mar_2026,MASTERFILE COA PL,363,"[""542000"", ""BEBAN POKOK PENYUSUTAN KENDARAAN"", ""Borongan Kendaraan"", ""-477,920,167 "", ""-755,805,500.03 "", ""-2,059,772,593.52 "", ""-3,651,667 "", ""-3,651,667 "", ""-3,651,667 "", ""-3,651,667 "", ""-3,651,667 "", ""-3,651,667 "", ""-3,651,666 "", "" -   "", "" -   "", "" - "", "" - "", "" - "", ""-25,561,666.15 "", "" -   "", "" -   "", "" -   "", null, null, null, null, null, null, null, null, null, "" -   "", null]"
wr_masterfile_coa_pl_364,snapshot_istantoro_2022_mar_2026,MASTERFILE COA PL,364,"[""543000"", ""BEBAN POKOK PERAWATAN KENDARAAN"", ""Borongan Kendaraan"", ""-192,413,211 "", ""-25,484,550.00 "", ""-5,610,000.00 "", ""-99,252,252 "", "" -   "", "" -   "", "" -   "", "" -   "", "" -   "", "" -   "", "" -   "", "" -   "", "" - "", "" - "", "" - "", ""-99,252,252.00 "", "" -   "", "" -   "", "" -   "", null, null, null, null, null, null, null, null, null, "" -   "", null]"
wr_masterfile_coa_pl_365,snapshot_istantoro_2022_mar_2026,MASTERFILE COA PL,365,"[""544000"", ""BEBAN POKOK ASURANSI KENDARAAN SEWA"", ""Borongan Kendaraan"", "" -   "", "" -   "", "" -   "", "" -   "", "" -   "", "" -   "", "" -   "", "" -   "", "" -   "", "" -   "", "" -   "", "" -   "", "" - "", "" - "", "" - "", "" -   "", "" -   "", "" -   "", "" -   "", null, null, null, null, null, null, null, null, null, "" -   "", null]"
wr_masterfile_coa_pl_366,snapshot_istantoro_2022_mar_2026,MASTERFILE COA PL,366,"[""545000"", ""BEBAN POKOK STNK KENDARAAN SEWA"", ""Borongan Kendaraan"", ""-123,662,981 "", "" -   "", "" -   "", "" -   "", "" -   "", "" -   "", "" -   "", "" -   "", "" -   "", "" -   "", "" -   "", "" -   "", "" - "", "" - "", "" - "", "" -   "", "" -   "", "" -   "", "" -   "", null, null, null, null, null, null, null, null, null, "" -   "", null]"
wr_masterfile_coa_pl_367,snapshot_istantoro_2022_mar_2026,MASTERFILE COA PL,367,"[""546000"", ""BEBAN POKOK TUNJ TETAP"", ""Tenaga Kerja Borongan"", "" -   "", "" -   "", "" -   "", "" -   "", "" -   "", "" -   "", "" -   "", "" -   "", "" -   "", "" -   "", "" -   "", "" -   "", "" - "", "" - "", "" - "", "" -   "", "" -   "", "" -   "", "" -   "", null, null, null, null, null, null, null, null, null, "" -   "", null]"
wr_masterfile_coa_pl_368,snapshot_istantoro_2022_mar_2026,MASTERFILE COA PL,368,"[""547000"", ""BEBAN TUNJ BPJS KETENAGAKERJAAN"", ""Tenaga Kerja Borongan"", "" -   "", "" -   "", ""-137,205,744.00 "", "" -   "", "" -   "", "" -   "", "" -   "", "" -   "", "" -   "", "" -   "", "" -   "", "" -   "", "" - "", "" - "", "" - "", "" -   "", "" -   "", "" -   "", "" -   "", null, null, null, null, null, null, null, null, null, "" -   "", null]"
wr_masterfile_coa_pl_369,snapshot_istantoro_2022_mar_2026,MASTERFILE COA PL,369,"[""547100"", ""BEBAN TUNJ BPJS KESEHATAN"", ""Tenaga Kerja Borongan"", "" -   "", "" -   "", ""-87,937,670.00 "", "" -   "", "" -   "", "" -   "", "" -   "", "" -   "", "" -   "", "" -   "", "" -   "", "" -   "", "" - "", "" - "", "" - "", "" -   "", "" -   "", "" -   "", "" -   "", null, null, null, null, null, null, null, null, null, "" -   "", null]"
wr_masterfile_coa_pl_370,snapshot_istantoro_2022_mar_2026,MASTERFILE COA PL,370,"[""547200"", ""BEBAN TUNJ LAIN"", ""Tenaga Kerja Borongan"", "" -   "", "" -   "", "" -   "", "" -   "", "" -   "", "" -   "", "" -   "", "" -   "", "" -   "", "" -   "", "" -   "", "" -   "", "" - "", "" - "", "" - "", "" -   "", "" -   "", "" -   "", "" -   "", null, null, null, null, null, null, null, null, null, "" -   "", null]"
wr_masterfile_coa_pl_371,snapshot_istantoro_2022_mar_2026,MASTERFILE COA PL,371,"[""547300"", ""BEBAN TUNJ TIDAK TETAP"", ""Tenaga Kerja Borongan"", "" -   "", "" -   "", "" -   "", "" -   "", "" -   "", ""-609,405 "", "" -   "", "" -   "", "" -   "", "" -   "", "" -   "", "" -   "", "" - "", "" - "", "" - "", ""-609,405.00 "", "" -   "", "" -   "", "" -   "", null, null, null, null, null, null, null, null, null, "" -   "", null]"
wr_masterfile_coa_pl_372,snapshot_istantoro_2022_mar_2026,MASTERFILE COA PL,372,"[""547400"", ""BEBAN LEMBUR"", ""Tenaga Kerja Borongan"", "" -   "", "" -   "", "" -   "", "" -   "", "" -   "", "" -   "", "" -   "", "" -   "", "" -   "", "" -   "", "" -   "", "" -   "", "" - "", "" - "", "" - "", "" -   "", "" -   "", "" -   "", "" -   "", null, null, null, null, null, null, null, null, null, "" -   "", null]"
wr_masterfile_coa_pl_373,snapshot_istantoro_2022_mar_2026,MASTERFILE COA PL,373,"[""547500"", ""BEBAN FLEET MANAJEMEN"", ""Borongan Kendaraan"", "" -   "", "" -   "", "" -   "", "" -   "", "" -   "", "" -   "", "" -   "", "" -   "", "" -   "", "" -   "", "" -   "", "" -   "", "" - "", "" - "", "" - "", "" -   "", "" -   "", "" -   "", "" -   "", null, null, null, null, null, null, null, null, null, "" -   "", null]"
wr_masterfile_coa_pl_374,snapshot_istantoro_2022_mar_2026,MASTERFILE COA PL,374,"[""548000"", ""BEBAN POKOK KOORDINATOR DRIVER SEWA"", ""Borongan Kendaraan"", "" -   "", "" -   "", "" -   "", "" -   "", "" -   "", "" -   "", "" -   "", "" -   "", "" -   "", "" -   "", "" -   "", "" -   "", "" - "", "" - "", "" - "", "" -   "", "" -   "", "" -   "", "" -   "", null, null, null, null, null, null, null, null, null, "" -   "", null]"
wr_masterfile_coa_pl_375,snapshot_istantoro_2022_mar_2026,MASTERFILE COA PL,375,"[""549000"", ""BEBAN THRK"", ""Tenaga Kerja Borongan"", "" 6,094,808 "", "" -   "", "" -   "", "" -   "", "" -   "", "" -   "", "" -   "", "" -   "", "" -   "", "" -   "", "" -   "", "" -   "", "" - "", "" - "", "" - "", "" -   "", "" -   "", "" -   "", "" -   "", null, null, null, null, null, null, null, null, null, "" -   "", null]"
wr_masterfile_coa_pl_376,snapshot_istantoro_2022_mar_2026,MASTERFILE COA PL,376,"[""550000"", ""BEBAN SEWA KENDARAAN HARIAN"", ""Borongan Kendaraan"", ""-40,412,135 "", ""-71,509,677.00 "", ""-57,875,000.00 "", "" -   "", ""-8,510,000 "", ""-19,200,000 "", ""-7,800,000 "", ""-8,829,000 "", ""-16,145,000 "", ""-4,800,000 "", ""-7,935,000 "", "" -   "", "" (37,065,000)"", "" (9,600,000)"", "" (1,500,000)"", ""-121,384,000.00 "", ""-7,768,253 "", ""-10,357,500 "", ""-6,105,069 "", null, null, null, null, null, null, null, null, null, ""-24,230,822 "", null]"
wr_masterfile_coa_pl_377,snapshot_istantoro_2022_mar_2026,MASTERFILE COA PL,377,"[null, ""TOTAL BEBAN POKOK BPO - Pemborongan"", null, ""-77,509,572,564 "", ""-193,772,312,920.36 "", ""-156,258,051,059.53 "", ""-10,822,951,071 "", ""-11,376,797,632 "", ""-14,030,299,854 "", ""-9,696,612,880 "", ""-9,312,951,117 "", ""-10,717,272,148 "", ""-10,230,920,855 "", ""-9,832,380,553 "", ""-9,478,142,649 "", "" (11,906,441,177)"", "" (8,210,052,473)"", "" (10,379,174,400)"", ""-125,993,996,807.53 "", ""-8,371,161,373 "", ""-8,122,735,563 "", ""-12,707,129,973 "", null, null, null, null, null, null, null, null, null, ""-29,201,026,909 "", null]"
wr_masterfile_coa_pl_378,snapshot_istantoro_2022_mar_2026,MASTERFILE COA PL,378,"[null, null, null, "" -   "", "" -   "", "" -   "", "" -   "", "" -   "", "" -   "", "" -   "", "" -   "", "" -   "", "" -   "", "" -   "", "" -   "", "" - "", "" - "", "" - "", "" -   "", "" -   "", "" -   "", "" -   "", null, null, null, null, null, null, null, null, null, "" -   "", null]"
wr_masterfile_coa_pl_379,snapshot_istantoro_2022_mar_2026,MASTERFILE COA PL,379,"[null, ""TOTAL BEBAN BPO (BUSINESS PROCESS OUTSOURCING)"", null, ""-123,247,992,976 "", ""-292,413,667,127.36 "", ""-279,479,157,852.53 "", ""-22,390,653,502 "", ""-25,076,264,305 "", ""-23,062,073,246 "", ""-16,583,011,042 "", ""-21,850,229,866 "", ""-16,812,493,907 "", ""-17,051,256,002 "", ""-17,256,130,233 "", ""-16,432,912,394 "", "" (18,186,420,265)"", "" (14,646,008,582)"", "" (17,438,178,706)"", ""-226,785,632,048.53 "", ""-15,148,381,410 "", ""-13,068,478,700 "", ""-18,173,956,340 "", null, null, null, null, null, null, null, null, null, ""-46,390,816,450 "", null]"
wr_masterfile_coa_pl_380,snapshot_istantoro_2022_mar_2026,MASTERFILE COA PL,380,"[null, null, null, "" -   "", "" -   "", "" -   "", "" -   "", "" -   "", "" -   "", "" -   "", "" -   "", "" -   "", "" -   "", "" -   "", "" -   "", "" - "", "" - "", "" - "", "" -   "", "" -   "", "" -   "", "" -   "", null, null, null, null, null, null, null, null, null, "" -   "", null]"
wr_masterfile_coa_pl_381,snapshot_istantoro_2022_mar_2026,MASTERFILE COA PL,381,"[null, ""TOTAL BEBAN KNOWLEDGE PROCESS OUTSOURCING"", null, "" -   "", "" -   "", "" -   "", "" -   "", "" -   "", "" -   "", "" -   "", "" -   "", "" -   "", "" -   "", "" -   "", "" -   "", "" - "", "" - "", "" - "", "" -   "", "" -   "", "" -   "", "" -   "", null, null, null, null, null, null, null, null, null, "" -   "", null]"
wr_masterfile_coa_pl_382,snapshot_istantoro_2022_mar_2026,MASTERFILE COA PL,382,"[""519001"", ""BEBAN JASA TRAINING LAYANAN"", ""Training Corporate"", "" -   "", "" -   "", "" -   "", "" -   "", "" -   "", "" -   "", "" -   "", "" -   "", "" -   "", "" -   "", "" -   "", "" -   "", "" - "", "" - "", "" - "", "" -   "", "" -   "", "" -   "", "" -   "", null, null, null, null, null, null, null, null, null, "" -   "", null]"
wr_masterfile_coa_pl_383,snapshot_istantoro_2022_mar_2026,MASTERFILE COA PL,383,"[""519003"", ""BEBAN JASA TRAINING CORPORATE"", ""B"", ""-957,739,734 "", ""-8,406,090,198.00 "", ""-3,582,712,796.00 "", ""-156,825,905 "", ""-753,583,870 "", ""-632,830,500 "", ""-700,293,210 "", ""-917,057,700 "", ""-724,280,841 "", ""-853,112,299 "", ""-579,036,702 "", ""-453,573,920 "", "" (418,419,596)"", "" (1,253,252,929)"", "" (515,092,078)"", ""-7,957,359,550.00 "", ""-125,125,285 "", ""-149,344,620 "", ""-310,874,521 "", null, null, null, null, null, null, null, null, null, ""-585,344,426 "", null]"
wr_masterfile_coa_pl_384,snapshot_istantoro_2022_mar_2026,MASTERFILE COA PL,384,"[""519004"", ""BEBAN JASA TRAINING WEBINAR/REGULER"", ""Training Webinar/Reguler"", ""-129,040,088 "", ""-242,737,907.00 "", ""-657,983,527.00 "", ""-64,217,500 "", ""-131,332,500 "", ""-81,990,000 "", ""-8,327,500 "", ""-275,078,000 "", ""-37,392,500 "", ""-6,530,000 "", "" 77,328,827 "", ""-297,645,250 "", "" (603,431,994)"", "" (468,719,390)"", "" (268,513,262)"", ""-2,165,849,069.00 "", ""-58,520,985 "", ""-350,356,761 "", ""-159,905,719 "", null, null, null, null, null, null, null, null, null, ""-568,783,465 "", null]"
wr_masterfile_coa_pl_385,snapshot_istantoro_2022_mar_2026,MASTERFILE COA PL,385,"[""519005"", ""BEBAN TRAINING UNIVERSITAS/SEKOLAH"", ""Training Universitas"", ""-196,629,565 "", ""-165,538,300.00 "", ""-146,085,450.00 "", "" -   "", "" -   "", "" -   "", "" -   "", ""-51,617,400 "", "" -   "", "" -   "", "" -   "", "" -   "", "" (500,000)"", "" - "", "" - "", ""-52,117,400.00 "", "" -   "", "" -   "", "" -   "", null, null, null, null, null, null, null, null, null, "" -   "", null]"
wr_masterfile_coa_pl_386,snapshot_istantoro_2022_mar_2026,MASTERFILE COA PL,386,"[null, ""TOTAL BEBAN KPO - DIKLAT"", null, ""-1,283,409,387 "", ""-8,814,366,405.00 "", ""-4,386,781,773.00 "", ""-221,043,405 "", ""-884,916,370 "", ""-714,820,500 "", ""-708,620,710 "", ""-1,243,753,100 "", ""-761,673,341 "", ""-859,642,299 "", ""-501,707,875 "", ""-751,219,170 "", "" (1,022,351,590)"", "" (1,721,972,319)"", "" (783,605,340)"", ""-10,175,326,019.00 "", ""-183,646,270 "", ""-499,701,381 "", ""-470,780,240 "", null, null, null, null, null, null, null, null, null, ""-1,154,127,891 "", null]"
wr_masterfile_coa_pl_387,snapshot_istantoro_2022_mar_2026,MASTERFILE COA PL,387,"[""521000"", ""Beban Jasa Training SATPAM dan Pekerja Dasar"", ""KPO Diklat Satpam"", ""-13,383,285,205 "", ""-14,683,864,396.00 "", ""-17,267,380,631.00 "", ""-963,093,760 "", ""-2,576,824,050 "", ""-792,045,150 "", ""-626,129,500 "", ""-1,666,824,890 "", ""-1,256,981,250 "", ""-1,807,195,612 "", ""-1,025,405,531 "", ""-608,399,733 "", "" (1,312,628,924)"", "" (530,451,000)"", "" (1,137,332,553)"", ""-14,303,311,953.00 "", ""-928,379,362 "", ""-577,301,511 "", ""-359,839,847 "", null, null, null, null, null, null, null, null, null, ""-1,865,520,720 "", null]"
wr_masterfile_coa_pl_388,snapshot_istantoro_2022_mar_2026,MASTERFILE COA PL,388,"[null, ""BEBAN POKOK KPO - TRAINING"", null, ""-13,383,285,205 "", ""-14,683,864,396.00 "", ""-17,267,380,631.00 "", ""-963,093,760 "", ""-2,576,824,050 "", ""-792,045,150 "", ""-626,129,500 "", ""-1,666,824,890 "", ""-1,256,981,250 "", ""-1,807,195,612 "", ""-1,025,405,531 "", ""-608,399,733 "", "" (1,312,628,924)"", "" (530,451,000)"", "" (1,137,332,553)"", ""-14,303,311,953.00 "", ""-928,379,362 "", ""-577,301,511 "", ""-359,839,847 "", null, null, null, null, null, null, null, null, null, ""-1,865,520,720 "", null]"
wr_masterfile_coa_pl_389,snapshot_istantoro_2022_mar_2026,MASTERFILE COA PL,389,"[null, null, null, "" -   "", "" -   "", "" -   "", "" -   "", "" -   "", "" -   "", "" -   "", "" -   "", "" -   "", "" -   "", "" -   "", "" -   "", "" - "", "" - "", "" - "", "" -   "", "" -   "", "" -   "", "" -   "", null, null, null, null, null, null, null, null, null, "" -   "", null]"
wr_masterfile_coa_pl_390,snapshot_istantoro_2022_mar_2026,MASTERFILE COA PL,390,"[null, ""TOTAL BEBAN KPO (KNOWLEDGE PROCESS OUTSOURCING)"", null, ""-14,666,694,592 "", ""-23,498,230,801.00 "", ""-21,654,162,404.00 "", ""-1,184,137,165 "", ""-3,461,740,420 "", ""-1,506,865,650 "", ""-1,334,750,210 "", ""-2,910,577,990 "", ""-2,018,654,591 "", ""-2,666,837,911 "", ""-1,527,113,406 "", ""-1,359,618,903 "", "" (2,334,980,514)"", "" (2,252,423,319)"", "" (1,920,937,893)"", ""-24,478,637,972.00 "", ""-1,112,025,632 "", ""-1,077,002,892 "", ""-830,620,087 "", null, null, null, null, null, null, null, null, null, ""-3,019,648,611 "", null]"
wr_masterfile_coa_pl_391,snapshot_istantoro_2022_mar_2026,MASTERFILE COA PL,391,"[null, ""MAC"", null, "" -   "", "" -   "", "" -   "", "" -   "", "" -   "", "" -   "", "" -   "", "" -   "", "" -   "", "" -   "", "" -   "", "" -   "", "" - "", "" - "", "" - "", "" -   "", "" -   "", "" -   "", "" -   "", null, null, null, null, null, null, null, null, null, "" -   "", null]"
wr_masterfile_coa_pl_392,snapshot_istantoro_2022_mar_2026,MASTERFILE COA PL,392,"[null, ""TOTAL BEBAN POKOK JASA"", null, ""-3,466,370,537,100 "", ""-3,647,650,276,037.54 "", ""-4,052,209,390,849.71 "", ""-338,684,611,225 "", ""-341,158,062,630 "", ""-513,511,425,561 "", ""-310,005,748,265 "", ""-311,775,575,385 "", ""-317,050,732,172 "", ""-300,073,967,064 "", ""-284,948,759,448 "", ""-320,027,942,611 "", "" (302,732,423,788)"", "" (320,432,742,669)"", "" (332,563,776,377)"", ""-3,992,965,767,195.03 "", ""-331,353,637,280 "", ""-326,763,773,054 "", ""-432,371,580,853 "", null, null, null, null, null, null, null, null, null, ""-1,090,488,991,187 "", null]"
wr_masterfile_coa_pl_393,snapshot_istantoro_2022_mar_2026,MASTERFILE COA PL,393,"[null, null, null, "" -   "", "" -   "", "" -   "", "" -   "", "" -   "", "" -   "", "" -   "", "" -   "", "" -   "", "" -   "", "" -   "", "" -   "", "" - "", "" - "", "" - "", "" -   "", "" -   "", "" -   "", null, null, null, null, null, null, null, null, null, null, "" -   "", null]"
wr_masterfile_coa_pl_394,snapshot_istantoro_2022_mar_2026,MASTERFILE COA PL,394,"[null, ""TOTAL LABA USAHA"", null, "" 338,748,195,300 "", "" 384,233,966,606.05 "", "" 434,192,155,660.90 "", "" 28,076,620,670 "", "" 28,960,037,079 "", "" 31,156,091,921 "", "" 22,464,833,565 "", "" 29,488,715,786 "", "" 29,407,296,379 "", "" 34,219,059,034 "", "" 39,742,838,126 "", "" 38,475,642,922 "", "" 41,007,781,368 "", "" 52,023,572,004 "", "" 50,449,216,246 "", "" 425,471,705,101.68 "", "" 23,605,448,563 "", "" 33,061,012,753 "", "" 39,202,899,786 "", null, null, null, null, null, null, null, null, null, "" 95,869,361,101 "", null]"
wr_masterfile_coa_pl_395,snapshot_istantoro_2022_mar_2026,MASTERFILE COA PL,395,"[null, null, null, "" -   "", "" -   "", "" -   "", "" -   "", "" -   "", "" -   "", "" -   "", "" -   "", "" -   "", "" -   "", "" -   "", "" -   "", "" - "", "" - "", "" - "", "" -   "", "" -   "", "" -   "", null, null, null, null, null, null, null, null, null, null, "" -   "", null]"
wr_masterfile_coa_pl_396,snapshot_istantoro_2022_mar_2026,MASTERFILE COA PL,396,"[null, ""BIAYA PEMASARAN"", null, "" -   "", "" -   "", "" -   "", "" -   "", "" -   "", "" -   "", "" -   "", "" -   "", "" -   "", "" -   "", "" -   "", "" -   "", "" - "", "" - "", "" - "", "" -   "", "" -   "", "" -   "", "" -   "", null, null, null, null, null, null, null, null, null, "" -   "", null]"
wr_masterfile_coa_pl_397,snapshot_istantoro_2022_mar_2026,MASTERFILE COA PL,397,"[""600001"", ""BIAYA PEMASARAN & PENGEMBANGAN"", ""Biaya Iklan, Reklame & Pameran"", ""-7,370,000 "", ""-41,907,800.00 "", "" -   "", "" -   "", "" -   "", "" -   "", "" -   "", "" -   "", "" -   "", "" -   "", "" -   "", "" -   "", "" - "", "" (7,600,000)"", "" - "", ""-7,600,000.00 "", "" -   "", "" -   "", "" -   "", null, null, null, null, null, null, null, null, null, "" -   "", null]"
wr_masterfile_coa_pl_398,snapshot_istantoro_2022_mar_2026,MASTERFILE COA PL,398,"[""600010"", ""BIAYA IKLAN, REKLAME & PAMERAN"", ""Biaya Iklan, Reklame & Pameran"", ""-142,787,671 "", ""-33,364,322.00 "", ""-122,855,615.00 "", ""-23,099,160 "", ""-573,859 "", ""-180,000 "", ""-961,500 "", ""-59,444,980 "", ""-2,888,450 "", ""-532,500 "", ""-182,548,000 "", ""-923,000 "", "" (18,938,507)"", "" (321,524)"", "" (11,826,000)"", ""-302,237,480.00 "", "" -   "", ""-10,075,000 "", ""-500,000 "", null, null, null, null, null, null, null, null, null, ""-10,575,000 "", null]"
wr_masterfile_coa_pl_399,snapshot_istantoro_2022_mar_2026,MASTERFILE COA PL,399,"[""600011"", ""BIAYA PAJAK IKLAN, REKLAME&PAMERAN"", ""Biaya Iklan, Reklame & Pameran"", ""-4,555,750 "", ""-3,481,926.00 "", ""-336,384.00 "", "" -   "", "" -   "", "" -   "", ""-100,000 "", "" -   "", "" -   "", ""-260,062 "", "" -   "", "" -   "", "" - "", "" - "", "" - "", ""-360,062.00 "", ""-260,062 "", "" -   "", ""-2,227,736 "", null, null, null, null, null, null, null, null, null, ""-2,487,798 "", null]"
wr_masterfile_coa_pl_400,snapshot_istantoro_2022_mar_2026,MASTERFILE COA PL,400,"[""600020"", ""BIAYA PROMOSI"", ""Biaya Promosi"", ""-250,000 "", "" -   "", ""-687,922,189.00 "", ""-44,003,842 "", ""-5,654,900 "", ""-117,035,608 "", ""-12,856,586 "", ""-30,838,330 "", ""-1,053,319 "", ""-78,815,315 "", ""-15,350,000 "", "" -   "", "" (95,612,612)"", "" (27,875,000)"", "" (68,162,162)"", ""-497,257,674.00 "", ""-14,864,865 "", ""-2,125,000 "", ""-302,076 "", null, null, null, null, null, null, null, null, null, ""-17,291,941 "", null]"
wr_masterfile_coa_pl_401,snapshot_istantoro_2022_mar_2026,MASTERFILE COA PL,401,"[""600030"", ""BIAYA HUBUNGAN RELASI, PEMASARAN DAN HUMAS BISNIS"", ""Biaya Hubungan Relasi"", ""-1,772,419,290 "", ""-2,634,144,990.00 "", ""-2,513,793,353.00 "", ""-217,991,532 "", ""-253,130,536 "", ""-759,509,432 "", ""-259,666,100 "", ""-182,564,669 "", ""-108,944,300 "", ""-143,517,588 "", ""-97,417,426 "", ""-296,406,295 "", "" (416,546,615)"", "" (429,997,219)"", "" (623,290,840)"", ""-3,788,982,552.00 "", ""-213,063,752 "", ""-207,590,805 "", ""-205,728,105 "", null, null, null, null, null, null, null, null, null, ""-626,382,662 "", null]"
wr_masterfile_coa_pl_402,snapshot_istantoro_2022_mar_2026,MASTERFILE COA PL,402,"[""600040"", ""BIAYA HUMAS PERUSAHAAN"", ""Biaya Humas"", ""-73,050,300 "", ""-42,393,950.00 "", ""-29,077,800.00 "", ""-1,975,000 "", ""-1,602,000 "", ""-1,695,000 "", ""-1,755,000 "", ""-2,262,000 "", ""-1,675,000 "", ""-1,819,500 "", ""-3,775,000 "", ""-2,421,000 "", "" (2,229,000)"", "" (1,780,000)"", "" (2,210,000)"", ""-25,198,500.00 "", ""-2,378,000 "", ""-3,022,600 "", ""-2,608,500 "", null, null, null, null, null, null, null, null, null, ""-8,009,100 "", null]"
wr_masterfile_coa_pl_403,snapshot_istantoro_2022_mar_2026,MASTERFILE COA PL,403,"[""723001"", ""BIAYA IKLAN DAN REKLAME PERUSAHAAN"", ""Biaya Iklan, Reklame & Pameran"", ""-13,704,513 "", ""-118,721,638.00 "", ""-5,873,930.00 "", "" -   "", "" -   "", "" -   "", "" -   "", ""-607,500 "", "" -   "", "" -   "", "" -   "", "" -   "", "" - "", "" - "", "" - "", ""-607,500.00 "", "" -   "", "" -   "", "" -   "", null, null, null, null, null, null, null, null, null, "" -   "", null]"
wr_masterfile_coa_pl_404,snapshot_istantoro_2022_mar_2026,MASTERFILE COA PL,404,"[null, ""TOTAL BIAYA PEMASARAN"", null, ""-2,014,137,524 "", ""-2,874,014,626.00 "", ""-3,359,859,271.00 "", ""-287,069,534 "", ""-260,961,295 "", ""-878,420,040 "", ""-275,339,186 "", ""-275,717,479 "", ""-114,561,069 "", ""-224,944,965 "", ""-299,090,426 "", ""-299,750,295 "", "" (533,326,734)"", "" (467,573,743)"", "" (705,489,002)"", ""-4,622,243,768.00 "", ""-230,566,679 "", ""-222,813,405 "", ""-211,366,417 "", null, null, null, null, null, null, null, null, null, ""-664,746,501 "", null]"
wr_masterfile_coa_pl_405,snapshot_istantoro_2022_mar_2026,MASTERFILE COA PL,405,"[null, null, null, "" -   "", "" -   "", "" -   "", "" -   "", "" -   "", "" -   "", "" -   "", "" -   "", "" -   "", "" -   "", "" -   "", "" -   "", "" - "", "" - "", "" - "", "" -   "", "" -   "", "" -   "", null, null, null, null, null, null, null, null, null, null, "" -   "", null]"
wr_masterfile_coa_pl_406,snapshot_istantoro_2022_mar_2026,MASTERFILE COA PL,406,"[null, ""BIAYA ADMINISTRASI & UMUM"", null, "" -   "", "" -   "", "" -   "", "" -   "", "" -   "", "" -   "", "" -   "", "" -   "", "" -   "", "" -   "", "" -   "", "" -   "", "" - "", "" - "", "" - "", "" -   "", "" -   "", "" -   "", "" -   "", null, null, null, null, null, null, null, null, null, "" -   "", null]"
wr_masterfile_coa_pl_407,snapshot_istantoro_2022_mar_2026,MASTERFILE COA PL,407,"[null, ""REMUNERASI PEKERJA"", ""kete"", "" -   "", "" -   "", "" -   "", "" -   "", "" -   "", "" -   "", "" -   "", "" -   "", "" -   "", "" -   "", "" -   "", "" -   "", "" - "", "" - "", "" - "", "" -   "", "" -   "", "" -   "", "" -   "", null, null, null, null, null, null, null, null, null, "" -   "", null]"
wr_masterfile_coa_pl_408,snapshot_istantoro_2022_mar_2026,MASTERFILE COA PL,408,"[""711000"", ""UPAH / GAJI"", ""Upah / Gaji"", ""-21,108,647,830 "", ""-20,492,011,850.00 "", ""-29,346,620,137.00 "", ""-2,321,906,797 "", ""-2,386,077,433 "", ""-2,450,187,083 "", ""-2,485,730,993 "", ""-2,535,505,535 "", ""-2,562,663,255 "", ""-2,721,054,510 "", ""-2,868,412,411 "", ""-2,935,167,550 "", "" (2,964,024,397)"", "" (2,981,283,632)"", "" (2,916,425,751)"", ""-32,128,439,347.00 "", ""-2,907,861,115 "", ""-2,936,082,146 "", ""-2,918,512,228 "", null, null, null, null, null, null, null, null, null, ""-8,762,455,489 "", null]"
wr_masterfile_coa_pl_409,snapshot_istantoro_2022_mar_2026,MASTERFILE COA PL,409,"[""711100"", ""TUNJANGAN KERAWANAN"", ""Tunjangan Khusus"", "" -   "", "" -   "", "" -   "", "" -   "", "" -   "", "" -   "", "" -   "", "" -   "", "" -   "", "" -   "", "" -   "", "" -   "", "" - "", "" - "", "" - "", "" -   "", "" -   "", "" -   "", "" -   "", null, null, null, null, null, null, null, null, null, "" -   "", null]"
wr_masterfile_coa_pl_410,snapshot_istantoro_2022_mar_2026,MASTERFILE COA PL,410,"[""711200"", ""TUNJANGAN KINERJA"", ""Tunjangan Kinerja"", ""-11,882,768,758 "", ""-11,323,667,096.00 "", "" -   "", "" -   "", "" -   "", "" -   "", "" -   "", "" -   "", "" -   "", "" -   "", "" -   "", "" -   "", "" - "", "" - "", "" - "", "" -   "", "" -   "", "" -   "", "" -   "", null, null, null, null, null, null, null, null, null, "" -   "", null]"
wr_masterfile_coa_pl_411,snapshot_istantoro_2022_mar_2026,MASTERFILE COA PL,411,"[""711300"", ""TUNJANGAN PREMIUM"", ""Tunjangan Premium"", ""-13,405,449,359 "", ""-12,061,509,546.00 "", ""-10,733,585,417.00 "", ""-924,968,260 "", ""-928,195,000 "", ""-942,700,000 "", ""-949,730,000 "", ""-964,854,546 "", ""-964,854,546 "", ""-949,883,043 "", ""-937,975,238 "", ""-942,741,516 "", "" (958,020,942)"", "" (986,162,333)"", "" (1,012,783,551)"", ""-11,462,868,975.00 "", ""-1,023,354,091 "", ""-1,031,605,000 "", ""-1,035,940,000 "", null, null, null, null, null, null, null, null, null, ""-3,090,899,091 "", null]"
wr_masterfile_coa_pl_412,snapshot_istantoro_2022_mar_2026,MASTERFILE COA PL,412,"[""711700"", ""TUNJANGAN JABATAN"", ""Tunjangan Jabatan"", ""-4,663,395,451 "", ""-5,545,562,494.00 "", ""-10,574,083,299.00 "", ""-892,048,913 "", ""-897,963,596 "", ""-895,823,809 "", ""-1,003,125,000 "", ""-1,053,090,909 "", ""-1,053,090,909 "", ""-1,082,989,130 "", ""-1,089,322,024 "", ""-1,096,306,818 "", "" (1,104,516,304)"", "" (1,101,175,000)"", "" (1,107,293,478)"", ""-12,376,745,890.00 "", ""-1,118,154,030 "", ""-1,147,125,000 "", ""-1,150,875,000 "", null, null, null, null, null, null, null, null, null, ""-3,416,154,030 "", null]"
wr_masterfile_coa_pl_413,snapshot_istantoro_2022_mar_2026,MASTERFILE COA PL,413,"[""711800"", ""TUNJANGAN OPERASIONAL"", ""Tunjangan Khusus"", ""-1,000,000 "", "" 71,941,004.00 "", "" -   "", "" -   "", "" -   "", "" -   "", "" -   "", "" -   "", "" -   "", "" -   "", "" -   "", "" -   "", "" - "", "" - "", "" - "", "" -   "", "" -   "", "" -   "", "" -   "", null, null, null, null, null, null, null, null, null, "" -   "", null]"
wr_masterfile_coa_pl_414,snapshot_istantoro_2022_mar_2026,MASTERFILE COA PL,414,"[""712100"", ""TUNJANGAN PROFESI"", ""Tunjangan Khusus"", ""-9,500,000 "", "" -   "", "" -   "", "" -   "", "" -   "", "" -   "", "" -   "", "" -   "", "" -   "", "" -   "", "" -   "", "" -   "", "" - "", "" - "", "" - "", "" -   "", "" -   "", "" -   "", "" -   "", null, null, null, null, null, null, null, null, null, "" -   "", null]"
wr_masterfile_coa_pl_415,snapshot_istantoro_2022_mar_2026,MASTERFILE COA PL,415,"[""712200"", ""TUNJANGAN KHUSUS"", ""Tunjangan Khusus"", ""-9,635,171,102 "", ""-9,449,616,387.00 "", ""-7,104,392,606.00 "", ""-589,038,530 "", ""-597,603,964 "", ""-650,198,039 "", ""-664,960,656 "", ""-618,428,509 "", ""-618,428,509 "", ""-606,327,242 "", ""-627,074,818 "", ""-627,493,996 "", "" (630,543,157)"", "" (628,844,995)"", "" (634,923,585)"", ""-7,493,866,000.00 "", ""-637,339,000 "", ""-632,739,191 "", ""-628,263,927 "", null, null, null, null, null, null, null, null, null, ""-1,898,342,118 "", null]"
wr_masterfile_coa_pl_416,snapshot_istantoro_2022_mar_2026,MASTERFILE COA PL,416,"[""712300"", ""TUNJANGAN UANG LEMBUR"", ""Tunjangan Uang Lembur"", ""-1,762,870,882 "", ""-1,132,497,469.00 "", ""-193,494,437.00 "", ""-42,961,088 "", ""-19,585,547 "", ""-8,982,377 "", ""-2,601,292 "", ""-19,129,837 "", ""-23,791,991 "", ""-14,949,716 "", ""-12,419,283 "", ""-17,551,618 "", "" (18,533,565)"", "" (19,637,960)"", "" (17,332,886)"", ""-217,477,160.00 "", ""-14,643,784 "", ""-14,844,471 "", ""-17,515,797 "", null, null, null, null, null, null, null, null, null, ""-47,004,052 "", null]"
wr_masterfile_coa_pl_417,snapshot_istantoro_2022_mar_2026,MASTERFILE COA PL,417,"[""712700"", ""TUNJANGAN SEWA RUMAH"", ""Tunjangan Khusus"", ""-3,500,000 "", ""-21,250,000.00 "", ""-122,400,000.00 "", ""-45,600,000 "", "" -   "", "" -   "", ""-12,500,000 "", ""-16,800,000 "", "" -   "", ""-20,400,000 "", "" -   "", "" -   "", "" - "", "" - "", "" - "", ""-95,300,000.00 "", ""-20,400,000 "", "" -   "", "" -   "", null, null, null, null, null, null, null, null, null, ""-20,400,000 "", null]"
wr_masterfile_coa_pl_418,snapshot_istantoro_2022_mar_2026,MASTERFILE COA PL,418,"[""712800"", ""TUNJANGAN TRANSPORT"", ""Tunjangan Khusus"", "" -   "", ""-2,393,040.00 "", ""-2,000,000.00 "", "" -   "", "" -   "", "" -   "", "" -   "", "" -   "", "" -   "", "" -   "", "" -   "", "" -   "", "" - "", "" - "", "" - "", "" -   "", "" -   "", "" -   "", "" -   "", null, null, null, null, null, null, null, null, null, "" -   "", null]"
wr_masterfile_coa_pl_419,snapshot_istantoro_2022_mar_2026,MASTERFILE COA PL,419,"[""713750"", ""TUNJANGAN KOORDINATOR"", ""Tunjangan Khusus"", "" -   "", "" -   "", "" -   "", "" -   "", "" -   "", "" -   "", "" -   "", "" -   "", "" -   "", "" -   "", "" -   "", "" -   "", "" - "", "" - "", "" - "", "" -   "", "" -   "", "" -   "", "" -   "", null, null, null, null, null, null, null, null, null, "" -   "", null]"
wr_masterfile_coa_pl_420,snapshot_istantoro_2022_mar_2026,MASTERFILE COA PL,420,"[""712900"", ""TUNJANGAN CUTI"", ""Tunjangan Cuti"", ""-3,179,403,332 "", ""-3,097,774,666.00 "", ""-3,889,077,791.00 "", ""-112,936,413 "", ""-305,225,930 "", ""-280,845,105 "", ""-422,425,965 "", ""-288,762,204 "", ""-177,155,262 "", ""-328,279,190 "", ""-406,728,182 "", ""-581,330,392 "", "" (513,649,904)"", "" (272,968,300)"", "" (477,072,232)"", ""-4,167,379,079.00 "", ""-121,188,134 "", ""-365,305,120 "", ""-319,300,794 "", null, null, null, null, null, null, null, null, null, ""-805,794,048 "", null]"
wr_masterfile_coa_pl_421,snapshot_istantoro_2022_mar_2026,MASTERFILE COA PL,421,"[null, ""TUNJANGAN PAJAK PPH PSL 21"", ""Tunjangan Pajak Pasal 21"", ""-4,002,390,071 "", ""-3,665,223,090.00 "", ""-3,887,832,369.00 "", ""-315,442,519 "", ""-355,260,450 "", ""-297,147,498 "", ""-357,775,154 "", ""-331,359,045 "", ""-331,359,045 "", ""-352,410,741 "", ""-410,958,194 "", ""-432,370,827 "", "" (381,334,802)"", "" (332,207,681)"", "" (414,372,937)"", ""-4,311,998,893.00 "", ""-313,356,257 "", ""-330,130,075 "", ""-2,321,968,042 "", null, null, null, null, null, null, null, null, null, ""-2,965,454,374 "", null]"
wr_masterfile_coa_pl_422,snapshot_istantoro_2022_mar_2026,MASTERFILE COA PL,422,"[null, ""JUMLAH BIAYA REMUNERASI PEKERJA"", null, ""-69,654,096,785 "", ""-66,719,564,634.00 "", ""-65,853,486,056.00 "", ""-5,244,902,520 "", ""-5,489,911,920 "", ""-5,525,883,911 "", ""-5,898,849,060 "", ""-5,827,930,585 "", ""-5,731,343,517 "", ""-6,076,293,572 "", ""-6,352,890,150 "", ""-6,632,962,717 "", "" (6,570,623,071)"", "" (6,322,279,901)"", "" (6,580,204,420)"", ""-72,254,075,344.00 "", ""-6,156,296,411 "", ""-6,457,831,003 "", ""-8,392,375,788 "", null, null, null, null, null, null, null, null, null, ""-21,006,503,202 "", null]"
wr_masterfile_coa_pl_423,snapshot_istantoro_2022_mar_2026,MASTERFILE COA PL,423,"[""712600"", ""TUNJANGAN DANA PENSIUN (DPLK)"", ""Tunjangan Dana Pensiun (DPLK)"", ""-4,822,193,251 "", ""-3,888,912,627.00 "", ""-4,269,199,393.00 "", ""-344,372,933 "", ""-343,449,190 "", ""-341,254,696 "", ""-351,233,140 "", ""-362,657,178 "", ""-362,657,178 "", ""-356,453,520 "", ""-356,606,529 "", ""-354,537,640 "", "" (354,574,308)"", "" (353,497,976)"", "" (357,335,257)"", ""-4,238,629,545.00 "", ""-359,522,601 "", ""-358,496,873 "", ""-357,655,509 "", null, null, null, null, null, null, null, null, null, ""-1,075,674,983 "", null]"
wr_masterfile_coa_pl_424,snapshot_istantoro_2022_mar_2026,MASTERFILE COA PL,424,"[null, ""TUNJANGAN JAMSOSTEK"", ""Tunjangan Jamsostek"", ""-1,955,881,785 "", ""-1,798,627,589.00 "", ""-2,270,351,652.00 "", ""-192,448,331 "", ""-192,997,825 "", ""-195,355,077 "", ""-197,498,061 "", ""-203,702,124 "", ""-203,702,124 "", ""-201,325,972 "", ""-200,987,209 "", ""-201,431,441 "", "" (204,385,779)"", "" (207,847,644)"", "" (213,927,744)"", ""-2,415,609,331.00 "", ""-214,944,617 "", ""-215,094,752 "", ""-213,283,604 "", null, null, null, null, null, null, null, null, null, ""-643,322,973 "", null]"
wr_masterfile_coa_pl_425,snapshot_istantoro_2022_mar_2026,MASTERFILE COA PL,425,"[""713360"", ""TUNJANGAN ASURANSI DWIGUNA"", ""Tunjangan Dana Pensiun (DPLK)"", ""-140,677 "", "" -   "", "" -   "", "" -   "", "" -   "", "" -   "", "" -   "", "" -   "", "" -   "", "" -   "", "" -   "", "" -   "", "" - "", "" - "", "" - "", "" -   "", "" -   "", "" -   "", "" -   "", null, null, null, null, null, null, null, null, null, "" -   "", null]"
wr_masterfile_coa_pl_426,snapshot_istantoro_2022_mar_2026,MASTERFILE COA PL,426,"[""713400"", ""BANTUAN UANG DUKA"", ""Bantuan Uang Duka"", ""-56,674,000 "", ""-32,500,000.00 "", ""-17,000,000.00 "", ""-650,000 "", ""-600,000 "", "" -   "", ""-9,400,000 "", ""-30,000,000 "", "" -   "", ""-4,000,000 "", "" -   "", "" -   "", "" - "", "" - "", "" (150,000)"", ""-44,800,000.00 "", "" -   "", ""-15,000,000 "", "" -   "", null, null, null, null, null, null, null, null, null, ""-15,000,000 "", null]"
wr_masterfile_coa_pl_427,snapshot_istantoro_2022_mar_2026,MASTERFILE COA PL,427,"[""713100"", ""TUNJANGAN HARI RAYA KEAGAMAAN"", ""Tunjangan Hari Raya Keagamaan"", ""-14,947,740,691 "", ""-10,845,102,000.00 "", ""-721,429,223.00 "", "" -   "", "" -   "", ""-808,375,581 "", ""-500,000,000 "", ""-750,000,000 "", ""-1,150,000,000 "", ""-4,437,044,165 "", ""-1,000,000,000 "", "" -   "", "" - "", "" - "", "" (2,000,000)"", ""-8,647,419,746.00 "", ""-883,215,625 "", ""-883,215,625 "", ""-883,215,625 "", null, null, null, null, null, null, null, null, null, ""-2,649,646,875 "", null]"
wr_masterfile_coa_pl_428,snapshot_istantoro_2022_mar_2026,MASTERFILE COA PL,428,"[""713370"", ""BPJS KESEHATAN"", ""BPJS Kesehatan"", ""-1,321,127,796 "", ""-1,358,000,714.00 "", ""-1,630,099,322.00 "", ""-117,952,160 "", ""-130,460,723 "", ""-137,564,452 "", ""-133,176,588 "", ""-191,127,343 "", ""-124,461,920 "", ""-122,715,588 "", ""-132,479,085 "", ""-128,053,440 "", "" (127,403,947)"", "" (134,527,737)"", "" (132,668,549)"", ""-1,612,591,532.00 "", ""-132,867,600 "", ""-149,401,689 "", ""-132,582,452 "", null, null, null, null, null, null, null, null, null, ""-414,851,741 "", null]"
wr_masterfile_coa_pl_429,snapshot_istantoro_2022_mar_2026,MASTERFILE COA PL,429,"[null, ""REIMBURSEMENT PENGOBATAN NON RUTIN PEKERJA ORGANIK"", ""Reimbursement Pengobatan Non Rutin Pekerja Organik"", ""-1,950,000,000 "", ""-2,724,900,000.00 "", ""-1,650,000,000.00 "", ""-150,000,000 "", ""-150,000,000 "", ""-150,000,000 "", ""-150,000,000 "", ""-241,353,000 "", ""-150,000,000 "", "" -   "", ""-207,973,000 "", "" -   "", "" (150,000,000)"", "" (150,000,000)"", "" (4,210,577)"", ""-1,503,536,577.00 "", "" -   "", ""-495,494,644 "", ""-247,747,322 "", null, null, null, null, null, null, null, null, null, ""-743,241,966 "", null]"
wr_masterfile_coa_pl_430,snapshot_istantoro_2022_mar_2026,MASTERFILE COA PL,430,"[""711400"", ""BONUS & TANTIEM"", ""Bonus"", ""-13,264,998,750 "", ""-15,355,535,000.00 "", ""-19,540,958,536.00 "", "" -   "", ""-1,000,000,000 "", ""-1,000,000,000 "", ""-563,750,000 "", ""-1,250,000,000 "", ""-1,550,000,000 "", ""-1,654,789,500 "", ""-750,000,000 "", ""-750,000,000 "", "" (1,500,000,000)"", "" (1,250,000,000)"", "" (4,000,000,000)"", ""-15,268,539,500.22 "", ""-1,261,255,892 "", ""-1,261,255,892 "", ""-1,261,255,892 "", null, null, null, null, null, null, null, null, null, ""-3,783,767,676 "", null]"
wr_masterfile_coa_pl_431,snapshot_istantoro_2022_mar_2026,MASTERFILE COA PL,431,"[""711500"", ""INSENTIVE"", ""Insentive"", ""-9,494,982,757 "", ""-9,907,000,000.00 "", ""-6,200,000,000.00 "", "" -   "", ""-250,000,000 "", "" -   "", "" -   "", ""-500,000,000 "", ""-750,000,000 "", ""-391,421,065 "", ""-750,000,000 "", ""-750,000,000 "", "" (1,250,000,000)"", "" (1,250,000,000)"", "" - "", ""-5,891,421,065.00 "", "" -   "", "" -   "", "" -   "", null, null, null, null, null, null, null, null, null, "" -   "", null]"
wr_masterfile_coa_pl_432,snapshot_istantoro_2022_mar_2026,MASTERFILE COA PL,432,"[""713500"", ""PESANGON"", ""Biaya Kompensasi"", "" -   "", "" -   "", ""-895,879,525.00 "", "" -   "", "" -   "", ""-7,957,390 "", "" -   "", "" -   "", "" -   "", "" -   "", "" -   "", "" -   "", "" - "", "" - "", "" - "", ""-7,957,390.00 "", "" -   "", "" -   "", "" -   "", null, null, null, null, null, null, null, null, null, "" -   "", null]"
wr_masterfile_coa_pl_433,snapshot_istantoro_2022_mar_2026,MASTERFILE COA PL,433,"[""770000"", ""BIAYA IMBALAN PASCA KERJA"", ""Biaya Imbalan Pasca Kerja"", ""-6,157,737,251 "", ""-5,494,713,287.00 "", "" 233,978,923.00 "", "" -   "", "" -   "", "" -   "", "" -   "", "" -   "", "" -   "", "" -   "", "" -   "", "" -   "", "" - "", "" - "", "" - "", "" -   "", "" -   "", "" -   "", "" -   "", null, null, null, null, null, null, null, null, null, "" -   "", null]"
wr_masterfile_coa_pl_434,snapshot_istantoro_2022_mar_2026,MASTERFILE COA PL,434,"[null, ""BIAYA KOMPENSASI"", ""Biaya Kompensasi"", "" -   "", ""-4,374,942,980.00 "", ""-646,000,000.00 "", "" -   "", "" -   "", "" -   "", "" -   "", ""-250,000,000 "", ""-250,000,000 "", "" -   "", "" -   "", "" -   "", "" - "", "" (500,000,000)"", "" - "", ""-1,000,000,000.00 "", ""-64,905,617 "", ""-64,905,617 "", ""-64,905,617 "", null, null, null, null, null, null, null, null, null, ""-194,716,851 "", null]"
wr_masterfile_coa_pl_435,snapshot_istantoro_2022_mar_2026,MASTERFILE COA PL,435,"[null, ""JUMLAH BIAYA KESEJAHTERAAN PEKERJA"", null, ""-53,971,476,958 "", ""-55,780,234,197.00 "", ""-37,606,938,728.00 "", ""-805,423,424 "", ""-2,067,507,738 "", ""-2,640,507,196 "", ""-1,905,057,789 "", ""-3,778,839,645 "", ""-4,540,821,222 "", ""-7,167,749,810 "", ""-3,398,045,823 "", ""-2,184,022,521 "", "" (3,586,364,034)"", "" (3,845,873,357)"", "" (4,710,292,127)"", ""-40,630,504,686.22 "", ""-2,916,711,952 "", ""-3,442,865,092 "", ""-3,160,646,021 "", null, null, null, null, null, null, null, null, null, ""-9,520,223,065 "", null]"
wr_masterfile_coa_pl_436,snapshot_istantoro_2022_mar_2026,MASTERFILE COA PL,436,"[""720000"", ""BIAYA PENYUSUTAN DAN AMORTISASI"", ""Biaya Penyusutan"", "" -   "", "" -   "", "" -   "", "" -   "", "" -   "", "" -   "", "" -   "", "" -   "", "" -   "", "" -   "", "" -   "", "" -   "", "" - "", "" - "", "" - "", "" -   "", "" -   "", "" -   "", "" -   "", null, null, null, null, null, null, null, null, null, "" -   "", null]"
wr_masterfile_coa_pl_437,snapshot_istantoro_2022_mar_2026,MASTERFILE COA PL,437,"[""722003"", ""BIAYA PENYUSUTAN BANGUNAN"", ""Biaya Penyusutan Bangunan"", ""-3,968,823,839 "", ""-3,816,909,792.50 "", ""-4,317,605,412.03 "", ""-375,207,051 "", ""-375,207,051 "", ""-375,207,051 "", ""-375,207,051 "", ""-375,207,051 "", ""-375,207,051 "", ""-375,207,051 "", ""-375,207,051 "", ""-380,026,644 "", "" (381,140,961)"", "" (381,140,961)"", "" (381,140,961)"", ""-4,525,105,936.50 "", ""-381,140,963 "", ""-381,140,961 "", ""-390,779,918 "", null, null, null, null, null, null, null, null, null, ""-1,153,061,841 "", null]"
wr_masterfile_coa_pl_438,snapshot_istantoro_2022_mar_2026,MASTERFILE COA PL,438,"[""722004"", ""BIAYA PENYUSUTAN KENDARAAN"", ""Biaya Penyusutan Kendaraan"", ""-1,016,183,612 "", ""-148,326,000.35 "", ""-258,404,439.47 "", ""-75,752,810 "", ""-76,078,768 "", ""-77,004,558 "", ""-77,781,252 "", ""-169,544,958 "", "" 134,654,812 "", ""-58,184,367 "", ""-58,359,850 "", ""-58,359,850 "", "" (58,359,850)"", "" (58,359,850)"", "" (58,359,850)"", ""-691,491,153.92 "", ""-58,566,839 "", ""-152,634,850 "", ""-65,243,739 "", null, null, null, null, null, null, null, null, null, ""-276,445,429 "", null]"
wr_masterfile_coa_pl_439,snapshot_istantoro_2022_mar_2026,MASTERFILE COA PL,439,"[""722005"", ""BIAYA PENYUSUTAN MESIN/PERALATAN KANTOR"", ""Biaya Penyusutan Mesin/Peralatan Kantor"", ""-1,616,417,643 "", ""-2,018,762,580.27 "", ""-2,211,703,471.24 "", ""-222,340,713 "", ""-229,460,164 "", ""-238,360,104 "", ""-247,492,590 "", ""-247,881,767 "", ""-250,399,970 "", ""-249,683,468 "", ""-250,342,171 "", ""-255,148,846 "", "" (263,343,554)"", "" (258,201,934)"", "" (258,575,559)"", ""-2,971,230,839.85 "", ""-256,524,939 "", ""-252,906,191 "", ""-262,973,089 "", null, null, null, null, null, null, null, null, null, ""-772,404,219 "", null]"
wr_masterfile_coa_pl_440,snapshot_istantoro_2022_mar_2026,MASTERFILE COA PL,440,"[""722006"", ""BIAYA PENYUSUTAN MEUBELAIR /FURNITURE KANTOR"", ""Biaya Penyusutan Meubelair /Furniture Kantor"", ""-927,971,658 "", ""-1,433,892,581.11 "", ""-1,034,558,938.22 "", ""-72,207,392 "", ""-72,822,760 "", ""-73,137,311 "", ""-73,410,661 "", ""-73,448,806 "", ""-74,302,103 "", ""-74,532,220 "", ""-74,487,417 "", ""-81,287,818 "", "" (82,445,522)"", "" (82,401,464)"", "" (82,325,267)"", ""-916,808,740.28 "", ""-75,852,980 "", ""-75,575,358 "", ""-79,968,444 "", null, null, null, null, null, null, null, null, null, ""-231,396,781 "", null]"
wr_masterfile_coa_pl_441,snapshot_istantoro_2022_mar_2026,MASTERFILE COA PL,441,"[null, ""BIAYA KONVERSI PENYUSUTAN AKTIVA TETAP"", ""Biaya Konversi Penyusutan Aktiva Tetap"", "" -   "", "" -   "", "" -   "", "" -   "", "" -   "", "" -   "", "" -   "", "" -   "", "" -   "", "" -   "", "" -   "", "" -   "", "" - "", "" - "", "" - "", "" -   "", "" -   "", "" -   "", "" -   "", null, null, null, null, null, null, null, null, null, "" -   "", null]"
wr_masterfile_coa_pl_442,snapshot_istantoro_2022_mar_2026,MASTERFILE COA PL,442,"[null, ""JUMLAH BIAYA PENYUSUTAN AKTIVA TETAP"", null, ""-7,529,396,752 "", ""-7,417,890,954.23 "", ""-7,822,272,260.96 "", ""-745,507,967 "", ""-753,568,744 "", ""-763,709,024 "", ""-773,891,555 "", ""-866,082,581 "", ""-565,254,313 "", ""-757,607,106 "", ""-758,396,490 "", ""-774,823,158 "", "" (785,289,886)"", "" (780,104,209)"", "" (780,401,638)"", ""-9,104,636,670.55 "", ""-772,085,725 "", ""-862,257,360 "", ""-798,965,189 "", null, null, null, null, null, null, null, null, null, ""-2,433,308,274 "", null]"
wr_masterfile_coa_pl_443,snapshot_istantoro_2022_mar_2026,MASTERFILE COA PL,443,"[""738000"", ""BIAYA TRANSPORT"", ""Biaya Transportasi"", ""-5,072,900 "", ""-2,919,000.00 "", ""-3,076,000.00 "", ""-483,000 "", ""-483,000 "", "" -   "", "" -   "", ""-1,389,800 "", "" -   "", ""-483,000 "", ""-576,000 "", ""-288,000 "", "" (644,000)"", "" (161,000)"", "" (1,135,500)"", ""-5,643,300.00 "", ""-1,568,300 "", ""-1,013,900 "", ""-399,000 "", null, null, null, null, null, null, null, null, null, ""-2,981,200 "", null]"
wr_masterfile_coa_pl_444,snapshot_istantoro_2022_mar_2026,MASTERFILE COA PL,444,"[""744000"", ""BIAYA PERJALANAN DINAS"", ""Biaya Perjalanan Dinas"", "" -   "", "" -   "", "" -   "", "" -   "", "" -   "", "" -   "", "" -   "", "" -   "", "" -   "", "" -   "", "" -   "", "" -   "", "" - "", "" - "", "" - "", "" -   "", "" -   "", "" -   "", "" -   "", null, null, null, null, null, null, null, null, null, "" -   "", null]"
wr_masterfile_coa_pl_445,snapshot_istantoro_2022_mar_2026,MASTERFILE COA PL,445,"[""744001"", ""BIAYA PERJALANAN DINAS PENGURUS"", ""Biaya Perjalanan Dinas"", ""-76,079,575 "", ""-123,745,288.00 "", ""-302,926,134.00 "", ""-8,580,700 "", ""-14,627,548 "", ""-5,962,140 "", ""-2,830,466 "", "" -   "", "" -   "", ""-7,722,700 "", ""-2,000,000 "", ""-4,000,000 "", "" (8,004,650)"", "" (24,490,621)"", "" (35,958,087)"", ""-114,176,912.00 "", ""-2,945,000 "", ""-7,395,227 "", ""-17,707,980 "", null, null, null, null, null, null, null, null, null, ""-28,048,207 "", null]"
wr_masterfile_coa_pl_446,snapshot_istantoro_2022_mar_2026,MASTERFILE COA PL,446,"[""744002"", ""BIAYA PERJALANAN DINAS PEGAWAI"", ""Biaya Perjalanan Dinas"", ""-1,816,509,905 "", ""-1,577,162,655.00 "", ""-1,896,595,037.00 "", ""-260,579,018 "", ""-250,276,055 "", ""-184,174,886 "", ""-96,991,458 "", ""-199,049,416 "", ""-245,709,489 "", ""-269,515,502 "", ""-304,205,453 "", ""-330,920,507 "", "" (192,598,666)"", "" (233,924,013)"", "" (260,645,621)"", ""-2,828,590,084.00 "", ""-149,092,775 "", ""-193,321,222 "", ""-177,167,836 "", null, null, null, null, null, null, null, null, null, ""-519,581,833 "", null]"
wr_masterfile_coa_pl_447,snapshot_istantoro_2022_mar_2026,MASTERFILE COA PL,447,"[null, ""JUMLAH BIAYA TRANSPORTASI DAN PERJALANAN"", null, ""-1,897,662,380 "", ""-1,703,826,943.00 "", ""-2,202,597,171.00 "", ""-269,642,718 "", ""-265,386,603 "", ""-190,137,026 "", ""-99,821,924 "", ""-200,439,216 "", ""-245,709,489 "", ""-277,721,202 "", ""-306,781,453 "", ""-335,208,507 "", "" (201,247,316)"", "" (258,575,634)"", "" (297,739,208)"", ""-2,948,410,296.00 "", ""-153,606,075 "", ""-201,730,349 "", ""-195,274,816 "", null, null, null, null, null, null, null, null, null, ""-550,611,240 "", null]"
wr_masterfile_coa_pl_448,snapshot_istantoro_2022_mar_2026,MASTERFILE COA PL,448,"[""852000"", ""BIAYA ADM BANK"", ""Biaya Operasional Lainnya"", "" -   "", "" -   "", "" -   "", "" -   "", "" -   "", "" -   "", "" -   "", "" -   "", "" -   "", "" -   "", "" -   "", "" -   "", "" - "", "" - "", "" - "", "" -   "", "" -   "", "" -   "", "" -   "", null, null, null, null, null, null, null, null, null, "" -   "", null]"
wr_masterfile_coa_pl_449,snapshot_istantoro_2022_mar_2026,MASTERFILE COA PL,449,"[""730000"", ""BIAYA MATERAI"", ""Biaya Materai"", ""-476,906,170 "", ""-424,931,040.00 "", ""-487,711,140.00 "", ""-40,336,500 "", ""-36,844,450 "", ""-44,742,400 "", ""-33,974,500 "", ""-34,683,000 "", ""-40,021,890 "", ""-31,240,062 "", ""-29,152,126 "", ""-35,315,558 "", "" (33,561,978)"", "" (35,656,196)"", "" (44,806,516)"", ""-440,335,176.00 "", ""-36,213,990 "", ""-37,014,160 "", ""-35,965,631 "", null, null, null, null, null, null, null, null, null, ""-109,193,781 "", null]"
wr_masterfile_coa_pl_450,snapshot_istantoro_2022_mar_2026,MASTERFILE COA PL,450,"[""731000"", ""BIAYA TELPON DAN FAXIMILE"", ""Biaya Telpon dan Faximile"", ""-1,331,025,359 "", ""-879,284,865.00 "", ""-926,215,259.00 "", ""-72,447,986 "", ""-104,270,406 "", ""-132,134,703 "", ""-81,085,950 "", ""-87,505,155 "", ""-87,470,550 "", ""-134,117,724 "", ""-118,622,323 "", ""-99,121,918 "", "" (163,752,056)"", "" (94,177,220)"", "" (104,880,179)"", ""-1,279,586,170.32 "", ""-172,560,431 "", ""-175,943,265 "", ""-114,080,187 "", null, null, null, null, null, null, null, null, null, ""-462,583,883 "", null]"
wr_masterfile_coa_pl_451,snapshot_istantoro_2022_mar_2026,MASTERFILE COA PL,451,"[""732000"", ""BIAYA EXPEDISI"", ""Biaya Expedisi"", ""-510,388,730 "", ""-457,066,111.20 "", ""-519,638,382.00 "", ""-29,052,180 "", ""-79,076,141 "", ""-53,683,833 "", ""-24,644,868 "", ""-20,999,284 "", ""-36,993,593 "", ""-27,406,096 "", ""-38,297,894 "", ""-31,588,703 "", "" (36,242,297)"", "" (26,282,001)"", "" (92,208,220)"", ""-496,475,110.00 "", ""-42,132,555 "", ""-22,971,489 "", ""-42,643,846 "", null, null, null, null, null, null, null, null, null, ""-107,747,890 "", null]"
wr_masterfile_coa_pl_452,snapshot_istantoro_2022_mar_2026,MASTERFILE COA PL,452,"[""733000"", ""BIAYA ATK DAN FOTOCOPY"", ""Biaya ATK dan Fotocopy"", ""-985,653,191 "", ""-931,221,415.00 "", ""-1,016,875,512.01 "", ""-64,697,797 "", ""-60,161,352 "", ""-60,825,976 "", ""-37,586,267 "", ""-105,639,773 "", ""-86,094,952 "", ""-73,462,738 "", ""-60,577,187 "", ""-82,534,097 "", "" (57,757,511)"", "" (69,988,681)"", "" (64,673,412)"", ""-823,999,743.00 "", ""-58,724,503 "", ""-82,673,533 "", ""-94,567,775 "", null, null, null, null, null, null, null, null, null, ""-235,965,811 "", null]"
wr_masterfile_coa_pl_453,snapshot_istantoro_2022_mar_2026,MASTERFILE COA PL,453,"[""733100"", ""BIAYA ADMINISTRASI TENDER"", ""Biaya Administrasi Tender"", ""-108,529,391 "", ""-175,003,084.54 "", ""-277,159,095.02 "", ""-2,077,614 "", ""-16,809,521 "", ""-19,355,234 "", ""-9,363,669 "", ""-11,865,470 "", ""-25,525,681 "", ""-5,040,604 "", ""-12,237,993 "", ""-23,840,819 "", "" (195,817,200)"", "" (12,786,137)"", "" (145,537,907)"", ""-480,257,850.65 "", ""-18,825,042 "", ""-16,806,711 "", ""-12,371,372 "", null, null, null, null, null, null, null, null, null, ""-48,003,125 "", null]"
wr_masterfile_coa_pl_454,snapshot_istantoro_2022_mar_2026,MASTERFILE COA PL,454,"[""755000"", ""BIAYA LISTRIK"", ""Biaya Listrik"", ""-1,477,188,518 "", ""-1,501,225,055.00 "", ""-1,665,184,236.00 "", ""-138,769,628 "", ""-128,743,429 "", ""-132,251,897 "", ""-120,692,005 "", ""-116,999,776 "", ""-135,702,490 "", ""-135,811,352 "", ""-148,005,265 "", ""-145,886,231 "", "" (148,774,867)"", "" (156,893,721)"", "" (147,708,087)"", ""-1,656,238,748.00 "", ""-142,214,263 "", ""-128,513,561 "", ""-120,099,078 "", null, null, null, null, null, null, null, null, null, ""-390,826,902 "", null]"
wr_masterfile_coa_pl_455,snapshot_istantoro_2022_mar_2026,MASTERFILE COA PL,455,"[""751000"", ""BIAYA RUMAH TANGGA"", ""Biaya Rumah Tangga"", ""-1,797,104,776 "", ""-1,134,837,426.00 "", ""-1,403,334,940.00 "", ""-123,050,380 "", ""-115,362,066 "", ""-86,580,952 "", ""-94,330,083 "", ""-120,096,299 "", ""-121,465,648 "", ""-133,740,541 "", ""-106,822,604 "", ""-116,148,998 "", "" (114,072,611)"", "" (99,440,168)"", "" (127,786,665)"", ""-1,358,897,015.00 "", ""-115,478,899 "", ""-112,508,343 "", ""-80,922,319 "", null, null, null, null, null, null, null, null, null, ""-308,909,561 "", null]"
wr_masterfile_coa_pl_456,snapshot_istantoro_2022_mar_2026,MASTERFILE COA PL,456,"[""740000"", ""BIAYA PEMBELIAN DAN PERLENGKAPAN KANTOR"", ""Biaya Perlengkapan Kantor"", ""-202,688,164 "", ""-132,084,319.00 "", ""-160,874,595.00 "", ""-52,446,619 "", ""-13,187,328 "", ""-11,961,921 "", ""-72,208,930 "", ""-14,138,330 "", "" 85,486,566 "", ""-4,466,262 "", ""-4,142,750 "", ""-2,788,693 "", "" (10,106,571)"", "" (4,540,599)"", "" (1,213,900)"", ""-105,715,337.00 "", ""-7,118,781 "", ""-996,263 "", ""-11,196,039 "", null, null, null, null, null, null, null, null, null, ""-19,311,083 "", null]"
wr_masterfile_coa_pl_457,snapshot_istantoro_2022_mar_2026,MASTERFILE COA PL,457,"[""746000"", ""BIAYA SEWA KENDARAAN"", ""Biaya Sewa Kendaraan"", ""-659,027,508 "", ""-171,353,056.00 "", ""-145,732,542.00 "", ""-5,000,000 "", ""-117,787,509 "", ""-247,140,000 "", "" -   "", ""-198,504,503 "", ""-141,702,252 "", ""-5,400,000 "", ""-113,752,252 "", ""-337,972,970 "", "" (111,799,252)"", "" (337,972,970)"", "" (494,834,087)"", ""-2,111,865,795.00 "", ""-237,024,476 "", ""-227,659,611 "", ""-109,117,117 "", null, null, null, null, null, null, null, null, null, ""-573,801,204 "", null]"
wr_masterfile_coa_pl_458,snapshot_istantoro_2022_mar_2026,MASTERFILE COA PL,458,"[""746001"", ""BIAYA AMORTISASI SEWA KENDARAAN DIREKSI"", ""Biaya Sewa Kendaraan"", ""-505,791,663 "", ""-543,279,999.85 "", ""-419,782,039.55 "", "" -   "", "" -   "", "" -   "", "" -   "", "" -   "", "" -   "", "" -   "", "" -   "", "" -   "", "" - "", "" - "", "" - "", "" -   "", "" -   "", "" -   "", "" -   "", null, null, null, null, null, null, null, null, null, "" -   "", null]"
wr_masterfile_coa_pl_459,snapshot_istantoro_2022_mar_2026,MASTERFILE COA PL,459,"[""747000"", ""BIAYA SEWA KANTOR"", ""Biaya Sewa Kantor"", ""-1,449,629,214 "", ""-1,700,127,830.23 "", ""-2,974,354,867.03 "", ""-81,588,829 "", ""-75,428,829 "", ""-75,428,829 "", ""-223,392,811 "", ""-75,428,829 "", ""-232,109,479 "", ""-145,377,329 "", ""-172,470,744 "", ""-172,470,744 "", "" (377,003,277)"", "" (223,122,627)"", "" (272,542,086)"", ""-2,126,364,411.29 "", ""-191,917,336 "", ""-199,084,002 "", ""-165,753,948 "", null, null, null, null, null, null, null, null, null, ""-556,755,286 "", null]"
wr_masterfile_coa_pl_460,snapshot_istantoro_2022_mar_2026,MASTERFILE COA PL,460,"[""748000"", ""BIAYA PENDIDIKAN"", ""Biaya Pendidikan"", ""-2,050,000,000 "", ""-1,669,120,000.00 "", ""-5,929,065,869.79 "", ""-310,459,815 "", ""-268,659,938 "", ""-109,299,581 "", ""-68,265,000 "", ""-347,649,901 "", ""-59,999,232 "", ""-166,256,933 "", ""-136,350,901 "", ""-17,143,593 "", "" (1,270,335,729)"", "" (1,156,040,920)"", "" (118,073,798)"", ""-4,028,535,340.90 "", ""-2,844,064 "", ""-1,052,037,603 "", ""-527,440,833 "", null, null, null, null, null, null, null, null, null, ""-1,582,322,500 "", null]"
wr_masterfile_coa_pl_461,snapshot_istantoro_2022_mar_2026,MASTERFILE COA PL,461,"[""748001"", ""BIAYA REKRUTMEN PEG ORGANIK"", ""Biaya Rekrutmen Peg Organik"", ""-38,579,500 "", ""-35,862,450.00 "", ""-84,544,760.00 "", ""-3,900,000 "", ""-1,243,000 "", ""-8,522,500 "", ""-4,586,900 "", ""-6,269,400 "", ""-8,825,000 "", ""-13,410,000 "", ""-13,091,800 "", ""-10,356,250 "", "" (12,892,000)"", "" (7,841,250)"", "" (19,548,950)"", ""-110,487,050.00 "", ""-5,622,000 "", ""-7,670,000 "", ""-1,425,000 "", null, null, null, null, null, null, null, null, null, ""-14,717,000 "", null]"
wr_masterfile_coa_pl_462,snapshot_istantoro_2022_mar_2026,MASTERFILE COA PL,462,"[""749000"", ""BIAYA RAPAT"", ""Biaya Rapat"", ""-312,459,280 "", ""-290,413,973.00 "", ""-401,033,433.00 "", ""-37,293,562 "", ""-46,301,143 "", ""-21,841,430 "", ""-19,206,604 "", ""-21,713,980 "", ""-19,497,605 "", ""-65,560,245 "", ""-30,653,694 "", ""-39,144,195 "", "" (26,707,214)"", "" (29,425,146)"", "" (37,768,408)"", ""-395,113,226.00 "", ""-19,471,290 "", ""-20,488,744 "", ""-11,161,787 "", null, null, null, null, null, null, null, null, null, ""-51,121,821 "", null]"
wr_masterfile_coa_pl_463,snapshot_istantoro_2022_mar_2026,MASTERFILE COA PL,463,"[""734000"", ""BIAYA PEMELIHARAAN BARANG/BANGUNAN DAN PERALATAN"", ""Biaya Pemeliharaan Barang/Bangunan dan Peralatan"", ""-905,853,498 "", ""-537,955,971.00 "", ""-1,629,273,732.00 "", ""-56,573,691 "", ""-206,822,898 "", ""-76,036,447 "", ""-26,742,390 "", ""-89,860,285 "", ""-283,566,717 "", ""-90,141,735 "", ""-39,883,619 "", ""-58,426,447 "", "" (64,479,121)"", "" (51,412,550)"", "" (183,858,775)"", ""-1,227,804,675.00 "", ""-20,787,093 "", ""-37,251,499 "", ""-46,255,613 "", null, null, null, null, null, null, null, null, null, ""-104,294,205 "", null]"
wr_masterfile_coa_pl_464,snapshot_istantoro_2022_mar_2026,MASTERFILE COA PL,464,"[""734002"", ""BIAYA PEMBELIAN PERALATAN BISNIS"", ""Biaya Perlengkapan Kantor"", "" -   "", ""-124,200.00 "", "" -   "", "" -   "", "" -   "", "" -   "", "" -   "", "" -   "", "" -   "", "" -   "", "" -   "", "" -   "", "" - "", "" - "", "" - "", "" -   "", "" -   "", "" -   "", "" -   "", null, null, null, null, null, null, null, null, null, "" -   "", null]"
wr_masterfile_coa_pl_465,snapshot_istantoro_2022_mar_2026,MASTERFILE COA PL,465,"[""735000"", ""BIAYA PERAWATAN HARDWARE & SOFTWARE"", ""Biaya Perawatan Hardware & Software"", ""-1,234,494,887 "", ""-139,773,163.00 "", ""-228,803,008.48 "", ""-8,606,447 "", ""-30,534,196 "", ""-5,225,395 "", ""-9,212,180 "", ""-333,709,120 "", "" 332,651,780 "", ""-7,002,722 "", ""-12,276,379 "", ""-7,743,302 "", "" (26,664,382)"", "" (9,457,350)"", "" (144,588,828)"", ""-262,368,521.00 "", ""-14,185,591 "", ""-30,256,151 "", ""-56,401,650 "", null, null, null, null, null, null, null, null, null, ""-100,843,392 "", null]"
wr_masterfile_coa_pl_466,snapshot_istantoro_2022_mar_2026,MASTERFILE COA PL,466,"[""758000"", ""BIAYA PEMELIHARAAN MOBIL DINAS"", ""Biaya Pemeliharaan Mobil Dinas"", ""-774,668,850 "", ""-1,014,637,589.00 "", ""-827,507,123.00 "", ""-56,891,828 "", ""-54,907,074 "", ""-64,935,781 "", ""-53,992,742 "", ""-73,983,935 "", ""-61,634,276 "", ""-54,380,217 "", ""-36,063,060 "", ""-68,915,653 "", "" (41,970,814)"", "" (47,651,151)"", "" (51,455,072)"", ""-666,781,603.00 "", ""-40,764,229 "", ""-70,286,116 "", ""-51,002,118 "", null, null, null, null, null, null, null, null, null, ""-162,052,463 "", null]"
wr_masterfile_coa_pl_467,snapshot_istantoro_2022_mar_2026,MASTERFILE COA PL,467,"[""758001"", ""BIAYA TRANSPORTASI OPERASIONAL"", ""Biaya Transportasi Operasional"", ""-1,229,586,944 "", ""-1,566,861,684.00 "", ""-1,749,232,886.00 "", ""-147,708,365 "", ""-164,885,223 "", ""-148,512,011 "", ""-143,492,253 "", ""-151,353,759 "", ""-142,627,910 "", ""-180,065,150 "", ""-168,255,865 "", ""-242,799,741 "", "" (190,125,620)"", "" (163,314,223)"", "" (174,473,134)"", ""-2,017,613,254.00 "", ""-164,407,586 "", ""-151,231,157 "", ""-126,741,839 "", null, null, null, null, null, null, null, null, null, ""-442,380,582 "", null]"
wr_masterfile_coa_pl_468,snapshot_istantoro_2022_mar_2026,MASTERFILE COA PL,468,"[""759000"", ""BIAYA PEMELIHARAAN SPD MOTOR DINAS"", ""Biaya Pemeliharaan SPD Motor Dinas"", ""-24,145,200 "", ""-36,224,456.00 "", ""-25,188,456.00 "", ""-4,877,791 "", ""-2,835,200 "", ""-2,473,800 "", ""-2,120,200 "", ""-1,684,575 "", ""-3,292,937 "", ""-1,216,000 "", ""-740,700 "", ""-2,794,552 "", "" (1,698,568)"", "" (1,330,340)"", "" (2,929,076)"", ""-27,993,739.00 "", ""-2,107,000 "", ""-2,772,492 "", ""-1,539,790 "", null, null, null, null, null, null, null, null, null, ""-6,419,282 "", null]"
wr_masterfile_coa_pl_469,snapshot_istantoro_2022_mar_2026,MASTERFILE COA PL,469,"[""753000"", ""BIAYA HONORARIUM KONSULTAN"", ""Biaya Honorarium Konsultan"", ""-1,597,359,384 "", ""-763,158,163.00 "", ""-3,085,270,519.00 "", ""-91,116,326 "", ""-50,000,000 "", ""-152,648,326 "", ""-60,816,327 "", ""-60,408,163 "", ""-511,517,694 "", ""-142,900,000 "", ""-1,355,041,126 "", ""-138,000,000 "", "" (298,959,540)"", "" (238,000,000)"", "" (28,000,000)"", ""-3,127,407,502.00 "", ""-213,665,288 "", ""-10,000,000 "", ""-118,460,000 "", null, null, null, null, null, null, null, null, null, ""-342,125,288 "", null]"
wr_masterfile_coa_pl_470,snapshot_istantoro_2022_mar_2026,MASTERFILE COA PL,470,"[""736000"", ""BIAYA KEAMANAN"", ""Biaya Keamanan"", ""-43,050,000 "", ""-33,300,000.00 "", ""-38,063,000.00 "", ""-3,075,000 "", ""-3,285,000 "", ""-11,935,000 "", ""-3,985,000 "", ""-9,285,000 "", "" 12,015,000 "", ""-3,585,000 "", ""-3,410,000 "", ""-3,685,000 "", "" (3,185,000)"", "" (3,085,000)"", "" (3,185,000)"", ""-39,685,000.00 "", ""-3,625,000 "", ""-3,335,000 "", ""-3,835,000 "", null, null, null, null, null, null, null, null, null, ""-10,795,000 "", null]"
wr_masterfile_coa_pl_471,snapshot_istantoro_2022_mar_2026,MASTERFILE COA PL,471,"[""737000"", ""BIAYA KEBERSIHAN"", ""Biaya Kebersihan"", ""-57,870,600 "", ""-58,219,980.00 "", ""-59,477,678.00 "", ""-5,530,600 "", ""-7,539,115 "", ""-7,216,201 "", ""-6,389,370 "", ""-6,879,314 "", ""-6,948,913 "", ""-8,343,700 "", ""-8,613,195 "", ""-6,495,140 "", "" (8,946,060)"", "" (7,403,040)"", "" (7,419,860)"", ""-87,724,508.00 "", ""-6,669,420 "", ""-7,970,100 "", ""-10,405,320 "", null, null, null, null, null, null, null, null, null, ""-25,044,840 "", null]"
wr_masterfile_coa_pl_472,snapshot_istantoro_2022_mar_2026,MASTERFILE COA PL,472,"[""723000"", ""BIAYA PENDIRIAN"", ""Biaya Pendirian"", "" -   "", "" -   "", "" -   "", "" -   "", "" -   "", "" -   "", "" -   "", "" -   "", "" -   "", "" -   "", "" -   "", "" -   "", "" - "", "" - "", "" - "", "" -   "", "" -   "", "" -   "", "" -   "", null, null, null, null, null, null, null, null, null, "" -   "", null]"
wr_masterfile_coa_pl_473,snapshot_istantoro_2022_mar_2026,MASTERFILE COA PL,473,"[""741000"", ""BIAYA SERAGAM DINAS"", ""Biaya Pendirian"", ""-435,767,500 "", ""-229,273,000.00 "", ""-9,981,120.00 "", "" -   "", "" -   "", "" -   "", "" -   "", "" -   "", "" -   "", "" -   "", "" -   "", "" -   "", "" - "", "" (500,000,000)"", "" - "", ""-500,000,000.00 "", "" -   "", "" -   "", "" -   "", null, null, null, null, null, null, null, null, null, "" -   "", null]"
wr_masterfile_coa_pl_474,snapshot_istantoro_2022_mar_2026,MASTERFILE COA PL,474,"[""742000"", ""BIAYA PREMI ASURANSI BARANG"", ""Biaya Premi Asuransi Barang"", ""-93,367,857 "", ""-302,496,778.00 "", ""-1,937,117,021.29 "", ""-33,595,744 "", ""-33,595,744 "", ""-35,327,780 "", ""-34,395,748 "", ""-39,615,054 "", ""-29,412,384 "", ""-37,886,382 "", ""-32,156,413 "", ""-31,556,413 "", "" (52,314,258)"", "" (37,725,061)"", "" (33,984,852)"", ""-431,565,831.74 "", ""-35,407,507 "", ""-38,213,011 "", ""-38,100,184 "", null, null, null, null, null, null, null, null, null, ""-111,720,701 "", null]"
wr_masterfile_coa_pl_475,snapshot_istantoro_2022_mar_2026,MASTERFILE COA PL,475,"[""743000"", ""BIAYA PERIJINAN"", ""Biaya Perijinan"", ""-474,394,500 "", ""-286,137,823.97 "", ""-552,001,775.00 "", ""-31,002,775 "", ""-90,040,000 "", ""-7,200,000 "", ""-23,700,000 "", ""-21,000,000 "", ""-47,766,500 "", ""-41,250,000 "", ""-43,796,500 "", ""-44,770,000 "", "" (36,930,000)"", "" (11,674,098)"", "" (58,184,514)"", ""-457,314,387.00 "", ""-27,782,413 "", ""-18,042,045 "", ""-11,720,873 "", null, null, null, null, null, null, null, null, null, ""-57,545,331 "", null]"
wr_masterfile_coa_pl_476,snapshot_istantoro_2022_mar_2026,MASTERFILE COA PL,476,"[""745000"", ""BIAYA JASMANI DAN ROHANI"", ""Biaya Jasmani dan Rohani"", ""-157,663,188 "", ""-219,685,203.00 "", ""-440,983,478.00 "", ""-30,956,500 "", ""-29,457,001 "", ""-173,288,008 "", ""-31,916,380 "", ""-29,523,500 "", "" 89,935,922 "", ""-31,439,950 "", ""-31,633,557 "", ""-23,817,779 "", "" (29,649,000)"", "" (16,229,700)"", "" (64,464,576)"", ""-402,440,029.00 "", ""-28,202,750 "", ""-9,896,320 "", ""-119,921,260 "", null, null, null, null, null, null, null, null, null, ""-158,020,330 "", null]"
wr_masterfile_coa_pl_477,snapshot_istantoro_2022_mar_2026,MASTERFILE COA PL,477,"[""760000"", ""BIAYA PAJAK"", ""Biaya Pajak"", ""-9,550,696,697 "", ""-9,185,964,027.68 "", ""-17,442,824,264.00 "", ""-962,539 "", ""-1,660,073 "", ""-115,179,137 "", ""-53,188,801 "", ""-127,554,044 "", ""-607,422,650 "", ""-1,069,695,041 "", ""-715,994,795 "", ""-5,542,813,140 "", "" (4,727,936,003)"", "" (12,209,969,573)"", "" (2,799,781,709)"", ""-27,972,157,504.71 "", ""-859,685,834 "", ""-1,174,368,196 "", ""-828,732,755 "", null, null, null, null, null, null, null, null, null, ""-2,862,786,785 "", null]"
wr_masterfile_coa_pl_478,snapshot_istantoro_2022_mar_2026,MASTERFILE COA PL,478,"[""513410"", ""BEBAN KEGIATAN SOSIAL"", ""Beban Kegiatan Sosial"", ""-47,321,000 "", ""-537,755,000.00 "", ""-23,000,000.00 "", "" -   "", ""-4,000,000 "", ""-10,039,999 "", "" -   "", ""-4,000,000 "", ""-4,000,000 "", "" -   "", "" -   "", ""-7,000,000 "", "" - "", "" - "", "" - "", ""-29,039,999.00 "", "" -   "", "" -   "", "" -   "", null, null, null, null, null, null, null, null, null, "" -   "", null]"
wr_masterfile_coa_pl_479,snapshot_istantoro_2022_mar_2026,MASTERFILE COA PL,479,"[""762000"", ""BIAYA PENGHAPUSAN PIUTANG"", ""Biaya Penghapusan Piutang"", ""-6,644,871,875 "", ""-11,262,055,290.00 "", ""-20,686,949,258.00 "", "" -   "", "" -   "", "" -   "", "" -   "", "" -   "", "" -   "", ""-533,052,320 "", ""-6,249,447,570 "", ""-440,000,000 "", "" (300,000,000)"", "" (2,000,000,000)"", "" - "", ""-9,522,499,890.33 "", "" -   "", "" -   "", "" -   "", null, null, null, null, null, null, null, null, null, "" -   "", null]"
wr_masterfile_coa_pl_480,snapshot_istantoro_2022_mar_2026,MASTERFILE COA PL,480,"[""760090"", ""BIAYA OS KANTOR"", ""Biaya OS Kantor"", "" -   "", ""-4,602,119,717.00 "", ""-15,344,406,237.03 "", ""-1,178,155,858 "", ""-1,236,585,072 "", ""-1,473,098,825 "", ""-1,234,466,254 "", ""-1,252,806,276 "", ""-1,276,595,810 "", ""-1,254,266,020 "", ""-1,222,013,973 "", ""-1,361,228,093 "", "" (1,315,078,434)"", "" (1,489,237,492)"", "" (1,694,187,582)"", ""-15,987,719,689.00 "", ""-1,291,626,647 "", ""-430,281,131 "", ""-3,812,598,643 "", null, null, null, null, null, null, null, null, null, ""-5,534,506,421 "", null]"
wr_masterfile_coa_pl_481,snapshot_istantoro_2022_mar_2026,MASTERFILE COA PL,481,"[""761000"", ""BIAYA OPERASIONAL LAINNYA"", ""Biaya Operasional Lainnya"", ""-45,709,100 "", ""-60,762,774.00 "", ""-166,164,992.90 "", ""-133,000 "", ""-1,453,000 "", ""-795,000 "", ""-50,000 "", ""-1,970,000 "", ""-650,000 "", ""-1,177,200 "", ""-7,078,970 "", ""-525,000 "", "" (1,135,000)"", "" (1,236,820)"", "" (65,500,000)"", ""-81,703,990.00 "", ""-371,319 "", ""-780,267 "", ""-44,250 "", null, null, null, null, null, null, null, null, null, ""-1,195,836 "", null]"
wr_masterfile_coa_pl_482,snapshot_istantoro_2022_mar_2026,MASTERFILE COA PL,482,"[""763000"", ""BIAYA KERUGIAN FRAUD"", ""Biaya Penghapusan Piutang"", ""-18,451,375 "", ""-98,185,895.00 "", "" -   "", "" -   "", "" -   "", "" -   "", "" -   "", "" -   "", "" -   "", "" -   "", "" -   "", "" -   "", "" - "", "" - "", "" - "", "" -   "", "" -   "", "" -   "", "" -   "", null, null, null, null, null, null, null, null, null, "" -   "", null]"
wr_masterfile_coa_pl_483,snapshot_istantoro_2022_mar_2026,MASTERFILE COA PL,483,"[""764000"", ""BIAYA KEGIATAN SOSIAL"", ""Beban Kegiatan Sosial"", "" -   "", ""-121,555,000.00 "", ""-650,580,163.00 "", ""-8,701,000 "", ""-9,000,000 "", ""-4,875,000 "", ""-45,605,000 "", ""-77,000,000 "", ""-1,000,000 "", ""-4,700,000 "", ""-5,000,000 "", ""-61,000,000 "", "" (2,500,000)"", "" (7,500,000)"", "" (288,710,000)"", ""-515,591,000.00 "", ""-20,630,000 "", ""-2,000,000 "", ""-14,537,049 "", null, null, null, null, null, null, null, null, null, ""-37,167,049 "", null]"
wr_masterfile_coa_pl_484,snapshot_istantoro_2022_mar_2026,MASTERFILE COA PL,484,"[""765000"", ""BIAYA PULSA"", ""Biaya Pulsa"", "" -   "", ""-572,703,000.00 "", ""-574,828,990.00 "", ""-48,600,300 "", ""-47,696,437 "", ""-49,300,400 "", ""-48,992,300 "", ""-48,791,800 "", ""-48,350,000 "", ""-48,450,400 "", ""-50,370,000 "", ""-50,670,400 "", "" (51,400,000)"", "" (52,600,000)"", "" (52,425,000)"", ""-597,647,037.00 "", ""-52,500,000 "", ""-53,000,000 "", ""-53,100,000 "", null, null, null, null, null, null, null, null, null, ""-158,600,000 "", null]"
wr_masterfile_coa_pl_485,snapshot_istantoro_2022_mar_2026,MASTERFILE COA PL,485,"[null, ""JUMLAH BIAYA OPERASIONAL"", null, ""-35,240,243,920 "", ""-41,674,759,339.47 "", ""-81,883,160,372.10 "", ""-2,667,608,673 "", ""-3,038,171,144 "", ""-3,341,856,365 "", ""-2,568,402,532 "", ""-3,490,918,525 "", ""-3,500,104,895 "", ""-4,450,841,723 "", ""-10,965,953,255 "", ""-9,206,553,430 "", "" (9,711,794,363)"", "" (19,101,994,034)"", "" (7,324,730,193)"", ""-79,368,929,132.94 "", ""-3,832,565,306 "", ""-4,124,050,770 "", ""-6,620,141,276 "", null, null, null, null, null, null, null, null, null, ""-14,576,757,352 "", null]"
wr_masterfile_coa_pl_486,snapshot_istantoro_2022_mar_2026,MASTERFILE COA PL,486,"[null, ""TOTAL BIAYA ADMINISTRASI DAN UMUM"", null, ""-168,292,876,795 "", ""-173,296,276,067.70 "", ""-195,368,454,588.06 "", ""-9,733,085,303 "", ""-11,614,546,149 "", ""-12,462,093,522 "", ""-11,246,022,860 "", ""-14,164,210,552 "", ""-14,583,233,436 "", ""-18,730,213,413 "", ""-21,782,067,171 "", ""-19,133,570,333 "", "" (20,855,318,670)"", "" (30,308,827,135)"", "" (19,693,367,586)"", ""-204,306,556,129.71 "", ""-13,831,265,470 "", ""-15,088,734,574 "", ""-19,167,403,090 "", null, null, null, null, null, null, null, null, null, ""-48,087,403,134 "", null]"
wr_masterfile_coa_pl_487,snapshot_istantoro_2022_mar_2026,MASTERFILE COA PL,487,"[null, null, null, "" -   "", "" -   "", "" -   "", "" -   "", "" -   "", "" -   "", "" -   "", "" -   "", "" -   "", "" -   "", "" -   "", "" -   "", "" - "", "" - "", "" - "", ""-208,928,799,898 "", ""-14,061,832,149 "", ""-15,311,547,979 "", "" -   "", null, null, null, null, null, null, null, null, null, ""-29,373,380,128 "", null]"
wr_masterfile_coa_pl_488,snapshot_istantoro_2022_mar_2026,MASTERFILE COA PL,488,"[null, ""TOTAL LABA OPERASIONAL"", null, "" 168,441,180,981 "", "" 208,063,675,912.35 "", "" 235,463,841,801.84 "", "" 18,056,465,833 "", "" 17,084,529,635 "", "" 17,815,578,360 "", "" 10,943,471,519 "", "" 15,048,787,755 "", "" 14,709,501,874 "", "" 15,263,900,656 "", "" 17,661,680,529 "", "" 19,042,322,295 "", "" 19,619,135,964 "", "" 21,247,171,126 "", "" 30,050,359,658 "", "" 216,542,905,203.97 "", "" 9,543,616,417 "", "" 17,749,464,774 "", "" 19,824,130,279 "", null, null, null, null, null, null, null, null, null, "" 47,117,211,469 "", null]"
wr_masterfile_coa_pl_489,snapshot_istantoro_2022_mar_2026,MASTERFILE COA PL,489,"[null, null, null, "" -   "", "" -   "", "" -   "", "" -   "", "" -   "", "" -   "", "" -   "", "" -   "", "" -   "", "" -   "", "" -   "", "" -   "", "" - "", "" - "", "" - "", "" -   "", "" -   "", "" -   "", "" -   "", null, null, null, null, null, null, null, null, null, "" -   "", null]"
wr_masterfile_coa_pl_490,snapshot_istantoro_2022_mar_2026,MASTERFILE COA PL,490,"[""Cek Sumber COA"", ""PENDAPATAN BUNGA JASA GIRO"", ""Pendapatan Jasa Giro"", "" 9,810,381,972 "", "" 5,241,192,267.50 "", "" 3,760,309,350.21 "", "" 195,973,572 "", "" 228,945,049 "", "" 579,692,325 "", "" 118,048,529 "", "" 59,306,663 "", "" 684,888,949 "", "" 149,713,218 "", "" 429,099,329 "", "" 77,480,142 "", "" 285,243,499 "", "" 82,783,933 "", "" 196,698,766 "", "" 3,087,873,974.22 "", "" 136,251,319 "", "" 48,330,491 "", "" 72,795,977 "", null, null, null, null, null, null, null, null, null, "" 257,377,787 "", null]"
wr_masterfile_coa_pl_491,snapshot_istantoro_2022_mar_2026,MASTERFILE COA PL,491,"[""811100"", ""PENDAPATAN BUNGA DEPOSITO"", ""Pendapatan Bunga Deposito"", "" 3,897,301,011 "", "" 10,785,714,905.29 "", "" 13,442,903,388.95 "", "" 1,590,734,934 "", "" 1,270,610,370 "", "" 1,150,879,535 "", "" 1,134,773,510 "", "" 881,433,758 "", "" 901,589,550 "", "" 1,009,826,959 "", "" 1,111,350,647 "", "" 1,110,160,379 "", "" 1,042,724,545 "", "" 565,904,956 "", "" 600,162,922 "", "" 12,370,152,065.76 "", "" 593,499,768 "", "" 628,374,305 "", "" 542,109,913 "", null, null, null, null, null, null, null, null, null, "" 1,763,983,986 "", null]"
wr_masterfile_coa_pl_492,snapshot_istantoro_2022_mar_2026,MASTERFILE COA PL,492,"[""999999"", ""Temporary Account"", ""Temporary Account"", "" -   "", "" -   "", "" -   "", "" -   "", "" -   "", "" -   "", "" -   "", "" -   "", "" -   "", "" -   "", "" -   "", "" -   "", "" - "", "" - "", "" - "", "" -   "", "" -   "", "" -   "", "" -   "", null, null, null, null, null, null, null, null, null, "" -   "", null]"
wr_masterfile_coa_pl_493,snapshot_istantoro_2022_mar_2026,MASTERFILE COA PL,493,"[null, ""TOTAL PENDAPATAN NON OPERASIONAL"", null, "" 13,707,682,983 "", "" 16,026,907,172.79 "", "" 17,203,212,739.16 "", "" 1,786,708,506 "", "" 1,499,555,419 "", "" 1,730,571,860 "", "" 1,252,822,038 "", "" 940,740,422 "", "" 1,586,478,499 "", "" 1,159,540,177 "", "" 1,540,449,976 "", "" 1,187,640,521 "", "" 1,327,968,044 "", "" 648,688,889 "", "" 796,861,687 "", "" 15,458,026,039.98 "", "" 729,751,088 "", "" 676,704,796 "", "" 614,905,890 "", null, null, null, null, null, null, null, null, null, "" 2,021,361,775 "", null]"
wr_masterfile_coa_pl_494,snapshot_istantoro_2022_mar_2026,MASTERFILE COA PL,494,"[null, null, null, "" -   "", "" -   "", "" -   "", "" -   "", "" -   "", "" -   "", "" -   "", "" -   "", "" -   "", "" -   "", "" -   "", "" -   "", "" - "", "" - "", "" - "", "" -   "", "" -   "", "" -   "", "" -   "", null, null, null, null, null, null, null, null, null, "" -   "", null]"
wr_masterfile_coa_pl_495,snapshot_istantoro_2022_mar_2026,MASTERFILE COA PL,495,"[""851020"", ""BEBAN BUNGA PINJAMAN"", ""Beban Bunga Pinjaman"", ""-844,983,113 "", ""-455,409,831.32 "", ""-260,767,915.88 "", ""-18,076,940 "", "" 299,086 "", ""-12,847,605 "", ""-11,183,638 "", ""-170,498,427 "", ""-356,964,025 "", ""-389,025,903 "", ""-116,924,588 "", ""-96,653,385 "", "" (739)"", "" (156,601,911)"", "" (32,245,830)"", ""-1,360,723,905.90 "", ""-33,889,863 "", ""-53,794,459 "", ""-189,837,326 "", null, null, null, null, null, null, null, null, null, ""-277,521,648 "", null]"
wr_masterfile_coa_pl_496,snapshot_istantoro_2022_mar_2026,MASTERFILE COA PL,496,"[""852000"", ""BIAYA ADM BANK"", ""Biaya Adm Bank"", ""-157,376,074 "", ""-177,560,398.30 "", ""-185,194,847.93 "", ""-11,358,490 "", ""-10,035,773 "", ""-14,277,227 "", ""-28,686,101 "", ""-10,315,933 "", ""-10,923,733 "", ""-10,968,143 "", ""-9,278,108 "", ""-9,923,629 "", "" (83,748,414)"", "" (13,575,179)"", "" (13,210,795)"", ""-226,301,524.82 "", ""-13,603,636 "", ""-11,707,595 "", ""-15,658,272 "", null, null, null, null, null, null, null, null, null, ""-40,969,503 "", null]"
wr_masterfile_coa_pl_497,snapshot_istantoro_2022_mar_2026,MASTERFILE COA PL,497,"[""812000"", ""PAJAK ATAS JASA GIRO"", ""Pajak Atas Jasa Giro"", ""-406,108,625 "", ""-376,824,836.47 "", ""-181,334,770.06 "", ""-12,947,893 "", ""-12,938,327 "", ""-26,099,228 "", ""-11,416,230 "", ""-10,662,476 "", ""-13,012,072 "", ""-10,097,921 "", ""-13,744,906 "", ""-8,372,288 "", "" (24,901,013)"", "" (15,745,883)"", "" (16,170,109)"", ""-176,108,347.03 "", ""-23,521,382 "", ""-8,626,170 "", ""-10,779,652 "", null, null, null, null, null, null, null, null, null, ""-42,927,204 "", null]"
wr_masterfile_coa_pl_498,snapshot_istantoro_2022_mar_2026,MASTERFILE COA PL,498,"[""812100"", ""PAJAK ATAS BUNGA DEPOSITO"", ""Pajak Atas Jasa Giro"", "" -   "", ""-70,718,873.78 "", "" -   "", "" -   "", ""-35,000 "", "" -   "", "" -   "", "" -   "", "" -   "", "" -   "", "" -   "", "" -   "", "" - "", "" - "", "" (662,500)"", ""-697,500.00 "", "" 35,000 "", "" -   "", "" -   "", null, null, null, null, null, null, null, null, null, "" 35,000 "", null]"
wr_masterfile_coa_pl_499,snapshot_istantoro_2022_mar_2026,MASTERFILE COA PL,499,"[null, ""PENDAPATAN/KERUGIAN PENGHAPUSAN ASET"", ""Pendapatan/Kerugian Penghapusan Aset"", ""-16,268,821 "", ""-161,896,001 "", "" -   "", "" -   "", "" -   "", "" -   "", "" -   "", "" -   "", "" -   "", "" -   "", "" -   "", "" -   "", "" - "", "" - "", "" - "", "" -   "", "" -   "", "" -   "", "" -   "", null, null, null, null, null, null, null, null, null, "" -   "", null]"
wr_masterfile_coa_pl_500,snapshot_istantoro_2022_mar_2026,MASTERFILE COA PL,500,"[null, ""TOTAL BIAYA NON OPERASIONAL"", null, ""-1,424,736,634 "", ""-1,242,409,940.62 "", ""-627,297,533.87 "", ""-42,383,323 "", ""-22,710,014 "", ""-53,224,060 "", ""-51,285,969 "", ""-191,476,837 "", ""-380,899,830 "", ""-410,091,967 "", ""-139,947,602 "", ""-114,949,302 "", "" (108,650,166)"", "" (185,922,973)"", "" (62,289,234)"", ""-1,763,831,277.75 "", ""-70,979,881 "", ""-74,128,224 "", ""-216,275,250 "", null, null, null, null, null, null, null, null, null, ""-361,383,355 "", null]"
wr_masterfile_coa_pl_501,snapshot_istantoro_2022_mar_2026,MASTERFILE COA PL,501,"[null, null, null, "" -   "", "" -   "", "" -   "", "" -   "", "" -   "", "" -   "", "" -   "", "" -   "", "" -   "", "" -   "", "" -   "", "" -   "", "" - "", "" - "", "" - "", "" -   "", "" -   "", "" -   "", "" -   "", null, null, null, null, null, null, null, null, null, "" -   "", null]"
wr_masterfile_coa_pl_502,snapshot_istantoro_2022_mar_2026,MASTERFILE COA PL,502,"[null, ""LABA SEBELUM PAJAK"", null, "" 180,724,127,330 "", "" 222,848,173,144.52 "", "" 252,039,757,007.13 "", "" 19,800,791,016 "", "" 18,561,375,040 "", "" 19,492,926,159 "", "" 12,145,007,588 "", "" 15,798,051,340 "", "" 15,915,080,543 "", "" 16,013,348,866 "", "" 19,062,182,903 "", "" 20,115,013,513 "", "" 20,838,453,843 "", "" 21,709,937,043 "", "" 30,784,932,111 "", "" 230,237,099,966.20 "", "" 10,202,387,622 "", "" 18,352,041,346 "", "" 20,222,760,919 "", null, null, null, null, null, null, null, null, null, "" 48,777,189,887 "", null]"
wr_masterfile_coa_pl_503,snapshot_istantoro_2022_mar_2026,MASTERFILE COA PL,503,"[null, null, null, "" -   "", "" -   "", "" -   "", "" -   "", "" -   "", "" -   "", "" -   "", "" -   "", "" -   "", "" -   "", "" -   "", "" -   "", "" - "", "" - "", "" - "", "" -   "", "" -   "", "" -   "", null, null, null, null, null, null, null, null, null, null, "" -   "", null]"
wr_masterfile_coa_pl_504,snapshot_istantoro_2022_mar_2026,MASTERFILE COA PL,504,"[null, ""PAJAK PENGHASILAN"", null, "" -   "", "" -   "", "" -   "", "" -   "", "" -   "", "" -   "", "" -   "", "" -   "", "" -   "", "" -   "", "" -   "", "" -   "", "" - "", "" - "", "" - "", "" -   "", "" -   "", "" -   "", null, null, null, null, null, null, null, null, null, null, "" -   "", null]"
wr_masterfile_coa_pl_505,snapshot_istantoro_2022_mar_2026,MASTERFILE COA PL,505,"[""900001"", ""BEBAN PAJAK KINI"", null, ""-45,283,190,000 "", ""-55,618,315,500.00 "", ""-63,512,459,639.00 "", "" -   "", "" -   "", "" -   "", "" -   "", "" -   "", "" -   "", "" -   "", "" -   "", "" -   "", "" - "", "" - "", "" - "", "" -   "", "" -   "", "" -   "", "" -   "", null, null, null, null, null, null, null, null, null, "" -   "", null]"
wr_masterfile_coa_pl_506,snapshot_istantoro_2022_mar_2026,MASTERFILE COA PL,506,"[""900002"", ""BEBAN(PENDAPATAN) PAJAK TANGGUHAN"", null, "" -   "", "" 17,530,565,050.00 "", "" 19,421,929,524.00 "", "" -   "", "" -   "", "" -   "", "" -   "", "" -   "", "" -   "", "" -   "", "" -   "", "" -   "", "" - "", "" - "", "" - "", "" -   "", "" -   "", "" -   "", "" -   "", null, null, null, null, null, null, null, null, null, "" -   "", null]"
wr_masterfile_coa_pl_507,snapshot_istantoro_2022_mar_2026,MASTERFILE COA PL,507,"[null, null, null, "" -   "", "" -   "", "" -   "", "" -   "", "" -   "", "" -   "", "" -   "", "" -   "", "" -   "", "" -   "", "" -   "", "" -   "", "" - "", "" - "", "" - "", "" -   "", "" -   "", "" -   "", null, null, null, null, null, null, null, null, null, null, "" -   "", null]"
wr_masterfile_coa_pl_508,snapshot_istantoro_2022_mar_2026,MASTERFILE COA PL,508,"[null, null, null, "" -   "", "" -   "", "" -   "", "" -   "", "" -   "", "" -   "", "" -   "", "" -   "", "" -   "", "" -   "", "" -   "", "" -   "", "" - "", "" - "", "" - "", "" -   "", "" -   "", "" -   "", null, null, null, null, null, null, null, null, null, null, "" -   "", null]"
wr_masterfile_coa_pl_509,snapshot_istantoro_2022_mar_2026,MASTERFILE COA PL,509,"[null, ""LABA SETELAH PAJAK"", null, "" 135,440,937,330.45 "", "" 184,760,422,694.52 "", "" 207,949,226,892.13 "", "" 19,800,791,016 "", "" 18,561,375,040 "", "" 19,492,926,159 "", "" 12,145,007,588 "", "" 15,798,051,340 "", "" 15,915,080,543 "", "" 16,013,348,866 "", "" 19,062,182,903 "", "" 20,115,013,513 "", "" 20,838,453,843 "", "" 21,709,937,043 "", "" 30,784,932,111 "", "" 230,237,099,966.20 "", "" 10,202,387,622 "", "" 18,352,041,346 "", "" 20,222,760,919 "", null, null, null, null, null, null, null, null, null, "" 48,777,189,887 "", null]"
wr_masterfile_coa_pl_512,snapshot_istantoro_2022_mar_2026,MASTERFILE COA PL,512,"[null, null, null, "" 263,943,863,206 "", "" 285,393,940,615 "", "" 349,901,600,002 "", null, null, null, null, null, null, null, null, null, null, null, null, "" 380,793,380,960 "", "" 22,262,095,703 "", "" 30,184,441,145 "", null, null, null, null, null, null, null, null, null, null, null, null]"
wr_rka_neraca_1,snapshot_istantoro_2022_mar_2026,RKA NERACA,1,"[""ISTANTORO HUMAN SOLUTIONS"", null, null, null, null, null]"
wr_rka_neraca_2,snapshot_istantoro_2022_mar_2026,RKA NERACA,2,"[""LAPORAN POSISI KEUANGAN"", null, null, null, null, null]"
wr_rka_neraca_3,snapshot_istantoro_2022_mar_2026,RKA NERACA,3,"[""28 FEBRUARI 2026"", null, null, null, null, null]"
wr_rka_neraca_4,snapshot_istantoro_2022_mar_2026,RKA NERACA,4,"[""KETERANGAN"", ""RKA 2022"", ""RKA 2023"", ""RKA 2024"", ""RKA 2025"", ""RKAP 2026""]"
wr_rka_neraca_5,snapshot_istantoro_2022_mar_2026,RKA NERACA,5,"[""TOTAL ASET"", null, null, null, null, null]"
wr_rka_neraca_6,snapshot_istantoro_2022_mar_2026,RKA NERACA,6,"[""ASET LANCAR"", null, null, null, null, null]"
wr_rka_neraca_7,snapshot_istantoro_2022_mar_2026,RKA NERACA,7,"[""KAS"", null, null, "" 555,000 "", "" 1,371,487 "", "" 1,371,487 ""]"
wr_rka_neraca_8,snapshot_istantoro_2022_mar_2026,RKA NERACA,8,"[""BANK"", null, null, "" 123,199,430 "", "" 84,444,586 "", "" 23,039,456 ""]"
wr_rka_neraca_9,snapshot_istantoro_2022_mar_2026,RKA NERACA,9,"[""DEPOSITO"", null, null, "" 142,500,000 "", "" 225,000,000 "", "" 54,500,000 ""]"
wr_rka_neraca_10,snapshot_istantoro_2022_mar_2026,RKA NERACA,10,"[""DEPOSITO YANG DI JAMINKAN"", null, null, "" 203,600,000 "", "" 203,600,000 "", "" 252,800,000 ""]"
wr_rka_neraca_11,snapshot_istantoro_2022_mar_2026,RKA NERACA,11,"[""PERSEDIAAN METERAI"", null, null, "" 75,000 "", "" 3,000 "", "" 3,000 ""]"
wr_rka_neraca_12,snapshot_istantoro_2022_mar_2026,RKA NERACA,12,"[""SURAT SURAT BERHARGA"", null, null, "" -   "", "" -   "", "" -   ""]"
wr_rka_neraca_13,snapshot_istantoro_2022_mar_2026,RKA NERACA,13,"[""PIUTANG CAPTIVE"", null, null, "" 149,251,163 "", "" 23,324,763 "", "" 14,486,739 ""]"
wr_rka_neraca_14,snapshot_istantoro_2022_mar_2026,RKA NERACA,14,"[""PIUTANG NON CAPTIVE"", null, null, "" 233,859,342 "", "" 375,833,273 "", "" 251,400,657 ""]"
wr_rka_neraca_15,snapshot_istantoro_2022_mar_2026,RKA NERACA,15,"[""PIUTANG JASA PENDIDIKAN"", null, null, "" 8,206,000 "", "" 3,068,068 "", "" 1,472,953 ""]"
wr_rka_neraca_16,snapshot_istantoro_2022_mar_2026,RKA NERACA,16,"[""JUMLAH PIUTANG"", null, null, "" 391,316,505 "", "" 402,226,104 "", "" 267,360,349 ""]"
wr_rka_neraca_17,snapshot_istantoro_2022_mar_2026,RKA NERACA,17,"[""PENYISIHAN PENGHAPUSAN PIUTANG"", null, null, "" (30,189,678)"", "" (15,335,468)"", "" (20,052,026)""]"
wr_rka_neraca_18,snapshot_istantoro_2022_mar_2026,RKA NERACA,18,"[""PIUTANG BERSIH"", null, null, "" 361,126,827 "", "" 386,890,636 "", "" 247,308,323 ""]"
wr_rka_neraca_19,snapshot_istantoro_2022_mar_2026,RKA NERACA,19,"[""PIUTANG LAINNYA"", null, null, "" 44,620,000 "", "" 28,520,620 "", "" 15,730,701 ""]"
wr_rka_neraca_20,snapshot_istantoro_2022_mar_2026,RKA NERACA,20,"[""PIUTANG INTER COMPANY"", null, null, "" -   "", "" -   "", "" -   ""]"
wr_rka_neraca_21,snapshot_istantoro_2022_mar_2026,RKA NERACA,21,"[""UANG MUKA"", null, null, "" 2,459,000 "", "" 2,663,497 "", "" 1,297,952 ""]"
wr_rka_neraca_22,snapshot_istantoro_2022_mar_2026,RKA NERACA,22,"[""PAJAK DIBAYAR DIMUKA"", null, null, "" 59,145,000 "", "" 75,850,031 "", "" 21,543,504 ""]"
wr_rka_neraca_23,snapshot_istantoro_2022_mar_2026,RKA NERACA,23,"[""BIAYA DIBAYAR DIMUKA"", null, null, "" 2,780,451 "", "" 5,184,506 "", "" 3,260,780 ""]"
wr_rka_neraca_24,snapshot_istantoro_2022_mar_2026,RKA NERACA,24,"[""TOTAL AKTIVA LANCAR"", null, null, "" 940,060,708 "", "" 1,013,528,363 "", "" 620,855,202 ""]"
wr_rka_neraca_25,snapshot_istantoro_2022_mar_2026,RKA NERACA,25,"[""AKTIVA TIDAK LANCAR"", null, null, null, null, null]"
wr_rka_neraca_26,snapshot_istantoro_2022_mar_2026,RKA NERACA,26,"[""ASET LAIN-LAIN "", null, null, "" 15,650,000 "", "" 28,000,000 "", "" 28,000,000 ""]"
wr_rka_neraca_27,snapshot_istantoro_2022_mar_2026,RKA NERACA,27,"[""INVESTASI DALAM ENTITAS ASOSIASI"", null, null, "" 21,631,244 "", "" 32,559,730 "", "" 26,694,336 ""]"
wr_rka_neraca_28,snapshot_istantoro_2022_mar_2026,RKA NERACA,28,"[""KENDARAAN UNTUK DISEWAKAN"", null, null, "" 8,541,000 "", "" 8,541,160 "", "" 7,661,510 ""]"
wr_rka_neraca_29,snapshot_istantoro_2022_mar_2026,RKA NERACA,29,"[""AKUMULASI PENYUSUTAN"", null, null, "" (7,590,687)"", "" (7,149,551)"", "" (7,661,510)""]"
wr_rka_neraca_30,snapshot_istantoro_2022_mar_2026,RKA NERACA,30,"[""NILAI BUKU"", null, null, "" 950,313 "", "" 1,391,609 "", "" -   ""]"
wr_rka_neraca_31,snapshot_istantoro_2022_mar_2026,RKA NERACA,31,"[""ASET TETAP"", null, null, null, null, null]"
wr_rka_neraca_32,snapshot_istantoro_2022_mar_2026,RKA NERACA,32,"[""HARGA PEROLEHAN AKTIVA TETAP"", null, null, "" 299,009,782 "", "" 324,084,700 "", "" 306,126,748 ""]"
wr_rka_neraca_33,snapshot_istantoro_2022_mar_2026,RKA NERACA,33,"[""AKUMULASI PENYUSUTAN"", null, null, "" (71,138,383)"", "" (79,561,394)"", "" (89,662,126)""]"
wr_rka_neraca_34,snapshot_istantoro_2022_mar_2026,RKA NERACA,34,"[""NILAI BUKU"", null, null, "" 227,871,399 "", "" 244,523,306 "", "" 216,464,622 ""]"
wr_rka_neraca_35,snapshot_istantoro_2022_mar_2026,RKA NERACA,35,"[""AKTIVA LAIN-LAIN"", null, null, null, null, null]"
wr_rka_neraca_36,snapshot_istantoro_2022_mar_2026,RKA NERACA,36,"[""ASET PIUTANG LAIN"", null, null, null, "" -   "", "" 167,556,600 ""]"
wr_rka_neraca_37,snapshot_istantoro_2022_mar_2026,RKA NERACA,37,"[""ASET DALAM PENYELESAIAN"", null, null, "" -   "", "" 8,240,658 "", "" 3,000,000 ""]"
wr_rka_neraca_38,snapshot_istantoro_2022_mar_2026,RKA NERACA,38,"[""RENOVASI BANGUNAN YANG DISEWA"", null, null, "" - "", "" - "", "" - ""]"
wr_rka_neraca_39,snapshot_istantoro_2022_mar_2026,RKA NERACA,39,"[""UANG JAMINAN PROYEK"", null, null, "" 120,000 "", "" 120,000 "", "" 120,000 ""]"
wr_rka_neraca_40,snapshot_istantoro_2022_mar_2026,RKA NERACA,40,"[""JAMINAN BANK GARANSI"", null, null, "" 24,000 "", "" 23,594 "", "" 23,594 ""]"
wr_rka_neraca_41,snapshot_istantoro_2022_mar_2026,RKA NERACA,41,"[""TOTAL AKTIVA"", null, null, "" 1,206,307,664 "", "" 1,328,387,260 "", "" 1,062,714,353 ""]"
wr_rka_neraca_42,snapshot_istantoro_2022_mar_2026,RKA NERACA,42,"[""TOTAL PASIVA"", null, null, null, null, null]"
wr_rka_neraca_43,snapshot_istantoro_2022_mar_2026,RKA NERACA,43,"[""KEWAJIBAN LANCAR"", null, null, null, null, null]"
wr_rka_neraca_44,snapshot_istantoro_2022_mar_2026,RKA NERACA,44,"[""HUTANG PAJAK"", null, null, "" 57,500,000 "", "" 51,134,411 "", "" 9,681,205 ""]"
wr_rka_neraca_45,snapshot_istantoro_2022_mar_2026,RKA NERACA,45,"[""BY YMH DIBAYAR BPJS DAN DPLK"", null, null, "" 17,523,500 "", "" 17,899,675 "", "" 17,541,682 ""]"
wr_rka_neraca_46,snapshot_istantoro_2022_mar_2026,RKA NERACA,46,"[""HUTANG DIVIDEN"", null, null, "" -   "", "" -   "", "" -   ""]"
wr_rka_neraca_47,snapshot_istantoro_2022_mar_2026,RKA NERACA,47,"[""BIAYA YANG MASIH HARUS DIBAYAR"", null, null, "" 89,731,118 "", "" 78,075,540 "", "" 76,514,030 ""]"
wr_rka_neraca_48,snapshot_istantoro_2022_mar_2026,RKA NERACA,48,"[""PINJAMAN MODAL KERJA"", null, null, "" -   "", "" -   "", "" -   ""]"
wr_rka_neraca_49,snapshot_istantoro_2022_mar_2026,RKA NERACA,49,"[""PINJAMAN KE PEMEGANG SAHAM"", null, null, "" -   "", "" -   "", "" -   ""]"
wr_rka_neraca_50,snapshot_istantoro_2022_mar_2026,RKA NERACA,50,"[""KEWAJIBAN LANCAR LAINNYA"", null, null, "" 56,286,500 "", "" 75,969,210 "", "" 74,449,826 ""]"
wr_rka_neraca_51,snapshot_istantoro_2022_mar_2026,RKA NERACA,51,"[""TOTAL KEWAJIBAN LANCAR"", null, null, "" 221,041,118 "", "" 223,078,837 "", "" 178,186,742 ""]"
wr_rka_neraca_52,snapshot_istantoro_2022_mar_2026,RKA NERACA,52,"[""TOTAL KEWAJIBAN TIDAK LANCAR"", null, null, null, null, null]"
wr_rka_neraca_53,snapshot_istantoro_2022_mar_2026,RKA NERACA,53,"[""KEWAJIBAN JANGKA PANJANG"", null, null, null, null, null]"
wr_rka_neraca_54,snapshot_istantoro_2022_mar_2026,RKA NERACA,54,"[""PINJAMAN KI DARI Klien"", null, null, "" -   "", "" -   "", "" -   ""]"
wr_rka_neraca_55,snapshot_istantoro_2022_mar_2026,RKA NERACA,55,"[""KEWAJIBAN IMBALAN PASCA KERJA"", null, null, "" 219,708,000 "", "" 203,690,084 "", "" 128,671,704 ""]"
wr_rka_neraca_56,snapshot_istantoro_2022_mar_2026,RKA NERACA,56,"[""TOTAL KEWAJIBAN JANGKA PANJANG"", null, null, "" 219,708,000 "", "" 203,690,084 "", "" 128,671,704 ""]"
wr_rka_neraca_57,snapshot_istantoro_2022_mar_2026,RKA NERACA,57,"[""EKUITAS"", null, null, null, null, null]"
wr_rka_neraca_58,snapshot_istantoro_2022_mar_2026,RKA NERACA,58,"[""CADANGAN RISIKO UMUM"", null, null, "" 29,133,531 "", "" 33,497,447 "", "" 23,361,084 ""]"
wr_rka_neraca_59,snapshot_istantoro_2022_mar_2026,RKA NERACA,59,"[""MODAL SAHAM"", null, null, "" 10,400,000 "", "" 10,400,000 "", "" 10,400,000 ""]"
wr_rka_neraca_60,snapshot_istantoro_2022_mar_2026,RKA NERACA,60,"[""LABA DITAHAN"", null, null, "" 477,187,345 "", "" 506,280,850 "", "" 561,715,053 ""]"
wr_rka_neraca_61,snapshot_istantoro_2022_mar_2026,RKA NERACA,61,"[""LABA SETELAH PAJAK"", null, null, "" -   "", "" -   "", "" -   ""]"
wr_rka_neraca_62,snapshot_istantoro_2022_mar_2026,RKA NERACA,62,"[""TOTAL EKUITAS SBLM R/L BERJALAN"", null, null, "" 516,720,876 "", "" 550,178,297 "", "" 595,476,137 ""]"
wr_rka_neraca_63,snapshot_istantoro_2022_mar_2026,RKA NERACA,63,"[""RUGI/LABA TAHUN LALU"", null, null, "" - "", "" - "", "" - ""]"
wr_rka_neraca_64,snapshot_istantoro_2022_mar_2026,RKA NERACA,64,"[""BAGIAN LABA PERUSAHAAN ANAK"", null, null, "" 13,403,455 "", "" 51,412,451 "", "" 55,114,426 ""]"
wr_rka_neraca_65,snapshot_istantoro_2022_mar_2026,RKA NERACA,65,"[""RUGI/LABA TAHUN BERJALAN"", null, null, "" 235,434,215 "", "" 300,027,591 "", "" 105,265,344 ""]"
wr_rka_neraca_66,snapshot_istantoro_2022_mar_2026,RKA NERACA,66,"[""TOTAL PASIVA"", null, null, "" 1,206,307,664 "", "" 1,328,387,260 "", "" 1,062,714,353 ""]"
wr_rka_neraca_69,snapshot_istantoro_2022_mar_2026,RKA NERACA,69,"[null, null, null, "" (0)"", "" - "", null]"
wr_rka_pl_1,snapshot_istantoro_2022_mar_2026,RKA PL,1,"[null, ""ISTANTORO HUMAN SOLUTIONS"", null, null, null, null, null, null, null, null, null, null, null, null, null, null, null, null, null, null, null, null, null, null]"
wr_rka_pl_2,snapshot_istantoro_2022_mar_2026,RKA PL,2,"[null, ""LAPORAN LABA RUGI"", null, null, null, null, null, null, null, null, null, null, null, null, null, null, null, null, null, null, null, null, null, null]"
wr_rka_pl_3,snapshot_istantoro_2022_mar_2026,RKA PL,3,"[null, ""FEBRUARI 2026"", null, null, null, null, null, null, null, null, null, null, null, null, null, null, null, null, null, null, null, null, null, null]"
wr_rka_pl_4,snapshot_istantoro_2022_mar_2026,RKA PL,4,"[null, ""KETERANGAN"", ""2022"", ""2023"", ""2024"", ""2025"", ""2026"", null, null, null, null, null, null, null, null, null, null, null, null, null, null, null, null, null]"
wr_rka_pl_5,snapshot_istantoro_2022_mar_2026,RKA PL,5,"[null, null, ""RKA TAHUNAN"", ""RKA TAHUNAN"", ""RKA TAHUNAN"", ""RKA TAHUNAN"", ""RKA TAHUNAN"", null, null, null, null, null, null, null, null, null, null, null, null, null, null, null, null, null]"
wr_rka_pl_6,snapshot_istantoro_2022_mar_2026,RKA PL,6,"[null, ""MAN POWER OUTSOURCING"", null, null, null, null, null, null, null, null, null, null, null, null, null, null, null, null, null, null, null, null, null, null]"
wr_rka_pl_7,snapshot_istantoro_2022_mar_2026,RKA PL,7,"[null, ""PENDAPATAN JASA ALIH DAYA"", "" 3,882,000,000 "", "" 3,775,000,000 "", "" 3,775,000,000 "", "" 4,443,726,053 "", "" 3,536,294,650 "", null, null, null, null, null, null, null, null, null, null, null, null, null, null, null, null, null]"
wr_rka_pl_8,snapshot_istantoro_2022_mar_2026,RKA PL,8,"[null, ""PENDAPATAN JASA RAB"", "" 26,000,000 "", "" 43,886,871 "", "" 43,886,871 "", "" 46,606,763 "", "" 37,704,000 "", null, null, null, null, null, null, null, null, null, null, null, null, null, null, null, null, null]"
wr_rka_pl_9,snapshot_istantoro_2022_mar_2026,RKA PL,9,"[null, ""SUB JUMLAH PENDAPATAN MPO"", "" 3,908,000,000 "", "" 3,818,886,871 "", "" 3,818,886,871 "", "" 4,490,332,817 "", "" 3,573,998,650 "", null, null, null, null, null, null, null, null, null, null, null, null, null, null, null, null, null]"
wr_rka_pl_10,snapshot_istantoro_2022_mar_2026,RKA PL,10,"[null, ""BUSINESS PROCESS OUTSOURCING"", null, null, null, null, null, null, null, null, null, null, null, null, null, null, null, null, null, null, null, null, null, null]"
wr_rka_pl_11,snapshot_istantoro_2022_mar_2026,RKA PL,11,"[null, ""PENDAPATAN JASA BISNIS PROSES OUTSOURCING"", "" 125,797,000 "", "" 211,170,476 "", "" 211,170,476 "", "" 493,518,881 "", "" 308,162,450 "", null, null, null, null, null, null, null, null, null, null, null, null, null, null, null, null, null]"
wr_rka_pl_12,snapshot_istantoro_2022_mar_2026,RKA PL,12,"[null, ""SUB JUMLAH PENDAPATAN BPO"", "" 125,797,000 "", "" 211,170,476 "", "" 211,170,476 "", "" 493,518,881 "", "" 308,162,450 "", null, null, null, null, null, null, null, null, null, null, null, null, null, null, null, null, null]"
wr_rka_pl_13,snapshot_istantoro_2022_mar_2026,RKA PL,13,"[null, ""KNOWLEDGE PROCESS OUTSOURCING"", null, null, null, null, null, null, null, null, null, null, null, null, null, null, null, null, null, null, null, null, null, null]"
wr_rka_pl_14,snapshot_istantoro_2022_mar_2026,RKA PL,14,"[null, ""PENDAPATAN JASA PENDIDIKAN DAN PELATIHAN SATPAM"", "" 11,600,000 "", "" 16,203,770 "", "" 16,203,770 "", "" 24,732,636 "", "" 17,800,000 "", null, null, null, null, null, null, null, null, null, null, null, null, null, null, null, null, null]"
wr_rka_pl_15,snapshot_istantoro_2022_mar_2026,RKA PL,15,"[null, ""PENDAPATAN JASA TRAINING"", "" 1,000,000 "", "" 2,806,579 "", "" 2,806,579 "", "" 11,514,925 "", "" 3,500,000 "", null, null, null, null, null, null, null, null, null, null, null, null, null, null, null, null, null]"
wr_rka_pl_16,snapshot_istantoro_2022_mar_2026,RKA PL,16,"[null, ""SUB JUMLAH PENDAPATAN KPO"", "" 12,600,000 "", "" 19,010,349 "", "" 19,010,349 "", "" 36,247,561 "", "" 21,300,000 "", null, null, null, null, null, null, null, null, null, null, null, null, null, null, null, null, null]"
wr_rka_pl_17,snapshot_istantoro_2022_mar_2026,RKA PL,17,"[null, ""JUMLAH PENDAPATAN"", "" 4,046,397,000 "", "" 4,049,067,696 "", "" 4,049,067,696 "", "" 5,020,099,258 "", "" 3,903,461,100 "", null, null, null, null, null, null, null, null, null, null, null, null, null, null, null, null, null]"
wr_rka_pl_18,snapshot_istantoro_2022_mar_2026,RKA PL,18,"[null, ""BEBAN MAN POWER OUTSOURCING"", null, null, null, null, null, null, null, null, null, null, null, null, null, null, null, null, null, null, null, null, null, null]"
wr_rka_pl_19,snapshot_istantoro_2022_mar_2026,RKA PL,19,"[null, ""BEBAN POKOK JASA ALIH DAYA"", "" 3,616,130,000 "", "" 3,512,754,665 "", "" 3,512,754,665 "", "" 4,064,549,175 "", "" 3,298,302,020 "", null, null, null, null, null, null, null, null, null, null, null, null, null, null, null, null, null]"
wr_rka_pl_20,snapshot_istantoro_2022_mar_2026,RKA PL,20,"[null, ""BEBAN POKOK JASA RAB"", "" 3,900,000 "", "" 8,382,392 "", "" 8,382,392 "", "" 20,071,561 "", "" 13,997,589 "", null, null, null, null, null, null, null, null, null, null, null, null, null, null, null, null, null]"
wr_rka_pl_21,snapshot_istantoro_2022_mar_2026,RKA PL,21,"[null, ""SUB JUMLAH BEBAN MPO"", "" 3,620,030,000 "", "" 3,521,137,057 "", "" 3,521,137,057 "", "" 4,084,620,736 "", "" 3,312,299,609 "", null, null, null, null, null, null, null, null, null, null, null, null, null, null, null, null, null]"
wr_rka_pl_22,snapshot_istantoro_2022_mar_2026,RKA PL,22,"[null, ""BEBAN BUSINESS PROCESS OUTSOURCING"", null, null, null, null, null, null, null, null, null, null, null, null, null, null, null, null, null, null, null, null, null, null]"
wr_rka_pl_23,snapshot_istantoro_2022_mar_2026,RKA PL,23,"[null, ""BEBAN POKOK JASA BISNIS PROSES OUTSOURCING"", "" 93,108,200 "", "" 140,061,878 "", "" 140,061,878 "", "" 403,285,722 "", "" 274,264,581 "", null, null, null, null, null, null, null, null, null, null, null, null, null, null, null, null, null]"
wr_rka_pl_24,snapshot_istantoro_2022_mar_2026,RKA PL,24,"[null, ""SUB JUMLAH BEBAN BPO"", "" 93,108,200 "", "" 140,061,878 "", "" 140,061,878 "", "" 403,285,722 "", "" 274,264,581 "", null, null, null, null, null, null, null, null, null, null, null, null, null, null, null, null, null]"
wr_rka_pl_25,snapshot_istantoro_2022_mar_2026,RKA PL,25,"[null, ""BEBAN KNOWLEDGE  PROCESS OUTSOURCING"", null, null, null, null, null, null, null, null, null, null, null, null, null, null, null, null, null, null, null, null, null, null]"
wr_rka_pl_26,snapshot_istantoro_2022_mar_2026,RKA PL,26,"[null, ""BEBAN POKOK JASA PENDIDIKAN DAN PELATIHAN SATPAM"", "" 10,000,000 "", "" 13,701,807 "", "" 13,701,807 "", "" 21,429,163 "", "" 16,139,122 "", null, null, null, null, null, null, null, null, null, null, null, null, null, null, null, null, null]"
wr_rka_pl_27,snapshot_istantoro_2022_mar_2026,RKA PL,27,"[null, ""BEBAN POKOK JASA TRAINING"", "" 400,000 "", "" 1,871,988 "", "" 1,871,988 "", "" 8,230,680 "", "" 3,143,861 "", null, null, null, null, null, null, null, null, null, null, null, null, null, null, null, null, null]"
wr_rka_pl_28,snapshot_istantoro_2022_mar_2026,RKA PL,28,"[null, ""SUB JUMLAH BEBAN KPO"", "" 10,400,000 "", "" 15,573,795 "", "" 15,573,795 "", "" 29,659,843 "", "" 19,282,983 "", null, null, null, null, null, null, null, null, null, null, null, null, null, null, null, null, null]"
wr_rka_pl_29,snapshot_istantoro_2022_mar_2026,RKA PL,29,"[null, ""JUMLAH BEBAN"", "" 3,723,538,200 "", "" 3,676,772,730 "", "" 3,676,772,730 "", "" 4,517,566,301 "", "" 3,605,847,173 "", null, null, null, null, null, null, null, null, null, null, null, null, null, null, null, null, null]"
wr_rka_pl_30,snapshot_istantoro_2022_mar_2026,RKA PL,30,"[null, ""TOTAL LABA USAHA"", "" 322,858,800 "", "" 372,294,966 "", "" 372,294,966 "", "" 502,532,957 "", "" 297,613,927 "", null, null, null, null, null, null, null, null, null, null, null, null, null, null, null, null, null]"
wr_rka_pl_32,snapshot_istantoro_2022_mar_2026,RKA PL,32,"[null, ""JUMLAH BIAYA PEMASARAN"", "" 515,438 "", "" 2,500,000 "", "" 2,500,000 "", "" 4,088,543 "", "" 3,596,000 "", null, null, null, null, null, null, null, null, null, null, null, null, null, null, null, null, null]"
wr_rka_pl_34,snapshot_istantoro_2022_mar_2026,RKA PL,34,"[null, ""BIAYA ADMINISTRASI DAN UMUM"", null, null, null, null, null, null, null, null, null, null, null, null, null, null, null, null, null, null, null, null, null, null]"
wr_rka_pl_35,snapshot_istantoro_2022_mar_2026,RKA PL,35,"[null, ""BIAYA REMUNERASI PEKERJA"", "" 73,351,460 "", "" 76,440,000 "", "" 76,440,000 "", "" 78,550,704 "", "" 78,322,297 "", null, null, null, null, null, null, null, null, null, null, null, null, null, null, null, null, null]"
wr_rka_pl_36,snapshot_istantoro_2022_mar_2026,RKA PL,36,"[null, ""BIAYA TENAGA KERJA LAINNYA"", "" 53,218,912 "", "" 61,697,000 "", "" 61,697,000 "", "" 58,977,638 "", "" 40,511,807 "", null, null, null, null, null, null, null, null, null, null, null, null, null, null, null, null, null]"
wr_rka_pl_37,snapshot_istantoro_2022_mar_2026,RKA PL,37,"[null, ""BIAYA PENYUSUTAN AKTIVA TETAP"", "" 9,724,661 "", "" 14,000,000 "", "" 14,000,000 "", "" 8,782,335 "", "" 10,780,346 "", null, null, null, null, null, null, null, null, null, null, null, null, null, null, null, null, null]"
wr_rka_pl_38,snapshot_istantoro_2022_mar_2026,RKA PL,38,"[null, ""BIAYA TRANSPORTASI & PERJALANAN"", "" 2,298,136 "", "" 2,599,239 "", "" 2,599,239 "", "" 3,026,214 "", "" 2,778,764 "", null, null, null, null, null, null, null, null, null, null, null, null, null, null, null, null, null]"
wr_rka_pl_39,snapshot_istantoro_2022_mar_2026,RKA PL,39,"[null, ""BIAYA OPERASIONAL KANTOR"", "" 23,549,686 "", "" 35,154,000 "", "" 35,154,000 "", "" 66,816,683 "", "" 63,877,728 "", null, null, null, null, null, null, null, null, null, null, null, null, null, null, null, null, null]"
wr_rka_pl_40,snapshot_istantoro_2022_mar_2026,RKA PL,40,"[null, ""JUMLAH BIAYA ADMINISTRASI DAN UMUM"", "" 162,142,855 "", "" 189,890,239 "", "" 189,890,239 "", "" 216,153,575 "", "" 196,270,942 "", null, null, null, null, null, null, null, null, null, null, null, null, null, null, null, null, null]"
wr_rka_pl_41,snapshot_istantoro_2022_mar_2026,RKA PL,41,"[null, ""TOTAL LABA OPERASIONAL"", "" 160,200,507 "", "" 179,904,727 "", "" 179,904,727 "", "" 282,290,839 "", "" 97,746,985 "", null, null, null, null, null, null, null, null, null, null, null, null, null, null, null, null, null]"
wr_rka_pl_43,snapshot_istantoro_2022_mar_2026,RKA PL,43,"[null, ""PENDAPATAN NON OPERASIONAL"", "" 7,120,089 "", "" 10,339,669 "", "" 10,339,669 "", "" 18,658,957 "", "" 8,456,338 "", null, null, null, null, null, null, null, null, null, null, null, null, null, null, null, null, null]"
wr_rka_pl_44,snapshot_istantoro_2022_mar_2026,RKA PL,44,"[null, ""BIAYA NON OPERASIONAL"", "" (3,141,016)"", "" (2,093,814)"", "" (2,093,814)"", "" (922,204)"", "" (937,979)"", null, null, null, null, null, null, null, null, null, null, null, null, null, null, null, null, null]"
wr_rka_pl_45,snapshot_istantoro_2022_mar_2026,RKA PL,45,"[null, ""LABA SEBELUM PAJAK"", "" 164,179,580 "", "" 188,150,582 "", "" 188,150,582 "", "" 300,027,591 "", "" 105,265,344 "", null, null, null, null, null, null, null, null, null, null, null, null, null, null, null, null, null]"
wr_rka_pl_46,snapshot_istantoro_2022_mar_2026,RKA PL,46,"[null, ""BEBAN PAJAK"", null, null, null, null, "" -   "", null, null, null, null, null, null, null, null, null, null, null, null, null, null, null, null, null]"
wr_rka_pl_47,snapshot_istantoro_2022_mar_2026,RKA PL,47,"[null, ""LABA SETELAH PAJAK"", null, null, null, null, "" 105,265,344 "", null, null, null, null, null, null, null, null, null, null, null, null, null, null, null, null, null]"
wr_rka_biaya_ops_1,snapshot_istantoro_2022_mar_2026,RKA BIAYA OPS,1,"[""ISTANTORO HUMAN SOLUTIONS"", null, null, null, null, null, null, null, null, null, null]"
wr_rka_biaya_ops_2,snapshot_istantoro_2022_mar_2026,RKA BIAYA OPS,2,"[""BIAYA PEMASARAN"", null, null, null, null, null, null, null, null, null, null]"
wr_rka_biaya_ops_3,snapshot_istantoro_2022_mar_2026,RKA BIAYA OPS,3,"[""FEBRUARI 2026"", null, null, null, null, null, null, null, null, null, null]"
wr_rka_biaya_ops_5,snapshot_istantoro_2022_mar_2026,RKA BIAYA OPS,5,"[""KETERANGAN"", ""RKAP 2022"", null, ""RKAP 2023"", null, ""RKAP 2024"", null, ""RKAP 2025"", null, ""RKAP 2026"", null]"
wr_rka_biaya_ops_6,snapshot_istantoro_2022_mar_2026,RKA BIAYA OPS,6,"[null, ""TAHUNAN"", ""BULANAN"", ""TAHUNAN"", ""BULANAN"", ""TAHUNAN"", ""BULANAN"", ""TAHUNAN"", ""BULANAN"", ""TAHUNAN"", ""BULANAN""]"
wr_rka_biaya_ops_7,snapshot_istantoro_2022_mar_2026,RKA BIAYA OPS,7,"[""BIAYA PEMASARAN"", null, null, null, null, null, null, null, null, null, null]"
wr_rka_biaya_ops_8,snapshot_istantoro_2022_mar_2026,RKA BIAYA OPS,8,"[""BIAYA IKLAN, REKLAME & PAMERAN"", ""130,438"", "" 10,870 "", ""209,045"", "" 17,420 "", ""247,494"", "" 20,625 "", ""352,500"", "" 29,375 "", ""366,218"", "" 61,036 ""]"
wr_rka_biaya_ops_9,snapshot_istantoro_2022_mar_2026,RKA BIAYA OPS,9,"[""BIAYA PROMOSI"", ""15,000"", "" 1,250 "", ""310"", "" 26 "", ""784,000"", "" 65,333 "", ""715,000"", "" 59,583 "", ""411,287"", "" 68,548 ""]"
wr_rka_biaya_ops_10,snapshot_istantoro_2022_mar_2026,RKA BIAYA OPS,10,"[""BIAYA HUBUNGAN RELASI"", ""300,000"", "" 25,000 "", ""2,199,973"", "" 183,331 "", ""2,449,498"", "" 204,125 "", ""3,000,000"", "" 250,000 "", ""2,743,496"", "" 457,249 ""]"
wr_rka_biaya_ops_11,snapshot_istantoro_2022_mar_2026,RKA BIAYA OPS,11,"[""BIAYA HUMAS"", ""70,000"", "" 5,833 "", ""90,672"", "" 7,556 "", ""76,181"", "" 6,348 "", ""21,043"", "" 1,754 "", ""75,000"", "" 12,500 ""]"
wr_rka_biaya_ops_12,snapshot_istantoro_2022_mar_2026,RKA BIAYA OPS,12,"[""TOTAL BIAYA PEMASARAN"", ""515,438"", ""42,953"", ""2,500,000"", ""208,333"", ""3,557,173"", ""296,431"", ""4,088,543"", ""340,712"", ""3,596,000"", ""599,333""]"
wr_rka_biaya_ops_13,snapshot_istantoro_2022_mar_2026,RKA BIAYA OPS,13,"[null, null, null, null, null, null, null, null, null, ""383,027"", null]"
wr_rka_biaya_ops_14,snapshot_istantoro_2022_mar_2026,RKA BIAYA OPS,14,"[""BIAYA REMUNERASI PEKERJA"", null, null, null, null, null, null, null, null, null, null]"
wr_rka_biaya_ops_15,snapshot_istantoro_2022_mar_2026,RKA BIAYA OPS,15,"[""UPAH / GAJI"", ""21,277,857"", "" 1,773,155 "", ""23,165,113"", "" 1,930,426 "", ""31,951,920"", "" 2,662,660 "", ""35,672,910"", "" 2,972,742 "", ""34,077,200"", "" 5,679,533 ""]"
wr_rka_biaya_ops_16,snapshot_istantoro_2022_mar_2026,RKA BIAYA OPS,16,"[""TUNJANGAN KINERJA"", "" 12,681,074 "", "" 1,056,756 "", "" 13,040,422 "", "" 1,086,702 "", "" - "", "" -   "", "" - "", "" -   "", "" - "", "" -   ""]"
wr_rka_biaya_ops_17,snapshot_istantoro_2022_mar_2026,RKA BIAYA OPS,17,"[""TUNJANGAN PREMIUM"", ""14,383,069"", "" 1,198,589 "", ""14,711,447"", "" 1,225,954 "", ""11,523,480"", "" 960,290 "", ""12,492,600"", "" 1,041,050 "", ""13,042,383"", "" 2,173,731 ""]"
wr_rka_biaya_ops_18,snapshot_istantoro_2022_mar_2026,RKA BIAYA OPS,18,"[""TUNJANGAN JABATAN"", ""4,857,573"", "" 404,798 "", ""5,117,717"", "" 426,476 "", ""11,809,800"", "" 984,150 "", ""12,501,900"", "" 1,041,825 "", ""13,293,516"", "" 2,215,586 ""]"
wr_rka_biaya_ops_19,snapshot_istantoro_2022_mar_2026,RKA BIAYA OPS,19,"[""TUNJANGAN KHUSUS"", ""10,094,723"", "" 841,227 "", ""10,589,221"", "" 882,435 "", ""7,476,111"", "" 623,009 "", ""8,308,548"", "" 692,379 "", ""8,732,109"", "" 1,455,352 ""]"
wr_rka_biaya_ops_20,snapshot_istantoro_2022_mar_2026,RKA BIAYA OPS,20,"[""TUNJANGAN UANG LEMBUR"", ""2,399,229"", "" 199,936 "", ""1,934,615"", "" 161,218 "", ""128,663"", "" 10,722 "", ""205,861"", "" 17,155 "", ""248,357"", "" 41,393 ""]"
wr_rka_biaya_ops_21,snapshot_istantoro_2022_mar_2026,RKA BIAYA OPS,21,"[""TUNJANGAN CUTI "", ""4,288,009"", "" 357,334 "", ""3,489,150"", "" 290,762 "", ""4,538,357"", "" 378,196 "", ""4,853,906"", "" 404,492 "", ""4,258,742"", "" 709,790 ""]"
wr_rka_biaya_ops_22,snapshot_istantoro_2022_mar_2026,RKA BIAYA OPS,22,"[""TUNJANGAN PAJAK PASAL 21 "", ""3,369,926"", "" 280,827 "", ""4,392,314"", "" 366,026 "", ""4,174,867"", "" 347,906 "", ""4,514,980"", "" 376,248 "", ""4,669,988"", "" 778,331 ""]"
wr_rka_biaya_ops_23,snapshot_istantoro_2022_mar_2026,RKA BIAYA OPS,23,"[""JUMLAH BIAYA REMUNERASI PEKERJA"", ""73,351,460"", ""6,112,622"", ""76,440,000"", ""6,370,000"", ""71,603,198"", ""5,966,933"", ""78,550,704"", ""6,545,892"", ""78,322,297"", ""13,053,716""]"
wr_rka_biaya_ops_25,snapshot_istantoro_2022_mar_2026,RKA BIAYA OPS,25,"[""BIAYA TENAGA KERJA LAINNYA"", null, null, null, null, null, null, null, null, null, null]"
wr_rka_biaya_ops_26,snapshot_istantoro_2022_mar_2026,RKA BIAYA OPS,26,"[""TUNJANGAN DANA PENSIUN (DPLK)"", "" 5,387,800 "", "" 448,983 "", "" 6,431,178 "", "" 535,931 "", "" 7,047,309 "", "" 587,276 "", "" 7,003,905 "", "" 583,659 "", "" 6,346,444 "", "" 1,057,741 ""]"
wr_rka_biaya_ops_27,snapshot_istantoro_2022_mar_2026,RKA BIAYA OPS,27,"[""TUNJANGAN JAMSOSTEK"", "" 2,016,789 "", "" 168,066 "", "" 2,152,893 "", "" 179,408 "", "" 2,637,985 "", "" 219,832 "", "" 2,752,259 "", "" 229,355 "", "" 2,743,820 "", "" 457,303 ""]"
wr_rka_biaya_ops_28,snapshot_istantoro_2022_mar_2026,RKA BIAYA OPS,28,"[""BANTUAN UANG DUKA"", "" 24,000 "", "" 2,000 "", "" 110,000 "", "" 9,167 "", "" 132,000 "", "" 11,000 "", "" 100,000 "", "" 8,333 "", "" 68,463 "", "" 11,411 ""]"
wr_rka_biaya_ops_29,snapshot_istantoro_2022_mar_2026,RKA BIAYA OPS,29,"[""TUNJANGAN HARI RAYA KEAGAMAAN"", "" 9,563,659 "", "" 796,972 "", "" 10,520,025 "", "" 876,669 "", "" 9,276,715 "", "" 773,060 "", "" 9,649,227 "", "" 804,102 "", "" 10,598,588 "", "" 1,766,431 ""]"
wr_rka_biaya_ops_30,snapshot_istantoro_2022_mar_2026,RKA BIAYA OPS,30,"[""BPJS KESEHATAN"", "" 1,374,767 "", "" 114,564 "", "" 1,377,188 "", "" 114,766 "", "" 1,691,016 "", "" 140,918 "", "" 1,680,601 "", "" 140,050 "", "" 1,867,586 "", "" 311,264 ""]"
wr_rka_biaya_ops_31,snapshot_istantoro_2022_mar_2026,RKA BIAYA OPS,31,"[""REIMBURSEMENT PENGOBATAN NON RUTIN PEKERJA ORGANIK"", "" 1,916,375 "", "" 159,698 "", "" 2,724,900 "", "" 227,075 "", "" 2,662,660 "", "" 221,888 "", "" 2,896,242 "", "" 241,354 "", "" 2,972,968 "", "" 495,495 ""]"
wr_rka_biaya_ops_32,snapshot_istantoro_2022_mar_2026,RKA BIAYA OPS,32,"[""BIAYA IMBALAN PASCA KERJA"", "" 11,785,484 "", "" 982,124 "", "" 12,964,032 "", "" 1,080,336 "", "" 6,500,000 "", "" 541,667 "", "" -   "", "" -   "", "" -   "", "" -   ""]"
wr_rka_biaya_ops_33,snapshot_istantoro_2022_mar_2026,RKA BIAYA OPS,33,"[""BONUS"", "" 12,601,243 "", "" 1,050,104 "", "" 15,116,676 "", "" 1,259,723 "", "" 20,205,703 "", "" 1,683,809 "", "" 23,618,391 "", "" 1,968,199 "", "" 15,135,071 "", "" 2,522,512 ""]"
wr_rka_biaya_ops_34,snapshot_istantoro_2022_mar_2026,RKA BIAYA OPS,34,"[""INSENTIVE"", "" 7,048,796 "", "" 587,400 "", "" 8,800,107 "", "" 733,342 "", "" 10,423,726 "", "" 868,644 "", "" 9,785,533 "", "" 815,461 "", "" -   "", "" -   ""]"
wr_rka_biaya_ops_35,snapshot_istantoro_2022_mar_2026,RKA BIAYA OPS,35,"[""BIAYA KOMPENSASI"", "" 1,500,000 "", "" 125,000 "", "" 1,500,000 "", "" 125,000 "", "" 1,157,098 "", "" 96,425 "", "" 1,491,479 "", "" 124,290 "", "" 778,867 "", "" 129,811 ""]"
wr_rka_biaya_ops_36,snapshot_istantoro_2022_mar_2026,RKA BIAYA OPS,36,"[""JUMLAH BIAYA TENAGA KERJA LAINNYA"", "" 53,218,912 "", "" 4,434,909 "", "" 61,697,000 "", "" 5,141,417 "", "" 61,734,212 "", "" 5,144,518 "", "" 58,977,638 "", "" 4,914,803 "", "" 40,511,807 "", "" 6,751,968 ""]"
wr_rka_biaya_ops_38,snapshot_istantoro_2022_mar_2026,RKA BIAYA OPS,38,"[""BIAYA PENYUSUTAN AKTIVA TETAP"", null, null, null, null, null, null, null, null, null, null]"
wr_rka_biaya_ops_39,snapshot_istantoro_2022_mar_2026,RKA BIAYA OPS,39,"[""BIAYA PENYUSUTAN BANGUNAN"", "" 4,940,969 "", "" 411,747 "", "" 7,393,821 "", "" 616,152 "", "" 3,966,127 "", "" 330,511 "", "" 4,550,150 "", "" 379,179 "", "" 5,137,263 "", "" 856,211 ""]"
wr_rka_biaya_ops_40,snapshot_istantoro_2022_mar_2026,RKA BIAYA OPS,40,"[""BIAYA PENYUSUTAN KENDARAAN"", "" 1,599,720 "", "" 133,310 "", "" 1,885,396 "", "" 157,116 "", "" 359,659 "", "" 29,972 "", "" 446,609 "", "" 37,217 "", "" 819,158 "", "" 136,526 ""]"
wr_rka_biaya_ops_41,snapshot_istantoro_2022_mar_2026,RKA BIAYA OPS,41,"[""BIAYA PENYUSUTAN MESIN/PERALATAN KANTOR"", "" 2,303,044 "", "" 191,920 "", "" 2,999,052 "", "" 249,921 "", "" 2,771,330 "", "" 230,944 "", "" 2,770,833 "", "" 230,903 "", "" 3,870,232 "", "" 645,039 ""]"
wr_rka_biaya_ops_42,snapshot_istantoro_2022_mar_2026,RKA BIAYA OPS,42,"[""BIAYA PENYUSUTAN MEUBELAIR /FURNITURE KANTOR"", "" 880,929 "", "" 73,411 "", "" 1,721,731 "", "" 143,478 "", "" 1,467,226 "", "" 122,269 "", "" 1,014,743 "", "" 84,562 "", "" 953,693 "", "" 158,949 ""]"
wr_rka_biaya_ops_43,snapshot_istantoro_2022_mar_2026,RKA BIAYA OPS,43,"[""JUMLAH BIAYA PENYUSUTAN AKTIVA TETAP"", "" 9,724,661 "", "" 810,388 "", "" 14,000,000 "", "" 1,166,667 "", "" 8,564,342 "", "" 713,695 "", "" 8,782,335 "", "" 731,861 "", "" 10,780,346 "", "" 1,796,724 ""]"
wr_rka_biaya_ops_45,snapshot_istantoro_2022_mar_2026,RKA BIAYA OPS,45,"[""BIAYA PENYUSUTAN KENDARAAN"", null, null, null, null, null, null, null, null, null, null]"
wr_rka_biaya_ops_46,snapshot_istantoro_2022_mar_2026,RKA BIAYA OPS,46,"[""BIAYA TRANSPORTASI"", "" 6,626 "", "" 552 "", "" 25,990 "", "" 2,166 "", "" 1,056 "", "" 88 "", "" 3,030 "", "" 253 "", "" 8,801 "", "" 1,467 ""]"
wr_rka_biaya_ops_47,snapshot_istantoro_2022_mar_2026,RKA BIAYA OPS,47,"[""BIAYA PERJALANAN DINAS "", "" 2,291,510 "", "" 190,959 "", "" 2,573,249 "", "" 214,437 "", "" 2,101,653 "", "" 175,138 "", "" 3,023,184 "", "" 251,932 "", "" 2,769,963 "", "" 461,660 ""]"
wr_rka_biaya_ops_48,snapshot_istantoro_2022_mar_2026,RKA BIAYA OPS,48,"[""JUMLAH BIAYA TRANSPORTASI DAN PERJALANAN"", "" 2,298,136 "", "" 191,511 "", "" 2,599,239 "", "" 216,603 "", "" 2,102,710 "", "" 175,226 "", "" 3,026,214 "", "" 252,185 "", "" 2,778,764 "", "" 463,127 ""]"
wr_rka_biaya_ops_50,snapshot_istantoro_2022_mar_2026,RKA BIAYA OPS,50,"[""BIAYA OPERASIONAL KANTOR"", null, null, null, null, null, null, null, null, null, null]"
wr_rka_biaya_ops_51,snapshot_istantoro_2022_mar_2026,RKA BIAYA OPS,51,"[""BIAYA MATERAI"", "" 535,298,943 "", "" 44,608,245 "", "" 596,013 "", "" 49,668 "", "" 418,892 "", "" 34,908 "", "" 608,844 "", "" 50,737 "", "" 550,844 "", "" 91,807 ""]"
wr_rka_biaya_ops_52,snapshot_istantoro_2022_mar_2026,RKA BIAYA OPS,52,"[""BIAYA TELPON DAN FAXIMILE"", "" 916,277,469 "", "" 76,356,456 "", "" 1,045,613 "", "" 87,134 "", "" 1,150,174 "", "" 95,848 "", "" 988,463 "", "" 82,372 "", "" 1,471,778 "", "" 245,296 ""]"
wr_rka_biaya_ops_53,snapshot_istantoro_2022_mar_2026,RKA BIAYA OPS,53,"[""BIAYA EXPEDISI"", "" 474,213,778 "", "" 39,517,815 "", "" 636,154 "", "" 53,013 "", "" 699,769 "", "" 58,314 "", "" 578,357 "", "" 48,196 "", "" 511,753 "", "" 85,292 ""]"
wr_rka_biaya_ops_54,snapshot_istantoro_2022_mar_2026,RKA BIAYA OPS,54,"[""BIAYA ATK DAN FOTOCOPY"", "" 605,550,097 "", "" 50,462,508 "", "" 1,187,497 "", "" 98,958 "", "" 1,306,246 "", "" 108,854 "", "" 882,435 "", "" 73,536 "", "" 882,434 "", "" 147,072 ""]"
wr_rka_biaya_ops_55,snapshot_istantoro_2022_mar_2026,RKA BIAYA OPS,55,"[""BIAYA ADMINISTRASI TENDER"", "" 167,984,203 "", "" 13,998,684 "", "" 170,011 "", "" 14,168 "", "" 287,928 "", "" 23,994 "", "" 468,663 "", "" 39,055 "", "" 468,663 "", "" 78,110 ""]"
wr_rka_biaya_ops_56,snapshot_istantoro_2022_mar_2026,RKA BIAYA OPS,56,"[""BIAYA LISTRIK"", "" 1,354,649,085 "", "" 112,887,424 "", "" 1,601,294 "", "" 133,441 "", "" 1,761,423 "", "" 146,785 "", "" 1,758,680 "", "" 146,557 "", "" 1,758,680 "", "" 293,113 ""]"
wr_rka_biaya_ops_57,snapshot_istantoro_2022_mar_2026,RKA BIAYA OPS,57,"[""BIAYA RUMAH TANGGA"", "" 785,709,618 "", "" 65,475,801 "", "" 1,271,535 "", "" 105,961 "", "" 1,398,689 "", "" 116,557 "", "" 1,485,126 "", "" 123,761 "", "" 1,485,126 "", "" 247,521 ""]"
wr_rka_biaya_ops_58,snapshot_istantoro_2022_mar_2026,RKA BIAYA OPS,58,"[""BIAYA PERLENGKAPAN KANTOR"", "" 65,933,639 "", "" 5,494,470 "", "" 211,491 "", "" 17,624 "", "" 232,641 "", "" 19,387 "", "" 157,727 "", "" 13,144 "", "" 157,726 "", "" 26,288 ""]"
wr_rka_biaya_ops_59,snapshot_istantoro_2022_mar_2026,RKA BIAYA OPS,59,"[""BIAYA SEWA KENDARAAN"", "" 738,648,241 "", "" 61,554,020 "", "" 1,014,049 "", "" 84,504 "", "" 1,014,049 "", "" 84,504 "", "" 3,549,756 "", "" 295,813 "", "" 3,089,409 "", "" 514,902 ""]"
wr_rka_biaya_ops_60,snapshot_istantoro_2022_mar_2026,RKA BIAYA OPS,60,"[""BIAYA AMORTISASI SEWA KENDARAAN DIREKSI"", "" -   "", "" -   "", "" 632,500 "", "" 52,708 "", "" 948,750 "", "" 79,063 "", "" 783,333 "", "" 65,278 "", "" -   "", "" -   ""]"
wr_rka_biaya_ops_61,snapshot_istantoro_2022_mar_2026,RKA BIAYA OPS,61,"[""BIAYA SEWA KANTOR"", "" 746,645,575 "", "" 62,220,465 "", "" 3,147,767 "", "" 262,314 "", "" 5,036,427 "", "" 419,702 "", "" 3,184,506 "", "" 265,376 "", "" 2,500,000 "", "" 416,667 ""]"
wr_rka_biaya_ops_62,snapshot_istantoro_2022_mar_2026,RKA BIAYA OPS,62,"[""BIAYA PENDIDIKAN"", "" 1,534,798,519 "", "" 127,899,877 "", "" 1,710,000 "", "" 142,500 "", "" 5,378,000 "", "" 448,167 "", "" 6,184,700 "", "" 515,392 "", "" 6,329,290 "", "" 1,054,882 ""]"
wr_rka_biaya_ops_63,snapshot_istantoro_2022_mar_2026,RKA BIAYA OPS,63,"[""BIAYA REKRUTMEN PEG ORGANIK"", "" 40,187,608 "", "" 3,348,967 "", "" 41,730 "", "" 3,478 "", "" 76,800 "", "" 6,400 "", "" 115,200 "", "" 9,600 "", "" 115,200 "", "" 19,200 ""]"
wr_rka_biaya_ops_64,snapshot_istantoro_2022_mar_2026,RKA BIAYA OPS,64,"[""BIAYA RAPAT"", "" 144,541,565 "", "" 12,045,130 "", "" 322,393 "", "" 26,866 "", "" 419,110 "", "" 34,926 "", "" 392,317 "", "" 32,693 "", "" 471,722 "", "" 78,620 ""]"
wr_rka_biaya_ops_65,snapshot_istantoro_2022_mar_2026,RKA BIAYA OPS,65,"[""BIAYA PEMELIHARAAN BARANG/BANGUNAN"", "" 434,023,035 "", "" 36,168,586 "", "" 877,803 "", "" 73,150 "", "" 877,803 "", "" 73,150 "", "" 1,446,057 "", "" 120,505 "", "" 1,640,427 "", "" 273,405 ""]"
wr_rka_biaya_ops_66,snapshot_istantoro_2022_mar_2026,RKA BIAYA OPS,66,"[""BIAYA PEMBELIAN PERALATAN BISNIS"", "" -   "", "" -   "", "" -   "", "" -   "", "" -   "", "" -   "", "" -   "", "" -   "", "" -   "", "" -   ""]"
wr_rka_biaya_ops_67,snapshot_istantoro_2022_mar_2026,RKA BIAYA OPS,67,"[""BIAYA PERAWATAN HARDWARE & SOFTWARE"", "" 846,407,454 "", "" 70,533,955 "", "" 296,092 "", "" 24,674 "", "" 296,092 "", "" 24,674 "", "" 265,292 "", "" 22,108 "", "" 144,133 "", "" 24,022 ""]"
wr_rka_biaya_ops_68,snapshot_istantoro_2022_mar_2026,RKA BIAYA OPS,68,"[""BIAYA PEMELIHARAAN MOBIL DINAS"", "" 719,221,511 "", "" 59,935,126 "", "" 686,013 "", "" 57,168 "", "" 754,615 "", "" 62,885 "", "" 754,615 "", "" 62,885 "", "" 754,615 "", "" 125,769 ""]"
wr_rka_biaya_ops_69,snapshot_istantoro_2022_mar_2026,RKA BIAYA OPS,69,"[""BIAYA TRANSPORTASI OPERASIONAL"", "" 964,502,599 "", "" 80,375,217 "", "" 1,331,046 "", "" 110,920 "", "" 1,597,255 "", "" 133,105 "", "" 1,625,430 "", "" 135,453 "", "" 1,870,350 "", "" 311,725 ""]"
wr_rka_biaya_ops_70,snapshot_istantoro_2022_mar_2026,RKA BIAYA OPS,70,"[""BIAYA PEMELIHARAAN SPD MOTOR DINAS"", "" 22,811,692 "", "" 1,900,974 "", "" 28,774 "", "" 2,398 "", "" 37,406 "", "" 3,117 "", "" 29,224 "", "" 2,435 "", "" 29,224 "", "" 4,871 ""]"
wr_rka_biaya_ops_71,snapshot_istantoro_2022_mar_2026,RKA BIAYA OPS,71,"[""BIAYA HONORARIUM KONSULTAN"", "" 1,639,654,419 "", "" 136,637,868 "", "" 2,115,647 "", "" 176,304 "", "" 2,538,776 "", "" 211,565 "", "" 2,792,654 "", "" 232,721 "", "" 1,396,327 "", "" 232,721 ""]"
wr_rka_biaya_ops_72,snapshot_istantoro_2022_mar_2026,RKA BIAYA OPS,72,"[""BIAYA KEAMANAN"", "" 38,506,440 "", "" 3,208,870 "", "" 57,420 "", "" 4,785 "", "" 57,420 "", "" 4,785 "", "" 38,366 "", "" 3,197 "", "" 43,799 "", "" 7,300 ""]"
wr_rka_biaya_ops_73,snapshot_istantoro_2022_mar_2026,RKA BIAYA OPS,73,"[""BIAYA KEBERSIHAN"", "" 36,168,847 "", "" 3,014,071 "", "" 69,509 "", "" 5,792 "", "" 83,411 "", "" 6,951 "", "" 60,882 "", "" 5,074 "", "" 103,428 "", "" 17,238 ""]"
wr_rka_biaya_ops_74,snapshot_istantoro_2022_mar_2026,RKA BIAYA OPS,74,"[""BIAYA PENDIRIAN"", "" -   "", "" -   "", "" -   "", "" -   "", "" -   "", "" -   "", "" -   "", "" -   "", "" -   "", "" -   ""]"
wr_rka_biaya_ops_75,snapshot_istantoro_2022_mar_2026,RKA BIAYA OPS,75,"[""BIAYA SERAGAM DINAS"", "" 228,265,615 "", "" 19,022,135 "", "" 371,071 "", "" 30,923 "", "" 408,178 "", "" 34,015 "", "" 358,178 "", "" 29,848 "", "" 58,000 "", "" 9,667 ""]"
wr_rka_biaya_ops_76,snapshot_istantoro_2022_mar_2026,RKA BIAYA OPS,76,"[""BIAYA PREMI ASURANSI BARANG"", "" 361,688,475 "", "" 30,140,706 "", "" 118,218 "", "" 9,852 "", "" 153,684 "", "" 12,807 "", "" 153,684 "", "" 12,807 "", "" 496,773 "", "" 82,796 ""]"
wr_rka_biaya_ops_77,snapshot_istantoro_2022_mar_2026,RKA BIAYA OPS,77,"[""BIAYA PERIJINAN"", "" 401,876,083 "", "" 33,489,674 "", "" 676,349 "", "" 56,362 "", "" 552,757 "", "" 46,063 "", "" 720,828 "", "" 60,069 "", "" 455,375 "", "" 75,896 ""]"
wr_rka_biaya_ops_78,snapshot_istantoro_2022_mar_2026,RKA BIAYA OPS,78,"[""BIAYA JASMANI DAN ROHANI"", "" 160,750,433 "", "" 13,395,869 "", "" 155,893 "", "" 12,991 "", "" 311,785 "", "" 25,982 "", "" 292,696 "", "" 24,391 "", "" 482,902 "", "" 80,484 ""]"
wr_rka_biaya_ops_79,snapshot_istantoro_2022_mar_2026,RKA BIAYA OPS,79,"[""BIAYA PAJAK"", "" 241,125,650 "", "" 20,093,804 "", "" 7,414,770 "", "" 617,898 "", "" 11,000,000 "", "" 916,667 "", "" 12,000,000 "", "" 1,000,000 "", "" 12,028,800 "", "" 2,004,800 ""]"
wr_rka_biaya_ops_80,snapshot_istantoro_2022_mar_2026,RKA BIAYA OPS,80,"[""BEBAN KEGIATAN SOSIAL"", "" 1,607,504,332 "", "" 133,958,694 "", "" 700,000 "", "" 58,333 "", "" 910,000 "", "" 75,833 "", "" 689,600 "", "" 57,467 "", "" 354,952 "", "" 59,159 ""]"
wr_rka_biaya_ops_81,snapshot_istantoro_2022_mar_2026,RKA BIAYA OPS,81,"[""BIAYA PENGHAPUSAN PIUTANG"", "" 6,773,846,430 "", "" 564,487,203 "", "" 5,910,000 "", "" 492,500 "", "" 6,500,000 "", "" 541,667 "", "" 7,500,000 "", "" 625,000 "", "" 7,500,001 "", "" 1,250,000 ""]"
wr_rka_biaya_ops_82,snapshot_istantoro_2022_mar_2026,RKA BIAYA OPS,82,"[""BIAYA OS KANTOR"", null, null, "" -   "", "" -   "", "" 14,599,599 "", "" 1,216,633 "", "" 16,087,931 "", "" 1,340,661 "", "" 16,087,931 "", "" 2,681,322 ""]"
wr_rka_biaya_ops_83,snapshot_istantoro_2022_mar_2026,RKA BIAYA OPS,83,"[""BIAYA OPERASIONAL LAINNYA"", "" 803,752,166 "", "" 66,979,347 "", "" 59,119 "", "" 4,927 "", "" 59,119 "", "" 4,927 "", "" 38,141 "", "" 3,178 "", "" 21,816 "", "" 3,636 ""]"
wr_rka_biaya_ops_84,snapshot_istantoro_2022_mar_2026,RKA BIAYA OPS,84,"[""BIAYA KERUGIAN FRAUD"", "" -   "", "" -   "", "" 54,000 "", "" 4,500 "", "" 54,000 "", "" 4,500 "", "" -   "", "" -   "", "" -   "", "" -   ""]"
wr_rka_biaya_ops_85,snapshot_istantoro_2022_mar_2026,RKA BIAYA OPS,85,"[""BIAYA PULSA"", null, null, "" 500,000 "", "" 41,667 "", "" 750,000 "", "" 62,500 "", "" 825,000 "", "" 68,750 "", "" 616,250 "", "" 102,708 ""]"
wr_rka_biaya_ops_86,snapshot_istantoro_2022_mar_2026,RKA BIAYA OPS,86,"[""JUMLAH BIAYA OPERASIONAL KANTOR"", "" 23,390,543,521 "", "" 1,949,211,960 "", "" 35,009,771 "", "" 2,917,481 "", "" 61,670,798 "", "" 5,139,233 "", "" 66,816,683 "", "" 5,568,057 "", "" 63,877,728 "", "" 10,646,288 ""]"
wr_rka_biaya_ops_88,snapshot_istantoro_2022_mar_2026,RKA BIAYA OPS,88,"[""PENDAPATAN NON OPERASIONAL"", null, null, null, null, null, null, null, null, null, null]"
wr_rka_biaya_ops_89,snapshot_istantoro_2022_mar_2026,RKA BIAYA OPS,89,"[""PENDAPATAN JASA GIRO"", "" 2,383,834 "", "" 198,653 "", "" 5,603,414 "", "" 466,951 "", "" 1,735,786 "", "" 144,649 "", "" 2,567,713 "", "" 213,976 "", "" 1,163,701 "", "" 193,950 ""]"
wr_rka_biaya_ops_90,snapshot_istantoro_2022_mar_2026,RKA BIAYA OPS,90,"[""PENDAPATAN LAIN-LAIN"", "" -   "", "" -   "", "" -   "", "" -   "", "" 2,626,218 "", "" 218,851 "", "" 3,884,911 "", "" 323,743 "", "" 1,760,662 "", "" 293,444 ""]"
wr_rka_biaya_ops_91,snapshot_istantoro_2022_mar_2026,RKA BIAYA OPS,91,"[""PENDAPATAN BUNGA DEPOSITO"", "" 4,736,255 "", "" 394,688 "", "" 4,736,255 "", "" 394,688 "", "" 9,007,996 "", "" 750,666 "", "" 12,206,333 "", "" 1,017,194 "", "" 5,531,975 "", "" 921,996 ""]"
wr_rka_biaya_ops_92,snapshot_istantoro_2022_mar_2026,RKA BIAYA OPS,92,"[""JUMLAH PENDAPATAN NON OPERASIONAL"", "" 7,120,089 "", "" 593,341 "", "" 10,339,669 "", "" 861,639 "", "" 13,370,000 "", "" 1,114,167 "", "" 18,658,957 "", "" 1,554,913 "", "" 8,456,338 "", "" 1,409,390 ""]"
wr_rka_biaya_ops_94,snapshot_istantoro_2022_mar_2026,RKA BIAYA OPS,94,"[""BIAYA NON OPERASIONAL"", null, null, null, null, null, null, null, null, null, null]"
wr_rka_biaya_ops_95,snapshot_istantoro_2022_mar_2026,RKA BIAYA OPS,95,"[""BEBAN BUNGA PINJAMAN"", "" 2,924,504 "", "" 243,709 "", "" 1,414,280 "", "" 117,857 "", "" 1,203,300 "", "" 100,275 "", "" 379,929 "", "" 31,661 "", "" 386,428 "", "" 64,405 ""]"
wr_rka_biaya_ops_96,snapshot_istantoro_2022_mar_2026,RKA BIAYA OPS,96,"[""BIAYA ADM BANK"", "" 216,512 "", "" 18,043 "", "" 679,534 "", "" 56,628 "", "" 233,626 "", "" 19,469 "", "" 266,769 "", "" 22,231 "", "" 271,332 "", "" 45,222 ""]"
wr_rka_biaya_ops_97,snapshot_istantoro_2022_mar_2026,RKA BIAYA OPS,97,"[""PENDAPATAN/KERUGIAN PENGHAPUSAN ASET"", null, null, null, null, "" 323,792 "", "" 26,983 "", "" -   "", "" -   "", "" -   "", "" -   ""]"
wr_rka_biaya_ops_98,snapshot_istantoro_2022_mar_2026,RKA BIAYA OPS,98,"[""PAJAK ATAS JASA GIRO"", null, null, null, null, "" 401,100 "", "" 33,425 "", "" 275,506 "", "" 22,959 "", "" 280,219 "", "" 46,703 ""]"
wr_rka_biaya_ops_99,snapshot_istantoro_2022_mar_2026,RKA BIAYA OPS,99,"[""JUMLAH BIAYA NON OPERASIONAL"", "" 3,141,016 "", "" 261,751 "", "" 2,093,814 "", "" 174,485 "", "" 2,161,818 "", "" 180,152 "", "" 922,204 "", "" 76,850 "", "" 937,979 "", "" 156,330 ""]"
